ISO-10303-21;
HEADER;
/* Generated by software containing ST-Developer
 * from STEP Tools, Inc. (www.steptools.com) 
 */

FILE_DESCRIPTION(
/* description */ (''),
/* implementation_level */ '2;1');

FILE_NAME(
/* name */ '[MAIN] Case Stand v42.step',
/* time_stamp */ '2025-10-21T01:18:33+08:00',
/* author */ (''),
/* organization */ (''),
/* preprocessor_version */ 'ST-DEVELOPER v20.1',
/* originating_system */ 'Autodesk Translation Framework v14.17.0.0',
/* authorisation */ '');

FILE_SCHEMA (('AUTOMOTIVE_DESIGN { 1 0 10303 214 3 1 1 }'));
ENDSEC;

DATA;
#10=MECHANICAL_DESIGN_GEOMETRIC_PRESENTATION_REPRESENTATION('',(#17,#18),
#2986);
#11=SHAPE_REPRESENTATION_RELATIONSHIP('SRR','None',#2993,#12);
#12=ADVANCED_BREP_SHAPE_REPRESENTATION('',(#19,#20),#2985);
#13=(
BOUNDED_SURFACE()
B_SPLINE_SURFACE(1,2,((#2949,#2950,#2951),(#2952,#2953,#2954)),
 .UNSPECIFIED.,.F.,.F.,.F.)
B_SPLINE_SURFACE_WITH_KNOTS((2,2),(3,3),(-6.37850061340284E-16,0.471404520791033),
(-1.5707963267949,-2.77555756156289E-16),.UNSPECIFIED.)
GEOMETRIC_REPRESENTATION_ITEM()
RATIONAL_B_SPLINE_SURFACE(((1.,0.707106781186547,1.),(1.,0.707106781186547,
1.)))
REPRESENTATION_ITEM('')
SURFACE()
);
#14=(
BOUNDED_SURFACE()
B_SPLINE_SURFACE(1,2,((#2962,#2963,#2964),(#2965,#2966,#2967)),
 .UNSPECIFIED.,.F.,.F.,.F.)
B_SPLINE_SURFACE_WITH_KNOTS((2,2),(3,3),(-6.45682610541271E-16,0.471404520791033),
(-7.40148683083434E-17,1.5707963267949),.UNSPECIFIED.)
GEOMETRIC_REPRESENTATION_ITEM()
RATIONAL_B_SPLINE_SURFACE(((1.,0.707106781186547,1.),(1.,0.707106781186547,
1.)))
REPRESENTATION_ITEM('')
SURFACE()
);
#15=CONICAL_SURFACE('',#1877,1.375,0.785398163397447);
#16=CONICAL_SURFACE('',#1879,1.375,0.785398163397447);
#17=STYLED_ITEM('',(#3003),#19);
#18=STYLED_ITEM('',(#3003),#20);
#19=MANIFOLD_SOLID_BREP('CaseStandRight',#1739);
#20=MANIFOLD_SOLID_BREP('CaseStandLeft',#1740);
#21=FACE_BOUND('',#233,.T.);
#22=FACE_BOUND('',#234,.T.);
#23=FACE_BOUND('',#235,.T.);
#24=FACE_BOUND('',#236,.T.);
#25=FACE_BOUND('',#239,.T.);
#26=FACE_BOUND('',#240,.T.);
#27=FACE_BOUND('',#273,.T.);
#28=FACE_BOUND('',#274,.T.);
#29=FACE_BOUND('',#275,.T.);
#30=FACE_BOUND('',#276,.T.);
#31=FACE_BOUND('',#277,.T.);
#32=FACE_BOUND('',#278,.T.);
#33=FACE_BOUND('',#279,.T.);
#34=FACE_BOUND('',#280,.T.);
#35=FACE_BOUND('',#284,.T.);
#36=FACE_BOUND('',#285,.T.);
#37=FACE_BOUND('',#291,.T.);
#38=FACE_BOUND('',#293,.T.);
#39=FACE_BOUND('',#326,.T.);
#40=ELLIPSE('',#1760,3.01652483869055,3.);
#41=ELLIPSE('',#1763,3.01652483869059,3.);
#42=ELLIPSE('',#1807,3.8602786976791,3.);
#43=ELLIPSE('',#1810,3.8602786976791,3.);
#44=ELLIPSE('',#1866,4.24264068711928,3.);
#45=ELLIPSE('',#1867,3.01652483869055,3.);
#46=ELLIPSE('',#1868,3.01652483869059,3.);
#47=ELLIPSE('',#1869,3.01652483869055,3.);
#48=ELLIPSE('',#1870,3.01652483869055,3.);
#49=ELLIPSE('',#1871,4.24264068711928,3.);
#50=ELLIPSE('',#1897,2.01101655912703,2.);
#51=ELLIPSE('',#1898,2.57351913178633,2.);
#52=ELLIPSE('',#1901,2.57351913178633,2.);
#53=ELLIPSE('',#1902,2.01101655912703,2.);
#54=ELLIPSE('',#1904,1.28675956589317,0.999999999999999);
#55=ELLIPSE('',#1905,1.28675956589316,0.999999999999999);
#56=ELLIPSE('',#1908,1.28675956589317,1.);
#57=ELLIPSE('',#1909,1.28675956589317,1.);
#58=ELLIPSE('',#1912,1.28675956589317,1.);
#59=ELLIPSE('',#1915,1.28675956589317,1.);
#60=ELLIPSE('',#1918,4.24264068711928,3.);
#61=ELLIPSE('',#1920,3.57528539039794,2.25);
#62=ELLIPSE('',#1921,3.57528539039794,2.25);
#63=ELLIPSE('',#1923,3.57528539039794,2.25);
#64=ELLIPSE('',#1924,3.57528539039794,2.25);
#65=ELLIPSE('',#1927,4.24264068711928,3.);
#66=CYLINDRICAL_SURFACE('',#1759,3.);
#67=CYLINDRICAL_SURFACE('',#1762,3.);
#68=CYLINDRICAL_SURFACE('',#1767,1.6);
#69=CYLINDRICAL_SURFACE('',#1771,1.6);
#70=CYLINDRICAL_SURFACE('',#1775,1.6);
#71=CYLINDRICAL_SURFACE('',#1779,1.6);
#72=CYLINDRICAL_SURFACE('',#1784,2.59999999999998);
#73=CYLINDRICAL_SURFACE('',#1787,2.60000000000001);
#74=CYLINDRICAL_SURFACE('',#1793,2.59999999999998);
#75=CYLINDRICAL_SURFACE('',#1796,2.60000000000002);
#76=CYLINDRICAL_SURFACE('',#1816,2.60000000000002);
#77=CYLINDRICAL_SURFACE('',#1820,2.59999999999998);
#78=CYLINDRICAL_SURFACE('',#1825,2.60000000000001);
#79=CYLINDRICAL_SURFACE('',#1829,2.59999999999998);
#80=CYLINDRICAL_SURFACE('',#1833,1.6);
#81=CYLINDRICAL_SURFACE('',#1837,1.6);
#82=CYLINDRICAL_SURFACE('',#1841,1.6);
#83=CYLINDRICAL_SURFACE('',#1845,1.6);
#84=CYLINDRICAL_SURFACE('',#1849,1.6);
#85=CYLINDRICAL_SURFACE('',#1853,1.6);
#86=CYLINDRICAL_SURFACE('',#1857,1.6);
#87=CYLINDRICAL_SURFACE('',#1861,1.6);
#88=CYLINDRICAL_SURFACE('',#1881,1.5);
#89=CYLINDRICAL_SURFACE('',#1883,1.5);
#90=CYLINDRICAL_SURFACE('',#1896,2.);
#91=CYLINDRICAL_SURFACE('',#1900,2.);
#92=CYLINDRICAL_SURFACE('',#1903,0.999999999999999);
#93=CYLINDRICAL_SURFACE('',#1907,1.);
#94=CYLINDRICAL_SURFACE('',#1911,1.);
#95=CYLINDRICAL_SURFACE('',#1914,1.);
#96=CYLINDRICAL_SURFACE('',#1917,3.);
#97=CYLINDRICAL_SURFACE('',#1919,2.25);
#98=CYLINDRICAL_SURFACE('',#1922,2.25);
#99=CYLINDRICAL_SURFACE('',#1926,3.);
#100=CYLINDRICAL_SURFACE('',#1928,3.);
#101=CYLINDRICAL_SURFACE('',#1934,3.);
#102=CYLINDRICAL_SURFACE('',#1936,3.);
#103=CYLINDRICAL_SURFACE('',#1940,3.);
#104=FACE_OUTER_BOUND('',#207,.T.);
#105=FACE_OUTER_BOUND('',#208,.T.);
#106=FACE_OUTER_BOUND('',#209,.T.);
#107=FACE_OUTER_BOUND('',#210,.T.);
#108=FACE_OUTER_BOUND('',#211,.T.);
#109=FACE_OUTER_BOUND('',#212,.T.);
#110=FACE_OUTER_BOUND('',#213,.T.);
#111=FACE_OUTER_BOUND('',#214,.T.);
#112=FACE_OUTER_BOUND('',#215,.T.);
#113=FACE_OUTER_BOUND('',#216,.T.);
#114=FACE_OUTER_BOUND('',#217,.T.);
#115=FACE_OUTER_BOUND('',#218,.T.);
#116=FACE_OUTER_BOUND('',#219,.T.);
#117=FACE_OUTER_BOUND('',#220,.T.);
#118=FACE_OUTER_BOUND('',#221,.T.);
#119=FACE_OUTER_BOUND('',#222,.T.);
#120=FACE_OUTER_BOUND('',#223,.T.);
#121=FACE_OUTER_BOUND('',#224,.T.);
#122=FACE_OUTER_BOUND('',#225,.T.);
#123=FACE_OUTER_BOUND('',#226,.T.);
#124=FACE_OUTER_BOUND('',#227,.T.);
#125=FACE_OUTER_BOUND('',#228,.T.);
#126=FACE_OUTER_BOUND('',#229,.T.);
#127=FACE_OUTER_BOUND('',#230,.T.);
#128=FACE_OUTER_BOUND('',#231,.T.);
#129=FACE_OUTER_BOUND('',#232,.T.);
#130=FACE_OUTER_BOUND('',#237,.T.);
#131=FACE_OUTER_BOUND('',#238,.T.);
#132=FACE_OUTER_BOUND('',#241,.T.);
#133=FACE_OUTER_BOUND('',#242,.T.);
#134=FACE_OUTER_BOUND('',#243,.T.);
#135=FACE_OUTER_BOUND('',#244,.T.);
#136=FACE_OUTER_BOUND('',#245,.T.);
#137=FACE_OUTER_BOUND('',#246,.T.);
#138=FACE_OUTER_BOUND('',#247,.T.);
#139=FACE_OUTER_BOUND('',#248,.T.);
#140=FACE_OUTER_BOUND('',#249,.T.);
#141=FACE_OUTER_BOUND('',#250,.T.);
#142=FACE_OUTER_BOUND('',#251,.T.);
#143=FACE_OUTER_BOUND('',#252,.T.);
#144=FACE_OUTER_BOUND('',#253,.T.);
#145=FACE_OUTER_BOUND('',#254,.T.);
#146=FACE_OUTER_BOUND('',#255,.T.);
#147=FACE_OUTER_BOUND('',#256,.T.);
#148=FACE_OUTER_BOUND('',#257,.T.);
#149=FACE_OUTER_BOUND('',#258,.T.);
#150=FACE_OUTER_BOUND('',#259,.T.);
#151=FACE_OUTER_BOUND('',#260,.T.);
#152=FACE_OUTER_BOUND('',#261,.T.);
#153=FACE_OUTER_BOUND('',#262,.T.);
#154=FACE_OUTER_BOUND('',#263,.T.);
#155=FACE_OUTER_BOUND('',#264,.T.);
#156=FACE_OUTER_BOUND('',#265,.T.);
#157=FACE_OUTER_BOUND('',#266,.T.);
#158=FACE_OUTER_BOUND('',#267,.T.);
#159=FACE_OUTER_BOUND('',#268,.T.);
#160=FACE_OUTER_BOUND('',#269,.T.);
#161=FACE_OUTER_BOUND('',#270,.T.);
#162=FACE_OUTER_BOUND('',#271,.T.);
#163=FACE_OUTER_BOUND('',#272,.T.);
#164=FACE_OUTER_BOUND('',#281,.T.);
#165=FACE_OUTER_BOUND('',#282,.T.);
#166=FACE_OUTER_BOUND('',#283,.T.);
#167=FACE_OUTER_BOUND('',#286,.T.);
#168=FACE_OUTER_BOUND('',#287,.T.);
#169=FACE_OUTER_BOUND('',#288,.T.);
#170=FACE_OUTER_BOUND('',#289,.T.);
#171=FACE_OUTER_BOUND('',#290,.T.);
#172=FACE_OUTER_BOUND('',#292,.T.);
#173=FACE_OUTER_BOUND('',#294,.T.);
#174=FACE_OUTER_BOUND('',#295,.T.);
#175=FACE_OUTER_BOUND('',#296,.T.);
#176=FACE_OUTER_BOUND('',#297,.T.);
#177=FACE_OUTER_BOUND('',#298,.T.);
#178=FACE_OUTER_BOUND('',#299,.T.);
#179=FACE_OUTER_BOUND('',#300,.T.);
#180=FACE_OUTER_BOUND('',#301,.T.);
#181=FACE_OUTER_BOUND('',#302,.T.);
#182=FACE_OUTER_BOUND('',#303,.T.);
#183=FACE_OUTER_BOUND('',#304,.T.);
#184=FACE_OUTER_BOUND('',#305,.T.);
#185=FACE_OUTER_BOUND('',#306,.T.);
#186=FACE_OUTER_BOUND('',#307,.T.);
#187=FACE_OUTER_BOUND('',#308,.T.);
#188=FACE_OUTER_BOUND('',#309,.T.);
#189=FACE_OUTER_BOUND('',#310,.T.);
#190=FACE_OUTER_BOUND('',#311,.T.);
#191=FACE_OUTER_BOUND('',#312,.T.);
#192=FACE_OUTER_BOUND('',#313,.T.);
#193=FACE_OUTER_BOUND('',#314,.T.);
#194=FACE_OUTER_BOUND('',#315,.T.);
#195=FACE_OUTER_BOUND('',#316,.T.);
#196=FACE_OUTER_BOUND('',#317,.T.);
#197=FACE_OUTER_BOUND('',#318,.T.);
#198=FACE_OUTER_BOUND('',#319,.T.);
#199=FACE_OUTER_BOUND('',#320,.T.);
#200=FACE_OUTER_BOUND('',#321,.T.);
#201=FACE_OUTER_BOUND('',#322,.T.);
#202=FACE_OUTER_BOUND('',#323,.T.);
#203=FACE_OUTER_BOUND('',#324,.T.);
#204=FACE_OUTER_BOUND('',#325,.T.);
#205=FACE_OUTER_BOUND('',#327,.T.);
#206=FACE_OUTER_BOUND('',#328,.T.);
#207=EDGE_LOOP('',(#1095,#1096,#1097,#1098,#1099,#1100));
#208=EDGE_LOOP('',(#1101,#1102,#1103));
#209=EDGE_LOOP('',(#1104,#1105,#1106,#1107));
#210=EDGE_LOOP('',(#1108,#1109,#1110,#1111));
#211=EDGE_LOOP('',(#1112,#1113,#1114,#1115));
#212=EDGE_LOOP('',(#1116,#1117,#1118,#1119));
#213=EDGE_LOOP('',(#1120,#1121,#1122,#1123));
#214=EDGE_LOOP('',(#1124));
#215=EDGE_LOOP('',(#1125,#1126,#1127,#1128));
#216=EDGE_LOOP('',(#1129));
#217=EDGE_LOOP('',(#1130,#1131,#1132,#1133));
#218=EDGE_LOOP('',(#1134));
#219=EDGE_LOOP('',(#1135,#1136,#1137,#1138));
#220=EDGE_LOOP('',(#1139));
#221=EDGE_LOOP('',(#1140,#1141,#1142,#1143));
#222=EDGE_LOOP('',(#1144,#1145,#1146,#1147));
#223=EDGE_LOOP('',(#1148,#1149,#1150,#1151));
#224=EDGE_LOOP('',(#1152,#1153,#1154,#1155));
#225=EDGE_LOOP('',(#1156,#1157,#1158,#1159));
#226=EDGE_LOOP('',(#1160,#1161,#1162,#1163));
#227=EDGE_LOOP('',(#1164,#1165,#1166,#1167));
#228=EDGE_LOOP('',(#1168,#1169,#1170,#1171));
#229=EDGE_LOOP('',(#1172,#1173,#1174,#1175));
#230=EDGE_LOOP('',(#1176,#1177,#1178,#1179));
#231=EDGE_LOOP('',(#1180,#1181,#1182,#1183));
#232=EDGE_LOOP('',(#1184,#1185,#1186,#1187,#1188,#1189,#1190,#1191,#1192,
#1193));
#233=EDGE_LOOP('',(#1194));
#234=EDGE_LOOP('',(#1195));
#235=EDGE_LOOP('',(#1196));
#236=EDGE_LOOP('',(#1197));
#237=EDGE_LOOP('',(#1198,#1199,#1200,#1201));
#238=EDGE_LOOP('',(#1202,#1203,#1204,#1205));
#239=EDGE_LOOP('',(#1206,#1207,#1208,#1209));
#240=EDGE_LOOP('',(#1210,#1211,#1212,#1213));
#241=EDGE_LOOP('',(#1214,#1215,#1216,#1217,#1218,#1219,#1220));
#242=EDGE_LOOP('',(#1221,#1222,#1223,#1224,#1225,#1226,#1227));
#243=EDGE_LOOP('',(#1228,#1229,#1230,#1231));
#244=EDGE_LOOP('',(#1232,#1233,#1234,#1235,#1236,#1237,#1238,#1239,#1240,
#1241,#1242,#1243,#1244,#1245,#1246,#1247,#1248,#1249));
#245=EDGE_LOOP('',(#1250,#1251,#1252,#1253));
#246=EDGE_LOOP('',(#1254,#1255,#1256,#1257));
#247=EDGE_LOOP('',(#1258,#1259,#1260,#1261));
#248=EDGE_LOOP('',(#1262,#1263,#1264,#1265));
#249=EDGE_LOOP('',(#1266,#1267,#1268,#1269));
#250=EDGE_LOOP('',(#1270,#1271,#1272,#1273));
#251=EDGE_LOOP('',(#1274,#1275,#1276,#1277));
#252=EDGE_LOOP('',(#1278,#1279,#1280,#1281));
#253=EDGE_LOOP('',(#1282,#1283,#1284,#1285));
#254=EDGE_LOOP('',(#1286,#1287,#1288,#1289));
#255=EDGE_LOOP('',(#1290,#1291,#1292,#1293));
#256=EDGE_LOOP('',(#1294,#1295,#1296,#1297));
#257=EDGE_LOOP('',(#1298));
#258=EDGE_LOOP('',(#1299,#1300,#1301,#1302));
#259=EDGE_LOOP('',(#1303));
#260=EDGE_LOOP('',(#1304,#1305,#1306,#1307));
#261=EDGE_LOOP('',(#1308));
#262=EDGE_LOOP('',(#1309,#1310,#1311,#1312));
#263=EDGE_LOOP('',(#1313));
#264=EDGE_LOOP('',(#1314,#1315,#1316,#1317));
#265=EDGE_LOOP('',(#1318));
#266=EDGE_LOOP('',(#1319,#1320,#1321,#1322));
#267=EDGE_LOOP('',(#1323));
#268=EDGE_LOOP('',(#1324,#1325,#1326,#1327));
#269=EDGE_LOOP('',(#1328));
#270=EDGE_LOOP('',(#1329,#1330,#1331,#1332));
#271=EDGE_LOOP('',(#1333));
#272=EDGE_LOOP('',(#1334,#1335,#1336,#1337,#1338,#1339,#1340,#1341,#1342,
#1343,#1344,#1345,#1346,#1347,#1348,#1349,#1350,#1351,#1352,#1353));
#273=EDGE_LOOP('',(#1354));
#274=EDGE_LOOP('',(#1355));
#275=EDGE_LOOP('',(#1356));
#276=EDGE_LOOP('',(#1357));
#277=EDGE_LOOP('',(#1358));
#278=EDGE_LOOP('',(#1359));
#279=EDGE_LOOP('',(#1360));
#280=EDGE_LOOP('',(#1361));
#281=EDGE_LOOP('',(#1362));
#282=EDGE_LOOP('',(#1363));
#283=EDGE_LOOP('',(#1364,#1365,#1366,#1367));
#284=EDGE_LOOP('',(#1368,#1369,#1370,#1371));
#285=EDGE_LOOP('',(#1372,#1373,#1374,#1375));
#286=EDGE_LOOP('',(#1376,#1377,#1378,#1379));
#287=EDGE_LOOP('',(#1380,#1381,#1382,#1383));
#288=EDGE_LOOP('',(#1384,#1385,#1386,#1387));
#289=EDGE_LOOP('',(#1388,#1389,#1390,#1391));
#290=EDGE_LOOP('',(#1392));
#291=EDGE_LOOP('',(#1393));
#292=EDGE_LOOP('',(#1394));
#293=EDGE_LOOP('',(#1395));
#294=EDGE_LOOP('',(#1396,#1397,#1398));
#295=EDGE_LOOP('',(#1399,#1400,#1401,#1402,#1403,#1404,#1405,#1406,#1407,
#1408,#1409,#1410));
#296=EDGE_LOOP('',(#1411,#1412,#1413));
#297=EDGE_LOOP('',(#1414,#1415,#1416,#1417,#1418));
#298=EDGE_LOOP('',(#1419,#1420,#1421,#1422));
#299=EDGE_LOOP('',(#1423,#1424,#1425,#1426,#1427));
#300=EDGE_LOOP('',(#1428,#1429,#1430,#1431));
#301=EDGE_LOOP('',(#1432,#1433,#1434,#1435));
#302=EDGE_LOOP('',(#1436,#1437,#1438,#1439));
#303=EDGE_LOOP('',(#1440,#1441,#1442,#1443,#1444));
#304=EDGE_LOOP('',(#1445,#1446,#1447,#1448));
#305=EDGE_LOOP('',(#1449,#1450,#1451,#1452));
#306=EDGE_LOOP('',(#1453,#1454,#1455,#1456));
#307=EDGE_LOOP('',(#1457,#1458,#1459,#1460,#1461));
#308=EDGE_LOOP('',(#1462,#1463,#1464,#1465));
#309=EDGE_LOOP('',(#1466,#1467,#1468,#1469,#1470,#1471));
#310=EDGE_LOOP('',(#1472,#1473,#1474,#1475,#1476,#1477));
#311=EDGE_LOOP('',(#1478,#1479,#1480,#1481,#1482,#1483,#1484,#1485,#1486,
#1487,#1488,#1489,#1490,#1491,#1492,#1493,#1494,#1495,#1496,#1497,#1498,
#1499));
#312=EDGE_LOOP('',(#1500,#1501,#1502,#1503));
#313=EDGE_LOOP('',(#1504,#1505,#1506,#1507));
#314=EDGE_LOOP('',(#1508,#1509,#1510,#1511,#1512));
#315=EDGE_LOOP('',(#1513,#1514,#1515,#1516));
#316=EDGE_LOOP('',(#1517,#1518,#1519,#1520));
#317=EDGE_LOOP('',(#1521,#1522,#1523,#1524,#1525,#1526));
#318=EDGE_LOOP('',(#1527,#1528,#1529,#1530));
#319=EDGE_LOOP('',(#1531,#1532,#1533,#1534));
#320=EDGE_LOOP('',(#1535,#1536,#1537,#1538,#1539));
#321=EDGE_LOOP('',(#1540,#1541,#1542,#1543));
#322=EDGE_LOOP('',(#1544,#1545,#1546,#1547));
#323=EDGE_LOOP('',(#1548,#1549,#1550,#1551));
#324=EDGE_LOOP('',(#1552,#1553,#1554,#1555));
#325=EDGE_LOOP('',(#1556,#1557,#1558,#1559));
#326=EDGE_LOOP('',(#1560,#1561,#1562,#1563,#1564,#1565,#1566,#1567));
#327=EDGE_LOOP('',(#1568,#1569,#1570));
#328=EDGE_LOOP('',(#1571,#1572,#1573,#1574));
#329=CIRCLE('',#1755,3.);
#330=CIRCLE('',#1756,3.);
#331=CIRCLE('',#1766,1.6);
#332=CIRCLE('',#1768,1.6);
#333=CIRCLE('',#1770,1.6);
#334=CIRCLE('',#1772,1.6);
#335=CIRCLE('',#1774,1.6);
#336=CIRCLE('',#1776,1.6);
#337=CIRCLE('',#1778,1.6);
#338=CIRCLE('',#1780,1.6);
#339=CIRCLE('',#1782,2.59999999999998);
#340=CIRCLE('',#1783,2.60000000000001);
#341=CIRCLE('',#1785,2.59999999999998);
#342=CIRCLE('',#1788,2.60000000000001);
#343=CIRCLE('',#1791,2.59999999999998);
#344=CIRCLE('',#1792,2.60000000000002);
#345=CIRCLE('',#1794,2.59999999999998);
#346=CIRCLE('',#1797,2.60000000000002);
#347=CIRCLE('',#1806,3.);
#348=CIRCLE('',#1808,2.25);
#349=CIRCLE('',#1809,2.25);
#350=CIRCLE('',#1811,3.);
#351=CIRCLE('',#1812,3.);
#352=CIRCLE('',#1813,3.);
#353=CIRCLE('',#1817,2.60000000000002);
#354=CIRCLE('',#1818,2.60000000000002);
#355=CIRCLE('',#1821,2.59999999999998);
#356=CIRCLE('',#1822,2.59999999999998);
#357=CIRCLE('',#1826,2.60000000000001);
#358=CIRCLE('',#1827,2.60000000000001);
#359=CIRCLE('',#1830,2.59999999999998);
#360=CIRCLE('',#1831,2.59999999999998);
#361=CIRCLE('',#1834,1.6);
#362=CIRCLE('',#1835,1.6);
#363=CIRCLE('',#1838,1.6);
#364=CIRCLE('',#1839,1.6);
#365=CIRCLE('',#1842,1.6);
#366=CIRCLE('',#1843,1.6);
#367=CIRCLE('',#1846,1.6);
#368=CIRCLE('',#1847,1.6);
#369=CIRCLE('',#1850,1.6);
#370=CIRCLE('',#1851,1.6);
#371=CIRCLE('',#1854,1.6);
#372=CIRCLE('',#1855,1.6);
#373=CIRCLE('',#1858,1.6);
#374=CIRCLE('',#1859,1.6);
#375=CIRCLE('',#1862,1.6);
#376=CIRCLE('',#1863,1.6);
#377=CIRCLE('',#1873,1.25);
#378=CIRCLE('',#1875,1.25);
#379=CIRCLE('',#1878,1.5);
#380=CIRCLE('',#1880,1.5);
#381=CIRCLE('',#1882,1.5);
#382=CIRCLE('',#1884,1.5);
#383=CIRCLE('',#1886,2.25);
#384=CIRCLE('',#1888,2.25);
#385=CIRCLE('',#1891,2.);
#386=CIRCLE('',#1892,2.);
#387=CIRCLE('',#1893,1.);
#388=CIRCLE('',#1894,1.);
#389=LINE('',#2475,#543);
#390=LINE('',#2477,#544);
#391=LINE('',#2481,#545);
#392=LINE('',#2484,#546);
#393=LINE('',#2488,#547);
#394=LINE('',#2490,#548);
#395=LINE('',#2491,#549);
#396=LINE('',#2494,#550);
#397=LINE('',#2496,#551);
#398=LINE('',#2497,#552);
#399=LINE('',#2500,#553);
#400=LINE('',#2504,#554);
#401=LINE('',#2505,#555);
#402=LINE('',#2508,#556);
#403=LINE('',#2512,#557);
#404=LINE('',#2513,#558);
#405=LINE('',#2520,#559);
#406=LINE('',#2527,#560);
#407=LINE('',#2534,#561);
#408=LINE('',#2541,#562);
#409=LINE('',#2547,#563);
#410=LINE('',#2550,#564);
#411=LINE('',#2555,#565);
#412=LINE('',#2556,#566);
#413=LINE('',#2559,#567);
#414=LINE('',#2560,#568);
#415=LINE('',#2564,#569);
#416=LINE('',#2566,#570);
#417=LINE('',#2572,#571);
#418=LINE('',#2575,#572);
#419=LINE('',#2580,#573);
#420=LINE('',#2581,#574);
#421=LINE('',#2584,#575);
#422=LINE('',#2585,#576);
#423=LINE('',#2589,#577);
#424=LINE('',#2591,#578);
#425=LINE('',#2594,#579);
#426=LINE('',#2595,#580);
#427=LINE('',#2597,#581);
#428=LINE('',#2598,#582);
#429=LINE('',#2601,#583);
#430=LINE('',#2602,#584);
#431=LINE('',#2604,#585);
#432=LINE('',#2609,#586);
#433=LINE('',#2611,#587);
#434=LINE('',#2613,#588);
#435=LINE('',#2615,#589);
#436=LINE('',#2617,#590);
#437=LINE('',#2619,#591);
#438=LINE('',#2620,#592);
#439=LINE('',#2623,#593);
#440=LINE('',#2625,#594);
#441=LINE('',#2626,#595);
#442=LINE('',#2629,#596);
#443=LINE('',#2633,#597);
#444=LINE('',#2637,#598);
#445=LINE('',#2641,#599);
#446=LINE('',#2645,#600);
#447=LINE('',#2649,#601);
#448=LINE('',#2653,#602);
#449=LINE('',#2657,#603);
#450=LINE('',#2661,#604);
#451=LINE('',#2662,#605);
#452=LINE('',#2666,#606);
#453=LINE('',#2668,#607);
#454=LINE('',#2670,#608);
#455=LINE('',#2671,#609);
#456=LINE('',#2676,#610);
#457=LINE('',#2680,#611);
#458=LINE('',#2682,#612);
#459=LINE('',#2683,#613);
#460=LINE('',#2691,#614);
#461=LINE('',#2693,#615);
#462=LINE('',#2695,#616);
#463=LINE('',#2696,#617);
#464=LINE('',#2701,#618);
#465=LINE('',#2705,#619);
#466=LINE('',#2707,#620);
#467=LINE('',#2708,#621);
#468=LINE('',#2717,#622);
#469=LINE('',#2724,#623);
#470=LINE('',#2731,#624);
#471=LINE('',#2738,#625);
#472=LINE('',#2745,#626);
#473=LINE('',#2752,#627);
#474=LINE('',#2759,#628);
#475=LINE('',#2766,#629);
#476=LINE('',#2772,#630);
#477=LINE('',#2774,#631);
#478=LINE('',#2778,#632);
#479=LINE('',#2781,#633);
#480=LINE('',#2783,#634);
#481=LINE('',#2784,#635);
#482=LINE('',#2788,#636);
#483=LINE('',#2792,#637);
#484=LINE('',#2796,#638);
#485=LINE('',#2799,#639);
#486=LINE('',#2808,#640);
#487=LINE('',#2809,#641);
#488=LINE('',#2812,#642);
#489=LINE('',#2816,#643);
#490=LINE('',#2821,#644);
#491=LINE('',#2825,#645);
#492=LINE('',#2835,#646);
#493=LINE('',#2837,#647);
#494=LINE('',#2838,#648);
#495=LINE('',#2842,#649);
#496=LINE('',#2844,#650);
#497=LINE('',#2848,#651);
#498=LINE('',#2851,#652);
#499=LINE('',#2853,#653);
#500=LINE('',#2857,#654);
#501=LINE('',#2860,#655);
#502=LINE('',#2863,#656);
#503=LINE('',#2864,#657);
#504=LINE('',#2869,#658);
#505=LINE('',#2873,#659);
#506=LINE('',#2874,#660);
#507=LINE('',#2884,#661);
#508=LINE('',#2887,#662);
#509=LINE('',#2890,#663);
#510=LINE('',#2892,#664);
#511=LINE('',#2893,#665);
#512=LINE('',#2898,#666);
#513=LINE('',#2902,#667);
#514=LINE('',#2903,#668);
#515=LINE('',#2904,#669);
#516=LINE('',#2908,#670);
#517=LINE('',#2911,#671);
#518=LINE('',#2912,#672);
#519=LINE('',#2916,#673);
#520=LINE('',#2918,#674);
#521=LINE('',#2919,#675);
#522=LINE('',#2922,#676);
#523=LINE('',#2925,#677);
#524=LINE('',#2928,#678);
#525=LINE('',#2933,#679);
#526=LINE('',#2938,#680);
#527=LINE('',#2939,#681);
#528=LINE('',#2940,#682);
#529=LINE('',#2943,#683);
#530=LINE('',#2946,#684);
#531=LINE('',#2948,#685);
#532=LINE('',#2955,#686);
#533=LINE('',#2957,#687);
#534=LINE('',#2959,#688);
#535=LINE('',#2961,#689);
#536=LINE('',#2968,#690);
#537=LINE('',#2970,#691);
#538=LINE('',#2972,#692);
#539=LINE('',#2974,#693);
#540=LINE('',#2976,#694);
#541=LINE('',#2978,#695);
#542=LINE('',#2980,#696);
#543=VECTOR('',#1945,10.);
#544=VECTOR('',#1946,10.);
#545=VECTOR('',#1949,10.);
#546=VECTOR('',#1952,10.);
#547=VECTOR('',#1955,10.);
#548=VECTOR('',#1956,10.);
#549=VECTOR('',#1957,10.);
#550=VECTOR('',#1960,10.);
#551=VECTOR('',#1961,10.);
#552=VECTOR('',#1962,10.);
#553=VECTOR('',#1965,10.);
#554=VECTOR('',#1970,10.);
#555=VECTOR('',#1971,10.);
#556=VECTOR('',#1974,10.);
#557=VECTOR('',#1979,10.);
#558=VECTOR('',#1980,10.);
#559=VECTOR('',#1989,1.6);
#560=VECTOR('',#1998,1.6);
#561=VECTOR('',#2007,1.6);
#562=VECTOR('',#2016,1.6);
#563=VECTOR('',#2021,10.);
#564=VECTOR('',#2024,10.);
#565=VECTOR('',#2029,10.);
#566=VECTOR('',#2030,10.);
#567=VECTOR('',#2033,10.);
#568=VECTOR('',#2034,10.);
#569=VECTOR('',#2039,10.);
#570=VECTOR('',#2042,10.);
#571=VECTOR('',#2047,10.);
#572=VECTOR('',#2050,10.);
#573=VECTOR('',#2055,10.);
#574=VECTOR('',#2056,10.);
#575=VECTOR('',#2059,10.);
#576=VECTOR('',#2060,10.);
#577=VECTOR('',#2065,10.);
#578=VECTOR('',#2068,10.);
#579=VECTOR('',#2071,10.);
#580=VECTOR('',#2072,10.);
#581=VECTOR('',#2073,10.);
#582=VECTOR('',#2074,10.);
#583=VECTOR('',#2077,10.);
#584=VECTOR('',#2078,10.);
#585=VECTOR('',#2081,10.);
#586=VECTOR('',#2086,10.);
#587=VECTOR('',#2087,10.);
#588=VECTOR('',#2088,10.);
#589=VECTOR('',#2089,10.);
#590=VECTOR('',#2090,10.);
#591=VECTOR('',#2091,10.);
#592=VECTOR('',#2092,10.);
#593=VECTOR('',#2095,10.);
#594=VECTOR('',#2096,10.);
#595=VECTOR('',#2097,10.);
#596=VECTOR('',#2100,10.);
#597=VECTOR('',#2103,10.);
#598=VECTOR('',#2106,10.);
#599=VECTOR('',#2109,10.);
#600=VECTOR('',#2112,10.);
#601=VECTOR('',#2115,10.);
#602=VECTOR('',#2118,10.);
#603=VECTOR('',#2121,10.);
#604=VECTOR('',#2126,10.);
#605=VECTOR('',#2127,10.);
#606=VECTOR('',#2130,10.);
#607=VECTOR('',#2131,10.);
#608=VECTOR('',#2132,10.);
#609=VECTOR('',#2133,10.);
#610=VECTOR('',#2138,10.);
#611=VECTOR('',#2143,10.);
#612=VECTOR('',#2144,10.);
#613=VECTOR('',#2145,10.);
#614=VECTOR('',#2156,10.);
#615=VECTOR('',#2157,10.);
#616=VECTOR('',#2158,10.);
#617=VECTOR('',#2159,10.);
#618=VECTOR('',#2164,10.);
#619=VECTOR('',#2169,10.);
#620=VECTOR('',#2170,10.);
#621=VECTOR('',#2171,10.);
#622=VECTOR('',#2184,1.6);
#623=VECTOR('',#2193,1.6);
#624=VECTOR('',#2202,1.6);
#625=VECTOR('',#2211,1.6);
#626=VECTOR('',#2220,1.6);
#627=VECTOR('',#2229,1.6);
#628=VECTOR('',#2238,1.6);
#629=VECTOR('',#2247,1.6);
#630=VECTOR('',#2254,10.);
#631=VECTOR('',#2255,10.);
#632=VECTOR('',#2258,10.);
#633=VECTOR('',#2261,10.);
#634=VECTOR('',#2262,10.);
#635=VECTOR('',#2263,10.);
#636=VECTOR('',#2266,10.);
#637=VECTOR('',#2269,10.);
#638=VECTOR('',#2272,10.);
#639=VECTOR('',#2275,10.);
#640=VECTOR('',#2286,10.);
#641=VECTOR('',#2287,10.);
#642=VECTOR('',#2290,1.375);
#643=VECTOR('',#2295,1.375);
#644=VECTOR('',#2302,1.5);
#645=VECTOR('',#2307,1.5);
#646=VECTOR('',#2318,10.);
#647=VECTOR('',#2319,10.);
#648=VECTOR('',#2320,10.);
#649=VECTOR('',#2323,10.);
#650=VECTOR('',#2324,10.);
#651=VECTOR('',#2327,10.);
#652=VECTOR('',#2330,10.);
#653=VECTOR('',#2331,10.);
#654=VECTOR('',#2334,10.);
#655=VECTOR('',#2337,10.);
#656=VECTOR('',#2340,10.);
#657=VECTOR('',#2341,10.);
#658=VECTOR('',#2346,10.);
#659=VECTOR('',#2351,10.);
#660=VECTOR('',#2352,10.);
#661=VECTOR('',#2363,10.);
#662=VECTOR('',#2366,10.);
#663=VECTOR('',#2369,10.);
#664=VECTOR('',#2370,10.);
#665=VECTOR('',#2371,10.);
#666=VECTOR('',#2376,10.);
#667=VECTOR('',#2381,10.);
#668=VECTOR('',#2382,10.);
#669=VECTOR('',#2383,10.);
#670=VECTOR('',#2388,10.);
#671=VECTOR('',#2391,10.);
#672=VECTOR('',#2392,10.);
#673=VECTOR('',#2397,10.);
#674=VECTOR('',#2400,10.);
#675=VECTOR('',#2401,10.);
#676=VECTOR('',#2404,10.);
#677=VECTOR('',#2407,10.);
#678=VECTOR('',#2410,2.25);
#679=VECTOR('',#2417,2.25);
#680=VECTOR('',#2424,10.);
#681=VECTOR('',#2425,10.);
#682=VECTOR('',#2426,10.);
#683=VECTOR('',#2429,10.);
#684=VECTOR('',#2434,10.);
#685=VECTOR('',#2437,10.);
#686=VECTOR('',#2438,10.);
#687=VECTOR('',#2441,10.);
#688=VECTOR('',#2444,10.);
#689=VECTOR('',#2447,10.);
#690=VECTOR('',#2448,10.);
#691=VECTOR('',#2451,10.);
#692=VECTOR('',#2454,10.);
#693=VECTOR('',#2457,10.);
#694=VECTOR('',#2460,10.);
#695=VECTOR('',#2463,10.);
#696=VECTOR('',#2466,10.);
#697=VERTEX_POINT('',#2473);
#698=VERTEX_POINT('',#2474);
#699=VERTEX_POINT('',#2476);
#700=VERTEX_POINT('',#2478);
#701=VERTEX_POINT('',#2480);
#702=VERTEX_POINT('',#2482);
#703=VERTEX_POINT('',#2486);
#704=VERTEX_POINT('',#2487);
#705=VERTEX_POINT('',#2489);
#706=VERTEX_POINT('',#2493);
#707=VERTEX_POINT('',#2495);
#708=VERTEX_POINT('',#2499);
#709=VERTEX_POINT('',#2503);
#710=VERTEX_POINT('',#2507);
#711=VERTEX_POINT('',#2511);
#712=VERTEX_POINT('',#2515);
#713=VERTEX_POINT('',#2518);
#714=VERTEX_POINT('',#2522);
#715=VERTEX_POINT('',#2525);
#716=VERTEX_POINT('',#2529);
#717=VERTEX_POINT('',#2532);
#718=VERTEX_POINT('',#2536);
#719=VERTEX_POINT('',#2539);
#720=VERTEX_POINT('',#2543);
#721=VERTEX_POINT('',#2544);
#722=VERTEX_POINT('',#2546);
#723=VERTEX_POINT('',#2548);
#724=VERTEX_POINT('',#2552);
#725=VERTEX_POINT('',#2553);
#726=VERTEX_POINT('',#2558);
#727=VERTEX_POINT('',#2562);
#728=VERTEX_POINT('',#2568);
#729=VERTEX_POINT('',#2569);
#730=VERTEX_POINT('',#2571);
#731=VERTEX_POINT('',#2573);
#732=VERTEX_POINT('',#2577);
#733=VERTEX_POINT('',#2578);
#734=VERTEX_POINT('',#2583);
#735=VERTEX_POINT('',#2587);
#736=VERTEX_POINT('',#2593);
#737=VERTEX_POINT('',#2596);
#738=VERTEX_POINT('',#2600);
#739=VERTEX_POINT('',#2607);
#740=VERTEX_POINT('',#2608);
#741=VERTEX_POINT('',#2610);
#742=VERTEX_POINT('',#2612);
#743=VERTEX_POINT('',#2614);
#744=VERTEX_POINT('',#2616);
#745=VERTEX_POINT('',#2618);
#746=VERTEX_POINT('',#2622);
#747=VERTEX_POINT('',#2624);
#748=VERTEX_POINT('',#2628);
#749=VERTEX_POINT('',#2630);
#750=VERTEX_POINT('',#2632);
#751=VERTEX_POINT('',#2634);
#752=VERTEX_POINT('',#2636);
#753=VERTEX_POINT('',#2638);
#754=VERTEX_POINT('',#2640);
#755=VERTEX_POINT('',#2642);
#756=VERTEX_POINT('',#2644);
#757=VERTEX_POINT('',#2646);
#758=VERTEX_POINT('',#2648);
#759=VERTEX_POINT('',#2650);
#760=VERTEX_POINT('',#2652);
#761=VERTEX_POINT('',#2654);
#762=VERTEX_POINT('',#2656);
#763=VERTEX_POINT('',#2660);
#764=VERTEX_POINT('',#2664);
#765=VERTEX_POINT('',#2665);
#766=VERTEX_POINT('',#2667);
#767=VERTEX_POINT('',#2669);
#768=VERTEX_POINT('',#2673);
#769=VERTEX_POINT('',#2675);
#770=VERTEX_POINT('',#2679);
#771=VERTEX_POINT('',#2681);
#772=VERTEX_POINT('',#2689);
#773=VERTEX_POINT('',#2690);
#774=VERTEX_POINT('',#2692);
#775=VERTEX_POINT('',#2694);
#776=VERTEX_POINT('',#2698);
#777=VERTEX_POINT('',#2700);
#778=VERTEX_POINT('',#2704);
#779=VERTEX_POINT('',#2706);
#780=VERTEX_POINT('',#2714);
#781=VERTEX_POINT('',#2716);
#782=VERTEX_POINT('',#2721);
#783=VERTEX_POINT('',#2723);
#784=VERTEX_POINT('',#2728);
#785=VERTEX_POINT('',#2730);
#786=VERTEX_POINT('',#2735);
#787=VERTEX_POINT('',#2737);
#788=VERTEX_POINT('',#2742);
#789=VERTEX_POINT('',#2744);
#790=VERTEX_POINT('',#2749);
#791=VERTEX_POINT('',#2751);
#792=VERTEX_POINT('',#2756);
#793=VERTEX_POINT('',#2758);
#794=VERTEX_POINT('',#2763);
#795=VERTEX_POINT('',#2765);
#796=VERTEX_POINT('',#2770);
#797=VERTEX_POINT('',#2771);
#798=VERTEX_POINT('',#2773);
#799=VERTEX_POINT('',#2775);
#800=VERTEX_POINT('',#2777);
#801=VERTEX_POINT('',#2780);
#802=VERTEX_POINT('',#2782);
#803=VERTEX_POINT('',#2785);
#804=VERTEX_POINT('',#2787);
#805=VERTEX_POINT('',#2789);
#806=VERTEX_POINT('',#2791);
#807=VERTEX_POINT('',#2793);
#808=VERTEX_POINT('',#2795);
#809=VERTEX_POINT('',#2797);
#810=VERTEX_POINT('',#2801);
#811=VERTEX_POINT('',#2804);
#812=VERTEX_POINT('',#2807);
#813=VERTEX_POINT('',#2811);
#814=VERTEX_POINT('',#2815);
#815=VERTEX_POINT('',#2819);
#816=VERTEX_POINT('',#2823);
#817=VERTEX_POINT('',#2827);
#818=VERTEX_POINT('',#2830);
#819=VERTEX_POINT('',#2833);
#820=VERTEX_POINT('',#2834);
#821=VERTEX_POINT('',#2836);
#822=VERTEX_POINT('',#2840);
#823=VERTEX_POINT('',#2841);
#824=VERTEX_POINT('',#2843);
#825=VERTEX_POINT('',#2845);
#826=VERTEX_POINT('',#2847);
#827=VERTEX_POINT('',#2850);
#828=VERTEX_POINT('',#2852);
#829=VERTEX_POINT('',#2854);
#830=VERTEX_POINT('',#2856);
#831=VERTEX_POINT('',#2858);
#832=VERTEX_POINT('',#2862);
#833=VERTEX_POINT('',#2866);
#834=VERTEX_POINT('',#2867);
#835=VERTEX_POINT('',#2872);
#836=VERTEX_POINT('',#2876);
#837=VERTEX_POINT('',#2880);
#838=VERTEX_POINT('',#2881);
#839=VERTEX_POINT('',#2883);
#840=VERTEX_POINT('',#2885);
#841=VERTEX_POINT('',#2889);
#842=VERTEX_POINT('',#2891);
#843=VERTEX_POINT('',#2895);
#844=VERTEX_POINT('',#2897);
#845=VERTEX_POINT('',#2901);
#846=VERTEX_POINT('',#2906);
#847=VERTEX_POINT('',#2910);
#848=VERTEX_POINT('',#2914);
#849=VERTEX_POINT('',#2921);
#850=VERTEX_POINT('',#2923);
#851=VERTEX_POINT('',#2927);
#852=VERTEX_POINT('',#2932);
#853=VERTEX_POINT('',#2937);
#854=VERTEX_POINT('',#2942);
#855=EDGE_CURVE('',#697,#698,#389,.T.);
#856=EDGE_CURVE('',#699,#697,#390,.T.);
#857=EDGE_CURVE('',#699,#700,#329,.T.);
#858=EDGE_CURVE('',#700,#701,#391,.T.);
#859=EDGE_CURVE('',#701,#702,#330,.T.);
#860=EDGE_CURVE('',#702,#698,#392,.T.);
#861=EDGE_CURVE('',#703,#704,#393,.T.);
#862=EDGE_CURVE('',#704,#705,#394,.T.);
#863=EDGE_CURVE('',#705,#703,#395,.T.);
#864=EDGE_CURVE('',#698,#706,#396,.T.);
#865=EDGE_CURVE('',#707,#702,#397,.T.);
#866=EDGE_CURVE('',#706,#707,#398,.T.);
#867=EDGE_CURVE('',#701,#708,#399,.T.);
#868=EDGE_CURVE('',#708,#707,#40,.T.);
#869=EDGE_CURVE('',#709,#700,#400,.T.);
#870=EDGE_CURVE('',#709,#708,#401,.T.);
#871=EDGE_CURVE('',#699,#710,#402,.T.);
#872=EDGE_CURVE('',#710,#709,#41,.T.);
#873=EDGE_CURVE('',#711,#697,#403,.T.);
#874=EDGE_CURVE('',#710,#711,#404,.T.);
#875=EDGE_CURVE('',#712,#712,#331,.T.);
#876=EDGE_CURVE('',#713,#713,#332,.T.);
#877=EDGE_CURVE('',#713,#712,#405,.T.);
#878=EDGE_CURVE('',#714,#714,#333,.T.);
#879=EDGE_CURVE('',#715,#715,#334,.T.);
#880=EDGE_CURVE('',#715,#714,#406,.T.);
#881=EDGE_CURVE('',#716,#716,#335,.T.);
#882=EDGE_CURVE('',#717,#717,#336,.T.);
#883=EDGE_CURVE('',#717,#716,#407,.T.);
#884=EDGE_CURVE('',#718,#718,#337,.T.);
#885=EDGE_CURVE('',#719,#719,#338,.T.);
#886=EDGE_CURVE('',#719,#718,#408,.T.);
#887=EDGE_CURVE('',#720,#721,#339,.T.);
#888=EDGE_CURVE('',#722,#720,#409,.T.);
#889=EDGE_CURVE('',#723,#722,#340,.T.);
#890=EDGE_CURVE('',#721,#723,#410,.T.);
#891=EDGE_CURVE('',#724,#725,#341,.T.);
#892=EDGE_CURVE('',#724,#720,#411,.T.);
#893=EDGE_CURVE('',#725,#721,#412,.T.);
#894=EDGE_CURVE('',#725,#726,#413,.T.);
#895=EDGE_CURVE('',#726,#723,#414,.T.);
#896=EDGE_CURVE('',#726,#727,#342,.T.);
#897=EDGE_CURVE('',#727,#722,#415,.T.);
#898=EDGE_CURVE('',#727,#724,#416,.T.);
#899=EDGE_CURVE('',#728,#729,#343,.T.);
#900=EDGE_CURVE('',#730,#728,#417,.T.);
#901=EDGE_CURVE('',#731,#730,#344,.T.);
#902=EDGE_CURVE('',#729,#731,#418,.T.);
#903=EDGE_CURVE('',#732,#733,#345,.T.);
#904=EDGE_CURVE('',#732,#728,#419,.T.);
#905=EDGE_CURVE('',#733,#729,#420,.T.);
#906=EDGE_CURVE('',#733,#734,#421,.T.);
#907=EDGE_CURVE('',#734,#731,#422,.T.);
#908=EDGE_CURVE('',#734,#735,#346,.T.);
#909=EDGE_CURVE('',#735,#730,#423,.T.);
#910=EDGE_CURVE('',#735,#732,#424,.T.);
#911=EDGE_CURVE('',#736,#711,#425,.T.);
#912=EDGE_CURVE('',#705,#736,#426,.T.);
#913=EDGE_CURVE('',#737,#704,#427,.T.);
#914=EDGE_CURVE('',#706,#737,#428,.T.);
#915=EDGE_CURVE('',#737,#738,#429,.T.);
#916=EDGE_CURVE('',#738,#703,#430,.T.);
#917=EDGE_CURVE('',#738,#736,#431,.T.);
#918=EDGE_CURVE('',#739,#740,#432,.T.);
#919=EDGE_CURVE('',#741,#739,#433,.T.);
#920=EDGE_CURVE('',#742,#741,#434,.T.);
#921=EDGE_CURVE('',#743,#742,#435,.T.);
#922=EDGE_CURVE('',#744,#743,#436,.T.);
#923=EDGE_CURVE('',#745,#744,#437,.T.);
#924=EDGE_CURVE('',#740,#745,#438,.T.);
#925=EDGE_CURVE('',#742,#746,#439,.T.);
#926=EDGE_CURVE('',#747,#746,#440,.T.);
#927=EDGE_CURVE('',#743,#747,#441,.T.);
#928=EDGE_CURVE('',#741,#748,#442,.T.);
#929=EDGE_CURVE('',#749,#748,#347,.F.);
#930=EDGE_CURVE('',#749,#750,#443,.T.);
#931=EDGE_CURVE('',#750,#751,#42,.T.);
#932=EDGE_CURVE('',#751,#752,#444,.T.);
#933=EDGE_CURVE('',#752,#753,#348,.T.);
#934=EDGE_CURVE('',#753,#754,#445,.T.);
#935=EDGE_CURVE('',#754,#755,#349,.T.);
#936=EDGE_CURVE('',#755,#756,#446,.T.);
#937=EDGE_CURVE('',#756,#757,#43,.T.);
#938=EDGE_CURVE('',#757,#758,#447,.T.);
#939=EDGE_CURVE('',#759,#758,#350,.F.);
#940=EDGE_CURVE('',#759,#760,#448,.T.);
#941=EDGE_CURVE('',#760,#761,#351,.T.);
#942=EDGE_CURVE('',#761,#762,#449,.T.);
#943=EDGE_CURVE('',#762,#746,#352,.T.);
#944=EDGE_CURVE('',#763,#739,#450,.T.);
#945=EDGE_CURVE('',#748,#763,#451,.T.);
#946=EDGE_CURVE('',#764,#765,#452,.T.);
#947=EDGE_CURVE('',#764,#766,#453,.T.);
#948=EDGE_CURVE('',#766,#767,#454,.T.);
#949=EDGE_CURVE('',#765,#767,#455,.T.);
#950=EDGE_CURVE('',#768,#764,#353,.T.);
#951=EDGE_CURVE('',#768,#769,#456,.T.);
#952=EDGE_CURVE('',#769,#766,#354,.T.);
#953=EDGE_CURVE('',#770,#768,#457,.T.);
#954=EDGE_CURVE('',#770,#771,#458,.T.);
#955=EDGE_CURVE('',#771,#769,#459,.T.);
#956=EDGE_CURVE('',#765,#770,#355,.T.);
#957=EDGE_CURVE('',#767,#771,#356,.T.);
#958=EDGE_CURVE('',#772,#773,#460,.T.);
#959=EDGE_CURVE('',#772,#774,#461,.T.);
#960=EDGE_CURVE('',#774,#775,#462,.T.);
#961=EDGE_CURVE('',#773,#775,#463,.T.);
#962=EDGE_CURVE('',#776,#772,#357,.T.);
#963=EDGE_CURVE('',#776,#777,#464,.T.);
#964=EDGE_CURVE('',#777,#774,#358,.T.);
#965=EDGE_CURVE('',#778,#776,#465,.T.);
#966=EDGE_CURVE('',#778,#779,#466,.T.);
#967=EDGE_CURVE('',#779,#777,#467,.T.);
#968=EDGE_CURVE('',#773,#778,#359,.T.);
#969=EDGE_CURVE('',#775,#779,#360,.T.);
#970=EDGE_CURVE('',#780,#780,#361,.T.);
#971=EDGE_CURVE('',#780,#781,#468,.T.);
#972=EDGE_CURVE('',#781,#781,#362,.T.);
#973=EDGE_CURVE('',#782,#782,#363,.T.);
#974=EDGE_CURVE('',#782,#783,#469,.T.);
#975=EDGE_CURVE('',#783,#783,#364,.T.);
#976=EDGE_CURVE('',#784,#784,#365,.T.);
#977=EDGE_CURVE('',#784,#785,#470,.T.);
#978=EDGE_CURVE('',#785,#785,#366,.T.);
#979=EDGE_CURVE('',#786,#786,#367,.T.);
#980=EDGE_CURVE('',#786,#787,#471,.T.);
#981=EDGE_CURVE('',#787,#787,#368,.T.);
#982=EDGE_CURVE('',#788,#788,#369,.T.);
#983=EDGE_CURVE('',#788,#789,#472,.T.);
#984=EDGE_CURVE('',#789,#789,#370,.T.);
#985=EDGE_CURVE('',#790,#790,#371,.T.);
#986=EDGE_CURVE('',#790,#791,#473,.T.);
#987=EDGE_CURVE('',#791,#791,#372,.T.);
#988=EDGE_CURVE('',#792,#792,#373,.T.);
#989=EDGE_CURVE('',#792,#793,#474,.T.);
#990=EDGE_CURVE('',#793,#793,#374,.T.);
#991=EDGE_CURVE('',#794,#794,#375,.T.);
#992=EDGE_CURVE('',#794,#795,#475,.T.);
#993=EDGE_CURVE('',#795,#795,#376,.T.);
#994=EDGE_CURVE('',#796,#797,#476,.T.);
#995=EDGE_CURVE('',#798,#797,#477,.T.);
#996=EDGE_CURVE('',#799,#798,#44,.T.);
#997=EDGE_CURVE('',#799,#800,#478,.T.);
#998=EDGE_CURVE('',#763,#800,#45,.T.);
#999=EDGE_CURVE('',#801,#740,#479,.T.);
#1000=EDGE_CURVE('',#802,#801,#480,.T.);
#1001=EDGE_CURVE('',#744,#802,#481,.T.);
#1002=EDGE_CURVE('',#803,#747,#46,.T.);
#1003=EDGE_CURVE('',#803,#804,#482,.T.);
#1004=EDGE_CURVE('',#805,#804,#47,.T.);
#1005=EDGE_CURVE('',#805,#806,#483,.T.);
#1006=EDGE_CURVE('',#807,#806,#48,.T.);
#1007=EDGE_CURVE('',#808,#807,#484,.T.);
#1008=EDGE_CURVE('',#809,#808,#49,.T.);
#1009=EDGE_CURVE('',#796,#809,#485,.T.);
#1010=EDGE_CURVE('',#810,#810,#377,.T.);
#1011=EDGE_CURVE('',#811,#811,#378,.T.);
#1012=EDGE_CURVE('',#812,#802,#486,.T.);
#1013=EDGE_CURVE('',#812,#745,#487,.T.);
#1014=EDGE_CURVE('',#810,#813,#488,.T.);
#1015=EDGE_CURVE('',#813,#813,#379,.T.);
#1016=EDGE_CURVE('',#811,#814,#489,.T.);
#1017=EDGE_CURVE('',#814,#814,#380,.T.);
#1018=EDGE_CURVE('',#815,#815,#381,.T.);
#1019=EDGE_CURVE('',#815,#813,#490,.T.);
#1020=EDGE_CURVE('',#816,#816,#382,.T.);
#1021=EDGE_CURVE('',#816,#814,#491,.T.);
#1022=EDGE_CURVE('',#817,#817,#383,.T.);
#1023=EDGE_CURVE('',#818,#818,#384,.T.);
#1024=EDGE_CURVE('',#819,#820,#492,.T.);
#1025=EDGE_CURVE('',#821,#819,#493,.T.);
#1026=EDGE_CURVE('',#820,#821,#494,.T.);
#1027=EDGE_CURVE('',#822,#823,#495,.T.);
#1028=EDGE_CURVE('',#822,#824,#496,.T.);
#1029=EDGE_CURVE('',#824,#825,#385,.T.);
#1030=EDGE_CURVE('',#825,#826,#497,.T.);
#1031=EDGE_CURVE('',#826,#821,#386,.T.);
#1032=EDGE_CURVE('',#827,#819,#498,.T.);
#1033=EDGE_CURVE('',#827,#828,#499,.T.);
#1034=EDGE_CURVE('',#828,#829,#387,.T.);
#1035=EDGE_CURVE('',#829,#830,#500,.T.);
#1036=EDGE_CURVE('',#830,#831,#388,.T.);
#1037=EDGE_CURVE('',#831,#823,#501,.T.);
#1038=EDGE_CURVE('',#832,#822,#502,.T.);
#1039=EDGE_CURVE('',#832,#824,#503,.T.);
#1040=EDGE_CURVE('',#833,#834,#50,.T.);
#1041=EDGE_CURVE('',#833,#825,#504,.T.);
#1042=EDGE_CURVE('',#834,#832,#51,.T.);
#1043=EDGE_CURVE('',#835,#833,#505,.T.);
#1044=EDGE_CURVE('',#835,#826,#506,.T.);
#1045=EDGE_CURVE('',#820,#836,#52,.T.);
#1046=EDGE_CURVE('',#836,#835,#53,.T.);
#1047=EDGE_CURVE('',#837,#838,#54,.T.);
#1048=EDGE_CURVE('',#838,#839,#507,.T.);
#1049=EDGE_CURVE('',#840,#839,#55,.T.);
#1050=EDGE_CURVE('',#837,#840,#508,.T.);
#1051=EDGE_CURVE('',#838,#841,#509,.T.);
#1052=EDGE_CURVE('',#841,#842,#510,.T.);
#1053=EDGE_CURVE('',#839,#842,#511,.T.);
#1054=EDGE_CURVE('',#841,#843,#56,.T.);
#1055=EDGE_CURVE('',#843,#844,#512,.T.);
#1056=EDGE_CURVE('',#842,#844,#57,.T.);
#1057=EDGE_CURVE('',#843,#845,#513,.T.);
#1058=EDGE_CURVE('',#845,#828,#514,.T.);
#1059=EDGE_CURVE('',#844,#827,#515,.T.);
#1060=EDGE_CURVE('',#845,#846,#58,.T.);
#1061=EDGE_CURVE('',#846,#829,#516,.T.);
#1062=EDGE_CURVE('',#846,#847,#517,.T.);
#1063=EDGE_CURVE('',#847,#830,#518,.T.);
#1064=EDGE_CURVE('',#847,#848,#59,.T.);
#1065=EDGE_CURVE('',#848,#831,#519,.T.);
#1066=EDGE_CURVE('',#848,#837,#520,.T.);
#1067=EDGE_CURVE('',#823,#840,#521,.T.);
#1068=EDGE_CURVE('',#756,#849,#522,.T.);
#1069=EDGE_CURVE('',#849,#850,#60,.T.);
#1070=EDGE_CURVE('',#850,#757,#523,.T.);
#1071=EDGE_CURVE('',#817,#851,#524,.T.);
#1072=EDGE_CURVE('',#755,#851,#61,.T.);
#1073=EDGE_CURVE('',#851,#754,#62,.T.);
#1074=EDGE_CURVE('',#818,#852,#525,.T.);
#1075=EDGE_CURVE('',#753,#852,#63,.T.);
#1076=EDGE_CURVE('',#852,#752,#64,.T.);
#1077=EDGE_CURVE('',#853,#751,#526,.T.);
#1078=EDGE_CURVE('',#834,#853,#527,.T.);
#1079=EDGE_CURVE('',#849,#836,#528,.T.);
#1080=EDGE_CURVE('',#750,#854,#529,.T.);
#1081=EDGE_CURVE('',#854,#853,#65,.T.);
#1082=EDGE_CURVE('',#800,#749,#530,.T.);
#1083=EDGE_CURVE('',#799,#854,#531,.T.);
#1084=EDGE_CURVE('',#853,#798,#532,.T.);
#1085=EDGE_CURVE('',#834,#797,#533,.T.);
#1086=EDGE_CURVE('',#796,#836,#534,.T.);
#1087=EDGE_CURVE('',#849,#809,#535,.T.);
#1088=EDGE_CURVE('',#808,#850,#536,.T.);
#1089=EDGE_CURVE('',#758,#807,#537,.T.);
#1090=EDGE_CURVE('',#806,#759,#538,.T.);
#1091=EDGE_CURVE('',#760,#805,#539,.T.);
#1092=EDGE_CURVE('',#804,#761,#540,.T.);
#1093=EDGE_CURVE('',#762,#803,#541,.T.);
#1094=EDGE_CURVE('',#801,#812,#542,.T.);
#1095=ORIENTED_EDGE('',*,*,#855,.F.);
#1096=ORIENTED_EDGE('',*,*,#856,.F.);
#1097=ORIENTED_EDGE('',*,*,#857,.T.);
#1098=ORIENTED_EDGE('',*,*,#858,.T.);
#1099=ORIENTED_EDGE('',*,*,#859,.T.);
#1100=ORIENTED_EDGE('',*,*,#860,.T.);
#1101=ORIENTED_EDGE('',*,*,#861,.T.);
#1102=ORIENTED_EDGE('',*,*,#862,.T.);
#1103=ORIENTED_EDGE('',*,*,#863,.T.);
#1104=ORIENTED_EDGE('',*,*,#864,.F.);
#1105=ORIENTED_EDGE('',*,*,#860,.F.);
#1106=ORIENTED_EDGE('',*,*,#865,.F.);
#1107=ORIENTED_EDGE('',*,*,#866,.F.);
#1108=ORIENTED_EDGE('',*,*,#859,.F.);
#1109=ORIENTED_EDGE('',*,*,#867,.T.);
#1110=ORIENTED_EDGE('',*,*,#868,.T.);
#1111=ORIENTED_EDGE('',*,*,#865,.T.);
#1112=ORIENTED_EDGE('',*,*,#869,.F.);
#1113=ORIENTED_EDGE('',*,*,#870,.T.);
#1114=ORIENTED_EDGE('',*,*,#867,.F.);
#1115=ORIENTED_EDGE('',*,*,#858,.F.);
#1116=ORIENTED_EDGE('',*,*,#857,.F.);
#1117=ORIENTED_EDGE('',*,*,#871,.T.);
#1118=ORIENTED_EDGE('',*,*,#872,.T.);
#1119=ORIENTED_EDGE('',*,*,#869,.T.);
#1120=ORIENTED_EDGE('',*,*,#873,.F.);
#1121=ORIENTED_EDGE('',*,*,#874,.F.);
#1122=ORIENTED_EDGE('',*,*,#871,.F.);
#1123=ORIENTED_EDGE('',*,*,#856,.T.);
#1124=ORIENTED_EDGE('',*,*,#875,.F.);
#1125=ORIENTED_EDGE('',*,*,#876,.F.);
#1126=ORIENTED_EDGE('',*,*,#877,.T.);
#1127=ORIENTED_EDGE('',*,*,#875,.T.);
#1128=ORIENTED_EDGE('',*,*,#877,.F.);
#1129=ORIENTED_EDGE('',*,*,#878,.F.);
#1130=ORIENTED_EDGE('',*,*,#879,.F.);
#1131=ORIENTED_EDGE('',*,*,#880,.T.);
#1132=ORIENTED_EDGE('',*,*,#878,.T.);
#1133=ORIENTED_EDGE('',*,*,#880,.F.);
#1134=ORIENTED_EDGE('',*,*,#881,.F.);
#1135=ORIENTED_EDGE('',*,*,#882,.F.);
#1136=ORIENTED_EDGE('',*,*,#883,.T.);
#1137=ORIENTED_EDGE('',*,*,#881,.T.);
#1138=ORIENTED_EDGE('',*,*,#883,.F.);
#1139=ORIENTED_EDGE('',*,*,#884,.F.);
#1140=ORIENTED_EDGE('',*,*,#885,.F.);
#1141=ORIENTED_EDGE('',*,*,#886,.T.);
#1142=ORIENTED_EDGE('',*,*,#884,.T.);
#1143=ORIENTED_EDGE('',*,*,#886,.F.);
#1144=ORIENTED_EDGE('',*,*,#887,.F.);
#1145=ORIENTED_EDGE('',*,*,#888,.F.);
#1146=ORIENTED_EDGE('',*,*,#889,.F.);
#1147=ORIENTED_EDGE('',*,*,#890,.F.);
#1148=ORIENTED_EDGE('',*,*,#891,.F.);
#1149=ORIENTED_EDGE('',*,*,#892,.T.);
#1150=ORIENTED_EDGE('',*,*,#887,.T.);
#1151=ORIENTED_EDGE('',*,*,#893,.F.);
#1152=ORIENTED_EDGE('',*,*,#894,.F.);
#1153=ORIENTED_EDGE('',*,*,#893,.T.);
#1154=ORIENTED_EDGE('',*,*,#890,.T.);
#1155=ORIENTED_EDGE('',*,*,#895,.F.);
#1156=ORIENTED_EDGE('',*,*,#896,.F.);
#1157=ORIENTED_EDGE('',*,*,#895,.T.);
#1158=ORIENTED_EDGE('',*,*,#889,.T.);
#1159=ORIENTED_EDGE('',*,*,#897,.F.);
#1160=ORIENTED_EDGE('',*,*,#898,.F.);
#1161=ORIENTED_EDGE('',*,*,#897,.T.);
#1162=ORIENTED_EDGE('',*,*,#888,.T.);
#1163=ORIENTED_EDGE('',*,*,#892,.F.);
#1164=ORIENTED_EDGE('',*,*,#899,.F.);
#1165=ORIENTED_EDGE('',*,*,#900,.F.);
#1166=ORIENTED_EDGE('',*,*,#901,.F.);
#1167=ORIENTED_EDGE('',*,*,#902,.F.);
#1168=ORIENTED_EDGE('',*,*,#903,.F.);
#1169=ORIENTED_EDGE('',*,*,#904,.T.);
#1170=ORIENTED_EDGE('',*,*,#899,.T.);
#1171=ORIENTED_EDGE('',*,*,#905,.F.);
#1172=ORIENTED_EDGE('',*,*,#906,.F.);
#1173=ORIENTED_EDGE('',*,*,#905,.T.);
#1174=ORIENTED_EDGE('',*,*,#902,.T.);
#1175=ORIENTED_EDGE('',*,*,#907,.F.);
#1176=ORIENTED_EDGE('',*,*,#908,.F.);
#1177=ORIENTED_EDGE('',*,*,#907,.T.);
#1178=ORIENTED_EDGE('',*,*,#901,.T.);
#1179=ORIENTED_EDGE('',*,*,#909,.F.);
#1180=ORIENTED_EDGE('',*,*,#910,.F.);
#1181=ORIENTED_EDGE('',*,*,#909,.T.);
#1182=ORIENTED_EDGE('',*,*,#900,.T.);
#1183=ORIENTED_EDGE('',*,*,#904,.F.);
#1184=ORIENTED_EDGE('',*,*,#911,.F.);
#1185=ORIENTED_EDGE('',*,*,#912,.F.);
#1186=ORIENTED_EDGE('',*,*,#862,.F.);
#1187=ORIENTED_EDGE('',*,*,#913,.F.);
#1188=ORIENTED_EDGE('',*,*,#914,.F.);
#1189=ORIENTED_EDGE('',*,*,#866,.T.);
#1190=ORIENTED_EDGE('',*,*,#868,.F.);
#1191=ORIENTED_EDGE('',*,*,#870,.F.);
#1192=ORIENTED_EDGE('',*,*,#872,.F.);
#1193=ORIENTED_EDGE('',*,*,#874,.T.);
#1194=ORIENTED_EDGE('',*,*,#876,.T.);
#1195=ORIENTED_EDGE('',*,*,#879,.T.);
#1196=ORIENTED_EDGE('',*,*,#882,.T.);
#1197=ORIENTED_EDGE('',*,*,#885,.T.);
#1198=ORIENTED_EDGE('',*,*,#915,.F.);
#1199=ORIENTED_EDGE('',*,*,#913,.T.);
#1200=ORIENTED_EDGE('',*,*,#861,.F.);
#1201=ORIENTED_EDGE('',*,*,#916,.F.);
#1202=ORIENTED_EDGE('',*,*,#917,.F.);
#1203=ORIENTED_EDGE('',*,*,#916,.T.);
#1204=ORIENTED_EDGE('',*,*,#863,.F.);
#1205=ORIENTED_EDGE('',*,*,#912,.T.);
#1206=ORIENTED_EDGE('',*,*,#898,.T.);
#1207=ORIENTED_EDGE('',*,*,#891,.T.);
#1208=ORIENTED_EDGE('',*,*,#894,.T.);
#1209=ORIENTED_EDGE('',*,*,#896,.T.);
#1210=ORIENTED_EDGE('',*,*,#910,.T.);
#1211=ORIENTED_EDGE('',*,*,#903,.T.);
#1212=ORIENTED_EDGE('',*,*,#906,.T.);
#1213=ORIENTED_EDGE('',*,*,#908,.T.);
#1214=ORIENTED_EDGE('',*,*,#914,.T.);
#1215=ORIENTED_EDGE('',*,*,#915,.T.);
#1216=ORIENTED_EDGE('',*,*,#917,.T.);
#1217=ORIENTED_EDGE('',*,*,#911,.T.);
#1218=ORIENTED_EDGE('',*,*,#873,.T.);
#1219=ORIENTED_EDGE('',*,*,#855,.T.);
#1220=ORIENTED_EDGE('',*,*,#864,.T.);
#1221=ORIENTED_EDGE('',*,*,#918,.F.);
#1222=ORIENTED_EDGE('',*,*,#919,.F.);
#1223=ORIENTED_EDGE('',*,*,#920,.F.);
#1224=ORIENTED_EDGE('',*,*,#921,.F.);
#1225=ORIENTED_EDGE('',*,*,#922,.F.);
#1226=ORIENTED_EDGE('',*,*,#923,.F.);
#1227=ORIENTED_EDGE('',*,*,#924,.F.);
#1228=ORIENTED_EDGE('',*,*,#921,.T.);
#1229=ORIENTED_EDGE('',*,*,#925,.T.);
#1230=ORIENTED_EDGE('',*,*,#926,.F.);
#1231=ORIENTED_EDGE('',*,*,#927,.F.);
#1232=ORIENTED_EDGE('',*,*,#920,.T.);
#1233=ORIENTED_EDGE('',*,*,#928,.T.);
#1234=ORIENTED_EDGE('',*,*,#929,.F.);
#1235=ORIENTED_EDGE('',*,*,#930,.T.);
#1236=ORIENTED_EDGE('',*,*,#931,.T.);
#1237=ORIENTED_EDGE('',*,*,#932,.T.);
#1238=ORIENTED_EDGE('',*,*,#933,.T.);
#1239=ORIENTED_EDGE('',*,*,#934,.T.);
#1240=ORIENTED_EDGE('',*,*,#935,.T.);
#1241=ORIENTED_EDGE('',*,*,#936,.T.);
#1242=ORIENTED_EDGE('',*,*,#937,.T.);
#1243=ORIENTED_EDGE('',*,*,#938,.T.);
#1244=ORIENTED_EDGE('',*,*,#939,.F.);
#1245=ORIENTED_EDGE('',*,*,#940,.T.);
#1246=ORIENTED_EDGE('',*,*,#941,.T.);
#1247=ORIENTED_EDGE('',*,*,#942,.T.);
#1248=ORIENTED_EDGE('',*,*,#943,.T.);
#1249=ORIENTED_EDGE('',*,*,#925,.F.);
#1250=ORIENTED_EDGE('',*,*,#919,.T.);
#1251=ORIENTED_EDGE('',*,*,#944,.F.);
#1252=ORIENTED_EDGE('',*,*,#945,.F.);
#1253=ORIENTED_EDGE('',*,*,#928,.F.);
#1254=ORIENTED_EDGE('',*,*,#946,.F.);
#1255=ORIENTED_EDGE('',*,*,#947,.T.);
#1256=ORIENTED_EDGE('',*,*,#948,.T.);
#1257=ORIENTED_EDGE('',*,*,#949,.F.);
#1258=ORIENTED_EDGE('',*,*,#950,.F.);
#1259=ORIENTED_EDGE('',*,*,#951,.T.);
#1260=ORIENTED_EDGE('',*,*,#952,.T.);
#1261=ORIENTED_EDGE('',*,*,#947,.F.);
#1262=ORIENTED_EDGE('',*,*,#953,.F.);
#1263=ORIENTED_EDGE('',*,*,#954,.T.);
#1264=ORIENTED_EDGE('',*,*,#955,.T.);
#1265=ORIENTED_EDGE('',*,*,#951,.F.);
#1266=ORIENTED_EDGE('',*,*,#956,.F.);
#1267=ORIENTED_EDGE('',*,*,#949,.T.);
#1268=ORIENTED_EDGE('',*,*,#957,.T.);
#1269=ORIENTED_EDGE('',*,*,#954,.F.);
#1270=ORIENTED_EDGE('',*,*,#957,.F.);
#1271=ORIENTED_EDGE('',*,*,#948,.F.);
#1272=ORIENTED_EDGE('',*,*,#952,.F.);
#1273=ORIENTED_EDGE('',*,*,#955,.F.);
#1274=ORIENTED_EDGE('',*,*,#958,.F.);
#1275=ORIENTED_EDGE('',*,*,#959,.T.);
#1276=ORIENTED_EDGE('',*,*,#960,.T.);
#1277=ORIENTED_EDGE('',*,*,#961,.F.);
#1278=ORIENTED_EDGE('',*,*,#962,.F.);
#1279=ORIENTED_EDGE('',*,*,#963,.T.);
#1280=ORIENTED_EDGE('',*,*,#964,.T.);
#1281=ORIENTED_EDGE('',*,*,#959,.F.);
#1282=ORIENTED_EDGE('',*,*,#965,.F.);
#1283=ORIENTED_EDGE('',*,*,#966,.T.);
#1284=ORIENTED_EDGE('',*,*,#967,.T.);
#1285=ORIENTED_EDGE('',*,*,#963,.F.);
#1286=ORIENTED_EDGE('',*,*,#968,.F.);
#1287=ORIENTED_EDGE('',*,*,#961,.T.);
#1288=ORIENTED_EDGE('',*,*,#969,.T.);
#1289=ORIENTED_EDGE('',*,*,#966,.F.);
#1290=ORIENTED_EDGE('',*,*,#969,.F.);
#1291=ORIENTED_EDGE('',*,*,#960,.F.);
#1292=ORIENTED_EDGE('',*,*,#964,.F.);
#1293=ORIENTED_EDGE('',*,*,#967,.F.);
#1294=ORIENTED_EDGE('',*,*,#970,.F.);
#1295=ORIENTED_EDGE('',*,*,#971,.T.);
#1296=ORIENTED_EDGE('',*,*,#972,.T.);
#1297=ORIENTED_EDGE('',*,*,#971,.F.);
#1298=ORIENTED_EDGE('',*,*,#972,.F.);
#1299=ORIENTED_EDGE('',*,*,#973,.F.);
#1300=ORIENTED_EDGE('',*,*,#974,.T.);
#1301=ORIENTED_EDGE('',*,*,#975,.T.);
#1302=ORIENTED_EDGE('',*,*,#974,.F.);
#1303=ORIENTED_EDGE('',*,*,#975,.F.);
#1304=ORIENTED_EDGE('',*,*,#976,.F.);
#1305=ORIENTED_EDGE('',*,*,#977,.T.);
#1306=ORIENTED_EDGE('',*,*,#978,.T.);
#1307=ORIENTED_EDGE('',*,*,#977,.F.);
#1308=ORIENTED_EDGE('',*,*,#978,.F.);
#1309=ORIENTED_EDGE('',*,*,#979,.F.);
#1310=ORIENTED_EDGE('',*,*,#980,.T.);
#1311=ORIENTED_EDGE('',*,*,#981,.T.);
#1312=ORIENTED_EDGE('',*,*,#980,.F.);
#1313=ORIENTED_EDGE('',*,*,#981,.F.);
#1314=ORIENTED_EDGE('',*,*,#982,.F.);
#1315=ORIENTED_EDGE('',*,*,#983,.T.);
#1316=ORIENTED_EDGE('',*,*,#984,.T.);
#1317=ORIENTED_EDGE('',*,*,#983,.F.);
#1318=ORIENTED_EDGE('',*,*,#984,.F.);
#1319=ORIENTED_EDGE('',*,*,#985,.F.);
#1320=ORIENTED_EDGE('',*,*,#986,.T.);
#1321=ORIENTED_EDGE('',*,*,#987,.T.);
#1322=ORIENTED_EDGE('',*,*,#986,.F.);
#1323=ORIENTED_EDGE('',*,*,#987,.F.);
#1324=ORIENTED_EDGE('',*,*,#988,.F.);
#1325=ORIENTED_EDGE('',*,*,#989,.T.);
#1326=ORIENTED_EDGE('',*,*,#990,.T.);
#1327=ORIENTED_EDGE('',*,*,#989,.F.);
#1328=ORIENTED_EDGE('',*,*,#990,.F.);
#1329=ORIENTED_EDGE('',*,*,#991,.F.);
#1330=ORIENTED_EDGE('',*,*,#992,.T.);
#1331=ORIENTED_EDGE('',*,*,#993,.T.);
#1332=ORIENTED_EDGE('',*,*,#992,.F.);
#1333=ORIENTED_EDGE('',*,*,#993,.F.);
#1334=ORIENTED_EDGE('',*,*,#994,.T.);
#1335=ORIENTED_EDGE('',*,*,#995,.F.);
#1336=ORIENTED_EDGE('',*,*,#996,.F.);
#1337=ORIENTED_EDGE('',*,*,#997,.T.);
#1338=ORIENTED_EDGE('',*,*,#998,.F.);
#1339=ORIENTED_EDGE('',*,*,#944,.T.);
#1340=ORIENTED_EDGE('',*,*,#918,.T.);
#1341=ORIENTED_EDGE('',*,*,#999,.F.);
#1342=ORIENTED_EDGE('',*,*,#1000,.F.);
#1343=ORIENTED_EDGE('',*,*,#1001,.F.);
#1344=ORIENTED_EDGE('',*,*,#922,.T.);
#1345=ORIENTED_EDGE('',*,*,#927,.T.);
#1346=ORIENTED_EDGE('',*,*,#1002,.F.);
#1347=ORIENTED_EDGE('',*,*,#1003,.T.);
#1348=ORIENTED_EDGE('',*,*,#1004,.F.);
#1349=ORIENTED_EDGE('',*,*,#1005,.T.);
#1350=ORIENTED_EDGE('',*,*,#1006,.F.);
#1351=ORIENTED_EDGE('',*,*,#1007,.F.);
#1352=ORIENTED_EDGE('',*,*,#1008,.F.);
#1353=ORIENTED_EDGE('',*,*,#1009,.F.);
#1354=ORIENTED_EDGE('',*,*,#970,.T.);
#1355=ORIENTED_EDGE('',*,*,#973,.T.);
#1356=ORIENTED_EDGE('',*,*,#976,.T.);
#1357=ORIENTED_EDGE('',*,*,#979,.T.);
#1358=ORIENTED_EDGE('',*,*,#982,.T.);
#1359=ORIENTED_EDGE('',*,*,#985,.T.);
#1360=ORIENTED_EDGE('',*,*,#988,.T.);
#1361=ORIENTED_EDGE('',*,*,#991,.T.);
#1362=ORIENTED_EDGE('',*,*,#1010,.F.);
#1363=ORIENTED_EDGE('',*,*,#1011,.F.);
#1364=ORIENTED_EDGE('',*,*,#923,.T.);
#1365=ORIENTED_EDGE('',*,*,#1001,.T.);
#1366=ORIENTED_EDGE('',*,*,#1012,.F.);
#1367=ORIENTED_EDGE('',*,*,#1013,.T.);
#1368=ORIENTED_EDGE('',*,*,#946,.T.);
#1369=ORIENTED_EDGE('',*,*,#956,.T.);
#1370=ORIENTED_EDGE('',*,*,#953,.T.);
#1371=ORIENTED_EDGE('',*,*,#950,.T.);
#1372=ORIENTED_EDGE('',*,*,#958,.T.);
#1373=ORIENTED_EDGE('',*,*,#968,.T.);
#1374=ORIENTED_EDGE('',*,*,#965,.T.);
#1375=ORIENTED_EDGE('',*,*,#962,.T.);
#1376=ORIENTED_EDGE('',*,*,#1010,.T.);
#1377=ORIENTED_EDGE('',*,*,#1014,.T.);
#1378=ORIENTED_EDGE('',*,*,#1015,.T.);
#1379=ORIENTED_EDGE('',*,*,#1014,.F.);
#1380=ORIENTED_EDGE('',*,*,#1011,.T.);
#1381=ORIENTED_EDGE('',*,*,#1016,.T.);
#1382=ORIENTED_EDGE('',*,*,#1017,.T.);
#1383=ORIENTED_EDGE('',*,*,#1016,.F.);
#1384=ORIENTED_EDGE('',*,*,#1018,.T.);
#1385=ORIENTED_EDGE('',*,*,#1019,.T.);
#1386=ORIENTED_EDGE('',*,*,#1015,.F.);
#1387=ORIENTED_EDGE('',*,*,#1019,.F.);
#1388=ORIENTED_EDGE('',*,*,#1020,.T.);
#1389=ORIENTED_EDGE('',*,*,#1021,.T.);
#1390=ORIENTED_EDGE('',*,*,#1017,.F.);
#1391=ORIENTED_EDGE('',*,*,#1021,.F.);
#1392=ORIENTED_EDGE('',*,*,#1022,.T.);
#1393=ORIENTED_EDGE('',*,*,#1018,.F.);
#1394=ORIENTED_EDGE('',*,*,#1023,.T.);
#1395=ORIENTED_EDGE('',*,*,#1020,.F.);
#1396=ORIENTED_EDGE('',*,*,#1024,.F.);
#1397=ORIENTED_EDGE('',*,*,#1025,.F.);
#1398=ORIENTED_EDGE('',*,*,#1026,.F.);
#1399=ORIENTED_EDGE('',*,*,#1027,.F.);
#1400=ORIENTED_EDGE('',*,*,#1028,.T.);
#1401=ORIENTED_EDGE('',*,*,#1029,.T.);
#1402=ORIENTED_EDGE('',*,*,#1030,.T.);
#1403=ORIENTED_EDGE('',*,*,#1031,.T.);
#1404=ORIENTED_EDGE('',*,*,#1025,.T.);
#1405=ORIENTED_EDGE('',*,*,#1032,.F.);
#1406=ORIENTED_EDGE('',*,*,#1033,.T.);
#1407=ORIENTED_EDGE('',*,*,#1034,.T.);
#1408=ORIENTED_EDGE('',*,*,#1035,.T.);
#1409=ORIENTED_EDGE('',*,*,#1036,.T.);
#1410=ORIENTED_EDGE('',*,*,#1037,.T.);
#1411=ORIENTED_EDGE('',*,*,#1038,.F.);
#1412=ORIENTED_EDGE('',*,*,#1039,.T.);
#1413=ORIENTED_EDGE('',*,*,#1028,.F.);
#1414=ORIENTED_EDGE('',*,*,#1040,.F.);
#1415=ORIENTED_EDGE('',*,*,#1041,.T.);
#1416=ORIENTED_EDGE('',*,*,#1029,.F.);
#1417=ORIENTED_EDGE('',*,*,#1039,.F.);
#1418=ORIENTED_EDGE('',*,*,#1042,.F.);
#1419=ORIENTED_EDGE('',*,*,#1043,.F.);
#1420=ORIENTED_EDGE('',*,*,#1044,.T.);
#1421=ORIENTED_EDGE('',*,*,#1030,.F.);
#1422=ORIENTED_EDGE('',*,*,#1041,.F.);
#1423=ORIENTED_EDGE('',*,*,#1045,.F.);
#1424=ORIENTED_EDGE('',*,*,#1026,.T.);
#1425=ORIENTED_EDGE('',*,*,#1031,.F.);
#1426=ORIENTED_EDGE('',*,*,#1044,.F.);
#1427=ORIENTED_EDGE('',*,*,#1046,.F.);
#1428=ORIENTED_EDGE('',*,*,#1047,.T.);
#1429=ORIENTED_EDGE('',*,*,#1048,.T.);
#1430=ORIENTED_EDGE('',*,*,#1049,.F.);
#1431=ORIENTED_EDGE('',*,*,#1050,.F.);
#1432=ORIENTED_EDGE('',*,*,#1051,.T.);
#1433=ORIENTED_EDGE('',*,*,#1052,.T.);
#1434=ORIENTED_EDGE('',*,*,#1053,.F.);
#1435=ORIENTED_EDGE('',*,*,#1048,.F.);
#1436=ORIENTED_EDGE('',*,*,#1054,.T.);
#1437=ORIENTED_EDGE('',*,*,#1055,.T.);
#1438=ORIENTED_EDGE('',*,*,#1056,.F.);
#1439=ORIENTED_EDGE('',*,*,#1052,.F.);
#1440=ORIENTED_EDGE('',*,*,#1057,.T.);
#1441=ORIENTED_EDGE('',*,*,#1058,.T.);
#1442=ORIENTED_EDGE('',*,*,#1033,.F.);
#1443=ORIENTED_EDGE('',*,*,#1059,.F.);
#1444=ORIENTED_EDGE('',*,*,#1055,.F.);
#1445=ORIENTED_EDGE('',*,*,#1060,.T.);
#1446=ORIENTED_EDGE('',*,*,#1061,.T.);
#1447=ORIENTED_EDGE('',*,*,#1034,.F.);
#1448=ORIENTED_EDGE('',*,*,#1058,.F.);
#1449=ORIENTED_EDGE('',*,*,#1062,.T.);
#1450=ORIENTED_EDGE('',*,*,#1063,.T.);
#1451=ORIENTED_EDGE('',*,*,#1035,.F.);
#1452=ORIENTED_EDGE('',*,*,#1061,.F.);
#1453=ORIENTED_EDGE('',*,*,#1064,.T.);
#1454=ORIENTED_EDGE('',*,*,#1065,.T.);
#1455=ORIENTED_EDGE('',*,*,#1036,.F.);
#1456=ORIENTED_EDGE('',*,*,#1063,.F.);
#1457=ORIENTED_EDGE('',*,*,#1066,.T.);
#1458=ORIENTED_EDGE('',*,*,#1050,.T.);
#1459=ORIENTED_EDGE('',*,*,#1067,.F.);
#1460=ORIENTED_EDGE('',*,*,#1037,.F.);
#1461=ORIENTED_EDGE('',*,*,#1065,.F.);
#1462=ORIENTED_EDGE('',*,*,#937,.F.);
#1463=ORIENTED_EDGE('',*,*,#1068,.T.);
#1464=ORIENTED_EDGE('',*,*,#1069,.T.);
#1465=ORIENTED_EDGE('',*,*,#1070,.T.);
#1466=ORIENTED_EDGE('',*,*,#1022,.F.);
#1467=ORIENTED_EDGE('',*,*,#1071,.T.);
#1468=ORIENTED_EDGE('',*,*,#1072,.F.);
#1469=ORIENTED_EDGE('',*,*,#935,.F.);
#1470=ORIENTED_EDGE('',*,*,#1073,.F.);
#1471=ORIENTED_EDGE('',*,*,#1071,.F.);
#1472=ORIENTED_EDGE('',*,*,#1023,.F.);
#1473=ORIENTED_EDGE('',*,*,#1074,.T.);
#1474=ORIENTED_EDGE('',*,*,#1075,.F.);
#1475=ORIENTED_EDGE('',*,*,#933,.F.);
#1476=ORIENTED_EDGE('',*,*,#1076,.F.);
#1477=ORIENTED_EDGE('',*,*,#1074,.F.);
#1478=ORIENTED_EDGE('',*,*,#1077,.F.);
#1479=ORIENTED_EDGE('',*,*,#1078,.F.);
#1480=ORIENTED_EDGE('',*,*,#1042,.T.);
#1481=ORIENTED_EDGE('',*,*,#1038,.T.);
#1482=ORIENTED_EDGE('',*,*,#1027,.T.);
#1483=ORIENTED_EDGE('',*,*,#1067,.T.);
#1484=ORIENTED_EDGE('',*,*,#1049,.T.);
#1485=ORIENTED_EDGE('',*,*,#1053,.T.);
#1486=ORIENTED_EDGE('',*,*,#1056,.T.);
#1487=ORIENTED_EDGE('',*,*,#1059,.T.);
#1488=ORIENTED_EDGE('',*,*,#1032,.T.);
#1489=ORIENTED_EDGE('',*,*,#1024,.T.);
#1490=ORIENTED_EDGE('',*,*,#1045,.T.);
#1491=ORIENTED_EDGE('',*,*,#1079,.F.);
#1492=ORIENTED_EDGE('',*,*,#1068,.F.);
#1493=ORIENTED_EDGE('',*,*,#936,.F.);
#1494=ORIENTED_EDGE('',*,*,#1072,.T.);
#1495=ORIENTED_EDGE('',*,*,#1073,.T.);
#1496=ORIENTED_EDGE('',*,*,#934,.F.);
#1497=ORIENTED_EDGE('',*,*,#1075,.T.);
#1498=ORIENTED_EDGE('',*,*,#1076,.T.);
#1499=ORIENTED_EDGE('',*,*,#932,.F.);
#1500=ORIENTED_EDGE('',*,*,#931,.F.);
#1501=ORIENTED_EDGE('',*,*,#1080,.T.);
#1502=ORIENTED_EDGE('',*,*,#1081,.T.);
#1503=ORIENTED_EDGE('',*,*,#1077,.T.);
#1504=ORIENTED_EDGE('',*,*,#998,.T.);
#1505=ORIENTED_EDGE('',*,*,#1082,.T.);
#1506=ORIENTED_EDGE('',*,*,#929,.T.);
#1507=ORIENTED_EDGE('',*,*,#945,.T.);
#1508=ORIENTED_EDGE('',*,*,#1083,.T.);
#1509=ORIENTED_EDGE('',*,*,#1080,.F.);
#1510=ORIENTED_EDGE('',*,*,#930,.F.);
#1511=ORIENTED_EDGE('',*,*,#1082,.F.);
#1512=ORIENTED_EDGE('',*,*,#997,.F.);
#1513=ORIENTED_EDGE('',*,*,#996,.T.);
#1514=ORIENTED_EDGE('',*,*,#1084,.F.);
#1515=ORIENTED_EDGE('',*,*,#1081,.F.);
#1516=ORIENTED_EDGE('',*,*,#1083,.F.);
#1517=ORIENTED_EDGE('',*,*,#995,.T.);
#1518=ORIENTED_EDGE('',*,*,#1085,.F.);
#1519=ORIENTED_EDGE('',*,*,#1078,.T.);
#1520=ORIENTED_EDGE('',*,*,#1084,.T.);
#1521=ORIENTED_EDGE('',*,*,#1085,.T.);
#1522=ORIENTED_EDGE('',*,*,#994,.F.);
#1523=ORIENTED_EDGE('',*,*,#1086,.T.);
#1524=ORIENTED_EDGE('',*,*,#1046,.T.);
#1525=ORIENTED_EDGE('',*,*,#1043,.T.);
#1526=ORIENTED_EDGE('',*,*,#1040,.T.);
#1527=ORIENTED_EDGE('',*,*,#1009,.T.);
#1528=ORIENTED_EDGE('',*,*,#1087,.F.);
#1529=ORIENTED_EDGE('',*,*,#1079,.T.);
#1530=ORIENTED_EDGE('',*,*,#1086,.F.);
#1531=ORIENTED_EDGE('',*,*,#1008,.T.);
#1532=ORIENTED_EDGE('',*,*,#1088,.T.);
#1533=ORIENTED_EDGE('',*,*,#1069,.F.);
#1534=ORIENTED_EDGE('',*,*,#1087,.T.);
#1535=ORIENTED_EDGE('',*,*,#1088,.F.);
#1536=ORIENTED_EDGE('',*,*,#1007,.T.);
#1537=ORIENTED_EDGE('',*,*,#1089,.F.);
#1538=ORIENTED_EDGE('',*,*,#938,.F.);
#1539=ORIENTED_EDGE('',*,*,#1070,.F.);
#1540=ORIENTED_EDGE('',*,*,#1006,.T.);
#1541=ORIENTED_EDGE('',*,*,#1090,.T.);
#1542=ORIENTED_EDGE('',*,*,#939,.T.);
#1543=ORIENTED_EDGE('',*,*,#1089,.T.);
#1544=ORIENTED_EDGE('',*,*,#1005,.F.);
#1545=ORIENTED_EDGE('',*,*,#1091,.F.);
#1546=ORIENTED_EDGE('',*,*,#940,.F.);
#1547=ORIENTED_EDGE('',*,*,#1090,.F.);
#1548=ORIENTED_EDGE('',*,*,#941,.F.);
#1549=ORIENTED_EDGE('',*,*,#1091,.T.);
#1550=ORIENTED_EDGE('',*,*,#1004,.T.);
#1551=ORIENTED_EDGE('',*,*,#1092,.T.);
#1552=ORIENTED_EDGE('',*,*,#1093,.F.);
#1553=ORIENTED_EDGE('',*,*,#942,.F.);
#1554=ORIENTED_EDGE('',*,*,#1092,.F.);
#1555=ORIENTED_EDGE('',*,*,#1003,.F.);
#1556=ORIENTED_EDGE('',*,*,#924,.T.);
#1557=ORIENTED_EDGE('',*,*,#1013,.F.);
#1558=ORIENTED_EDGE('',*,*,#1094,.F.);
#1559=ORIENTED_EDGE('',*,*,#999,.T.);
#1560=ORIENTED_EDGE('',*,*,#1066,.F.);
#1561=ORIENTED_EDGE('',*,*,#1064,.F.);
#1562=ORIENTED_EDGE('',*,*,#1062,.F.);
#1563=ORIENTED_EDGE('',*,*,#1060,.F.);
#1564=ORIENTED_EDGE('',*,*,#1057,.F.);
#1565=ORIENTED_EDGE('',*,*,#1054,.F.);
#1566=ORIENTED_EDGE('',*,*,#1051,.F.);
#1567=ORIENTED_EDGE('',*,*,#1047,.F.);
#1568=ORIENTED_EDGE('',*,*,#1094,.T.);
#1569=ORIENTED_EDGE('',*,*,#1012,.T.);
#1570=ORIENTED_EDGE('',*,*,#1000,.T.);
#1571=ORIENTED_EDGE('',*,*,#943,.F.);
#1572=ORIENTED_EDGE('',*,*,#1093,.T.);
#1573=ORIENTED_EDGE('',*,*,#1002,.T.);
#1574=ORIENTED_EDGE('',*,*,#926,.T.);
#1575=PLANE('',#1754);
#1576=PLANE('',#1757);
#1577=PLANE('',#1758);
#1578=PLANE('',#1761);
#1579=PLANE('',#1764);
#1580=PLANE('',#1765);
#1581=PLANE('',#1769);
#1582=PLANE('',#1773);
#1583=PLANE('',#1777);
#1584=PLANE('',#1781);
#1585=PLANE('',#1786);
#1586=PLANE('',#1789);
#1587=PLANE('',#1790);
#1588=PLANE('',#1795);
#1589=PLANE('',#1798);
#1590=PLANE('',#1799);
#1591=PLANE('',#1800);
#1592=PLANE('',#1801);
#1593=PLANE('',#1802);
#1594=PLANE('',#1803);
#1595=PLANE('',#1804);
#1596=PLANE('',#1805);
#1597=PLANE('',#1814);
#1598=PLANE('',#1815);
#1599=PLANE('',#1819);
#1600=PLANE('',#1823);
#1601=PLANE('',#1824);
#1602=PLANE('',#1828);
#1603=PLANE('',#1832);
#1604=PLANE('',#1836);
#1605=PLANE('',#1840);
#1606=PLANE('',#1844);
#1607=PLANE('',#1848);
#1608=PLANE('',#1852);
#1609=PLANE('',#1856);
#1610=PLANE('',#1860);
#1611=PLANE('',#1864);
#1612=PLANE('',#1865);
#1613=PLANE('',#1872);
#1614=PLANE('',#1874);
#1615=PLANE('',#1876);
#1616=PLANE('',#1885);
#1617=PLANE('',#1887);
#1618=PLANE('',#1889);
#1619=PLANE('',#1890);
#1620=PLANE('',#1895);
#1621=PLANE('',#1899);
#1622=PLANE('',#1906);
#1623=PLANE('',#1910);
#1624=PLANE('',#1913);
#1625=PLANE('',#1916);
#1626=PLANE('',#1925);
#1627=PLANE('',#1929);
#1628=PLANE('',#1930);
#1629=PLANE('',#1931);
#1630=PLANE('',#1932);
#1631=PLANE('',#1933);
#1632=PLANE('',#1935);
#1633=PLANE('',#1937);
#1634=PLANE('',#1938);
#1635=PLANE('',#1939);
#1636=ADVANCED_FACE('',(#104),#1575,.F.);
#1637=ADVANCED_FACE('',(#105),#1576,.T.);
#1638=ADVANCED_FACE('',(#106),#1577,.T.);
#1639=ADVANCED_FACE('',(#107),#66,.F.);
#1640=ADVANCED_FACE('',(#108),#1578,.T.);
#1641=ADVANCED_FACE('',(#109),#67,.F.);
#1642=ADVANCED_FACE('',(#110),#1579,.F.);
#1643=ADVANCED_FACE('',(#111),#1580,.T.);
#1644=ADVANCED_FACE('',(#112),#68,.F.);
#1645=ADVANCED_FACE('',(#113),#1581,.T.);
#1646=ADVANCED_FACE('',(#114),#69,.F.);
#1647=ADVANCED_FACE('',(#115),#1582,.T.);
#1648=ADVANCED_FACE('',(#116),#70,.F.);
#1649=ADVANCED_FACE('',(#117),#1583,.T.);
#1650=ADVANCED_FACE('',(#118),#71,.F.);
#1651=ADVANCED_FACE('',(#119),#1584,.T.);
#1652=ADVANCED_FACE('',(#120),#72,.F.);
#1653=ADVANCED_FACE('',(#121),#1585,.F.);
#1654=ADVANCED_FACE('',(#122),#73,.F.);
#1655=ADVANCED_FACE('',(#123),#1586,.F.);
#1656=ADVANCED_FACE('',(#124),#1587,.T.);
#1657=ADVANCED_FACE('',(#125),#74,.F.);
#1658=ADVANCED_FACE('',(#126),#1588,.F.);
#1659=ADVANCED_FACE('',(#127),#75,.F.);
#1660=ADVANCED_FACE('',(#128),#1589,.F.);
#1661=ADVANCED_FACE('',(#129,#21,#22,#23,#24),#1590,.T.);
#1662=ADVANCED_FACE('',(#130),#1591,.F.);
#1663=ADVANCED_FACE('',(#131,#25,#26),#1592,.F.);
#1664=ADVANCED_FACE('',(#132),#1593,.T.);
#1665=ADVANCED_FACE('',(#133),#1594,.F.);
#1666=ADVANCED_FACE('',(#134),#1595,.F.);
#1667=ADVANCED_FACE('',(#135),#1596,.F.);
#1668=ADVANCED_FACE('',(#136),#1597,.T.);
#1669=ADVANCED_FACE('',(#137),#1598,.F.);
#1670=ADVANCED_FACE('',(#138),#76,.F.);
#1671=ADVANCED_FACE('',(#139),#1599,.F.);
#1672=ADVANCED_FACE('',(#140),#77,.F.);
#1673=ADVANCED_FACE('',(#141),#1600,.T.);
#1674=ADVANCED_FACE('',(#142),#1601,.F.);
#1675=ADVANCED_FACE('',(#143),#78,.F.);
#1676=ADVANCED_FACE('',(#144),#1602,.F.);
#1677=ADVANCED_FACE('',(#145),#79,.F.);
#1678=ADVANCED_FACE('',(#146),#1603,.T.);
#1679=ADVANCED_FACE('',(#147),#80,.F.);
#1680=ADVANCED_FACE('',(#148),#1604,.T.);
#1681=ADVANCED_FACE('',(#149),#81,.F.);
#1682=ADVANCED_FACE('',(#150),#1605,.T.);
#1683=ADVANCED_FACE('',(#151),#82,.F.);
#1684=ADVANCED_FACE('',(#152),#1606,.T.);
#1685=ADVANCED_FACE('',(#153),#83,.F.);
#1686=ADVANCED_FACE('',(#154),#1607,.T.);
#1687=ADVANCED_FACE('',(#155),#84,.F.);
#1688=ADVANCED_FACE('',(#156),#1608,.T.);
#1689=ADVANCED_FACE('',(#157),#85,.F.);
#1690=ADVANCED_FACE('',(#158),#1609,.T.);
#1691=ADVANCED_FACE('',(#159),#86,.F.);
#1692=ADVANCED_FACE('',(#160),#1610,.T.);
#1693=ADVANCED_FACE('',(#161),#87,.F.);
#1694=ADVANCED_FACE('',(#162),#1611,.T.);
#1695=ADVANCED_FACE('',(#163,#27,#28,#29,#30,#31,#32,#33,#34),#1612,.T.);
#1696=ADVANCED_FACE('',(#164),#1613,.T.);
#1697=ADVANCED_FACE('',(#165),#1614,.T.);
#1698=ADVANCED_FACE('',(#166,#35,#36),#1615,.F.);
#1699=ADVANCED_FACE('',(#167),#15,.T.);
#1700=ADVANCED_FACE('',(#168),#16,.T.);
#1701=ADVANCED_FACE('',(#169),#88,.T.);
#1702=ADVANCED_FACE('',(#170),#89,.T.);
#1703=ADVANCED_FACE('',(#171,#37),#1616,.T.);
#1704=ADVANCED_FACE('',(#172,#38),#1617,.T.);
#1705=ADVANCED_FACE('',(#173),#1618,.T.);
#1706=ADVANCED_FACE('',(#174),#1619,.F.);
#1707=ADVANCED_FACE('',(#175),#1620,.T.);
#1708=ADVANCED_FACE('',(#176),#90,.T.);
#1709=ADVANCED_FACE('',(#177),#1621,.T.);
#1710=ADVANCED_FACE('',(#178),#91,.T.);
#1711=ADVANCED_FACE('',(#179),#92,.F.);
#1712=ADVANCED_FACE('',(#180),#1622,.F.);
#1713=ADVANCED_FACE('',(#181),#93,.F.);
#1714=ADVANCED_FACE('',(#182),#1623,.F.);
#1715=ADVANCED_FACE('',(#183),#94,.F.);
#1716=ADVANCED_FACE('',(#184),#1624,.F.);
#1717=ADVANCED_FACE('',(#185),#95,.F.);
#1718=ADVANCED_FACE('',(#186),#1625,.F.);
#1719=ADVANCED_FACE('',(#187),#96,.F.);
#1720=ADVANCED_FACE('',(#188),#97,.T.);
#1721=ADVANCED_FACE('',(#189),#98,.T.);
#1722=ADVANCED_FACE('',(#190),#1626,.F.);
#1723=ADVANCED_FACE('',(#191),#99,.F.);
#1724=ADVANCED_FACE('',(#192),#100,.T.);
#1725=ADVANCED_FACE('',(#193),#1627,.F.);
#1726=ADVANCED_FACE('',(#194),#13,.T.);
#1727=ADVANCED_FACE('',(#195),#1628,.T.);
#1728=ADVANCED_FACE('',(#196),#1629,.F.);
#1729=ADVANCED_FACE('',(#197),#1630,.T.);
#1730=ADVANCED_FACE('',(#198),#14,.T.);
#1731=ADVANCED_FACE('',(#199),#1631,.T.);
#1732=ADVANCED_FACE('',(#200),#101,.T.);
#1733=ADVANCED_FACE('',(#201),#1632,.T.);
#1734=ADVANCED_FACE('',(#202),#102,.F.);
#1735=ADVANCED_FACE('',(#203),#1633,.F.);
#1736=ADVANCED_FACE('',(#204,#39),#1634,.F.);
#1737=ADVANCED_FACE('',(#205),#1635,.T.);
#1738=ADVANCED_FACE('',(#206),#103,.F.);
#1739=CLOSED_SHELL('',(#1636,#1637,#1638,#1639,#1640,#1641,#1642,#1643,
#1644,#1645,#1646,#1647,#1648,#1649,#1650,#1651,#1652,#1653,#1654,#1655,
#1656,#1657,#1658,#1659,#1660,#1661,#1662,#1663,#1664));
#1740=CLOSED_SHELL('',(#1665,#1666,#1667,#1668,#1669,#1670,#1671,#1672,
#1673,#1674,#1675,#1676,#1677,#1678,#1679,#1680,#1681,#1682,#1683,#1684,
#1685,#1686,#1687,#1688,#1689,#1690,#1691,#1692,#1693,#1694,#1695,#1696,
#1697,#1698,#1699,#1700,#1701,#1702,#1703,#1704,#1705,#1706,#1707,#1708,
#1709,#1710,#1711,#1712,#1713,#1714,#1715,#1716,#1717,#1718,#1719,#1720,
#1721,#1722,#1723,#1724,#1725,#1726,#1727,#1728,#1729,#1730,#1731,#1732,
#1733,#1734,#1735,#1736,#1737,#1738));
#1741=DERIVED_UNIT_ELEMENT(#1743,1.);
#1742=DERIVED_UNIT_ELEMENT(#2988,-3.);
#1743=(
MASS_UNIT()
NAMED_UNIT(*)
SI_UNIT(.KILO.,.GRAM.)
);
#1744=DERIVED_UNIT((#1741,#1742));
#1745=MEASURE_REPRESENTATION_ITEM('density measure',
POSITIVE_RATIO_MEASURE(7850.),#1744);
#1746=PROPERTY_DEFINITION_REPRESENTATION(#1751,#1748);
#1747=PROPERTY_DEFINITION_REPRESENTATION(#1752,#1749);
#1748=REPRESENTATION('material name',(#1750),#2985);
#1749=REPRESENTATION('density',(#1745),#2985);
#1750=DESCRIPTIVE_REPRESENTATION_ITEM('Steel','Steel');
#1751=PROPERTY_DEFINITION('material property','material name',#2995);
#1752=PROPERTY_DEFINITION('material property','density of part',#2995);
#1753=AXIS2_PLACEMENT_3D('',#2471,#1941,#1942);
#1754=AXIS2_PLACEMENT_3D('',#2472,#1943,#1944);
#1755=AXIS2_PLACEMENT_3D('',#2479,#1947,#1948);
#1756=AXIS2_PLACEMENT_3D('',#2483,#1950,#1951);
#1757=AXIS2_PLACEMENT_3D('',#2485,#1953,#1954);
#1758=AXIS2_PLACEMENT_3D('',#2492,#1958,#1959);
#1759=AXIS2_PLACEMENT_3D('',#2498,#1963,#1964);
#1760=AXIS2_PLACEMENT_3D('',#2501,#1966,#1967);
#1761=AXIS2_PLACEMENT_3D('',#2502,#1968,#1969);
#1762=AXIS2_PLACEMENT_3D('',#2506,#1972,#1973);
#1763=AXIS2_PLACEMENT_3D('',#2509,#1975,#1976);
#1764=AXIS2_PLACEMENT_3D('',#2510,#1977,#1978);
#1765=AXIS2_PLACEMENT_3D('',#2514,#1981,#1982);
#1766=AXIS2_PLACEMENT_3D('',#2516,#1983,#1984);
#1767=AXIS2_PLACEMENT_3D('',#2517,#1985,#1986);
#1768=AXIS2_PLACEMENT_3D('',#2519,#1987,#1988);
#1769=AXIS2_PLACEMENT_3D('',#2521,#1990,#1991);
#1770=AXIS2_PLACEMENT_3D('',#2523,#1992,#1993);
#1771=AXIS2_PLACEMENT_3D('',#2524,#1994,#1995);
#1772=AXIS2_PLACEMENT_3D('',#2526,#1996,#1997);
#1773=AXIS2_PLACEMENT_3D('',#2528,#1999,#2000);
#1774=AXIS2_PLACEMENT_3D('',#2530,#2001,#2002);
#1775=AXIS2_PLACEMENT_3D('',#2531,#2003,#2004);
#1776=AXIS2_PLACEMENT_3D('',#2533,#2005,#2006);
#1777=AXIS2_PLACEMENT_3D('',#2535,#2008,#2009);
#1778=AXIS2_PLACEMENT_3D('',#2537,#2010,#2011);
#1779=AXIS2_PLACEMENT_3D('',#2538,#2012,#2013);
#1780=AXIS2_PLACEMENT_3D('',#2540,#2014,#2015);
#1781=AXIS2_PLACEMENT_3D('',#2542,#2017,#2018);
#1782=AXIS2_PLACEMENT_3D('',#2545,#2019,#2020);
#1783=AXIS2_PLACEMENT_3D('',#2549,#2022,#2023);
#1784=AXIS2_PLACEMENT_3D('',#2551,#2025,#2026);
#1785=AXIS2_PLACEMENT_3D('',#2554,#2027,#2028);
#1786=AXIS2_PLACEMENT_3D('',#2557,#2031,#2032);
#1787=AXIS2_PLACEMENT_3D('',#2561,#2035,#2036);
#1788=AXIS2_PLACEMENT_3D('',#2563,#2037,#2038);
#1789=AXIS2_PLACEMENT_3D('',#2565,#2040,#2041);
#1790=AXIS2_PLACEMENT_3D('',#2567,#2043,#2044);
#1791=AXIS2_PLACEMENT_3D('',#2570,#2045,#2046);
#1792=AXIS2_PLACEMENT_3D('',#2574,#2048,#2049);
#1793=AXIS2_PLACEMENT_3D('',#2576,#2051,#2052);
#1794=AXIS2_PLACEMENT_3D('',#2579,#2053,#2054);
#1795=AXIS2_PLACEMENT_3D('',#2582,#2057,#2058);
#1796=AXIS2_PLACEMENT_3D('',#2586,#2061,#2062);
#1797=AXIS2_PLACEMENT_3D('',#2588,#2063,#2064);
#1798=AXIS2_PLACEMENT_3D('',#2590,#2066,#2067);
#1799=AXIS2_PLACEMENT_3D('',#2592,#2069,#2070);
#1800=AXIS2_PLACEMENT_3D('',#2599,#2075,#2076);
#1801=AXIS2_PLACEMENT_3D('',#2603,#2079,#2080);
#1802=AXIS2_PLACEMENT_3D('',#2605,#2082,#2083);
#1803=AXIS2_PLACEMENT_3D('',#2606,#2084,#2085);
#1804=AXIS2_PLACEMENT_3D('',#2621,#2093,#2094);
#1805=AXIS2_PLACEMENT_3D('',#2627,#2098,#2099);
#1806=AXIS2_PLACEMENT_3D('',#2631,#2101,#2102);
#1807=AXIS2_PLACEMENT_3D('',#2635,#2104,#2105);
#1808=AXIS2_PLACEMENT_3D('',#2639,#2107,#2108);
#1809=AXIS2_PLACEMENT_3D('',#2643,#2110,#2111);
#1810=AXIS2_PLACEMENT_3D('',#2647,#2113,#2114);
#1811=AXIS2_PLACEMENT_3D('',#2651,#2116,#2117);
#1812=AXIS2_PLACEMENT_3D('',#2655,#2119,#2120);
#1813=AXIS2_PLACEMENT_3D('',#2658,#2122,#2123);
#1814=AXIS2_PLACEMENT_3D('',#2659,#2124,#2125);
#1815=AXIS2_PLACEMENT_3D('',#2663,#2128,#2129);
#1816=AXIS2_PLACEMENT_3D('',#2672,#2134,#2135);
#1817=AXIS2_PLACEMENT_3D('',#2674,#2136,#2137);
#1818=AXIS2_PLACEMENT_3D('',#2677,#2139,#2140);
#1819=AXIS2_PLACEMENT_3D('',#2678,#2141,#2142);
#1820=AXIS2_PLACEMENT_3D('',#2684,#2146,#2147);
#1821=AXIS2_PLACEMENT_3D('',#2685,#2148,#2149);
#1822=AXIS2_PLACEMENT_3D('',#2686,#2150,#2151);
#1823=AXIS2_PLACEMENT_3D('',#2687,#2152,#2153);
#1824=AXIS2_PLACEMENT_3D('',#2688,#2154,#2155);
#1825=AXIS2_PLACEMENT_3D('',#2697,#2160,#2161);
#1826=AXIS2_PLACEMENT_3D('',#2699,#2162,#2163);
#1827=AXIS2_PLACEMENT_3D('',#2702,#2165,#2166);
#1828=AXIS2_PLACEMENT_3D('',#2703,#2167,#2168);
#1829=AXIS2_PLACEMENT_3D('',#2709,#2172,#2173);
#1830=AXIS2_PLACEMENT_3D('',#2710,#2174,#2175);
#1831=AXIS2_PLACEMENT_3D('',#2711,#2176,#2177);
#1832=AXIS2_PLACEMENT_3D('',#2712,#2178,#2179);
#1833=AXIS2_PLACEMENT_3D('',#2713,#2180,#2181);
#1834=AXIS2_PLACEMENT_3D('',#2715,#2182,#2183);
#1835=AXIS2_PLACEMENT_3D('',#2718,#2185,#2186);
#1836=AXIS2_PLACEMENT_3D('',#2719,#2187,#2188);
#1837=AXIS2_PLACEMENT_3D('',#2720,#2189,#2190);
#1838=AXIS2_PLACEMENT_3D('',#2722,#2191,#2192);
#1839=AXIS2_PLACEMENT_3D('',#2725,#2194,#2195);
#1840=AXIS2_PLACEMENT_3D('',#2726,#2196,#2197);
#1841=AXIS2_PLACEMENT_3D('',#2727,#2198,#2199);
#1842=AXIS2_PLACEMENT_3D('',#2729,#2200,#2201);
#1843=AXIS2_PLACEMENT_3D('',#2732,#2203,#2204);
#1844=AXIS2_PLACEMENT_3D('',#2733,#2205,#2206);
#1845=AXIS2_PLACEMENT_3D('',#2734,#2207,#2208);
#1846=AXIS2_PLACEMENT_3D('',#2736,#2209,#2210);
#1847=AXIS2_PLACEMENT_3D('',#2739,#2212,#2213);
#1848=AXIS2_PLACEMENT_3D('',#2740,#2214,#2215);
#1849=AXIS2_PLACEMENT_3D('',#2741,#2216,#2217);
#1850=AXIS2_PLACEMENT_3D('',#2743,#2218,#2219);
#1851=AXIS2_PLACEMENT_3D('',#2746,#2221,#2222);
#1852=AXIS2_PLACEMENT_3D('',#2747,#2223,#2224);
#1853=AXIS2_PLACEMENT_3D('',#2748,#2225,#2226);
#1854=AXIS2_PLACEMENT_3D('',#2750,#2227,#2228);
#1855=AXIS2_PLACEMENT_3D('',#2753,#2230,#2231);
#1856=AXIS2_PLACEMENT_3D('',#2754,#2232,#2233);
#1857=AXIS2_PLACEMENT_3D('',#2755,#2234,#2235);
#1858=AXIS2_PLACEMENT_3D('',#2757,#2236,#2237);
#1859=AXIS2_PLACEMENT_3D('',#2760,#2239,#2240);
#1860=AXIS2_PLACEMENT_3D('',#2761,#2241,#2242);
#1861=AXIS2_PLACEMENT_3D('',#2762,#2243,#2244);
#1862=AXIS2_PLACEMENT_3D('',#2764,#2245,#2246);
#1863=AXIS2_PLACEMENT_3D('',#2767,#2248,#2249);
#1864=AXIS2_PLACEMENT_3D('',#2768,#2250,#2251);
#1865=AXIS2_PLACEMENT_3D('',#2769,#2252,#2253);
#1866=AXIS2_PLACEMENT_3D('',#2776,#2256,#2257);
#1867=AXIS2_PLACEMENT_3D('',#2779,#2259,#2260);
#1868=AXIS2_PLACEMENT_3D('',#2786,#2264,#2265);
#1869=AXIS2_PLACEMENT_3D('',#2790,#2267,#2268);
#1870=AXIS2_PLACEMENT_3D('',#2794,#2270,#2271);
#1871=AXIS2_PLACEMENT_3D('',#2798,#2273,#2274);
#1872=AXIS2_PLACEMENT_3D('',#2800,#2276,#2277);
#1873=AXIS2_PLACEMENT_3D('',#2802,#2278,#2279);
#1874=AXIS2_PLACEMENT_3D('',#2803,#2280,#2281);
#1875=AXIS2_PLACEMENT_3D('',#2805,#2282,#2283);
#1876=AXIS2_PLACEMENT_3D('',#2806,#2284,#2285);
#1877=AXIS2_PLACEMENT_3D('',#2810,#2288,#2289);
#1878=AXIS2_PLACEMENT_3D('',#2813,#2291,#2292);
#1879=AXIS2_PLACEMENT_3D('',#2814,#2293,#2294);
#1880=AXIS2_PLACEMENT_3D('',#2817,#2296,#2297);
#1881=AXIS2_PLACEMENT_3D('',#2818,#2298,#2299);
#1882=AXIS2_PLACEMENT_3D('',#2820,#2300,#2301);
#1883=AXIS2_PLACEMENT_3D('',#2822,#2303,#2304);
#1884=AXIS2_PLACEMENT_3D('',#2824,#2305,#2306);
#1885=AXIS2_PLACEMENT_3D('',#2826,#2308,#2309);
#1886=AXIS2_PLACEMENT_3D('',#2828,#2310,#2311);
#1887=AXIS2_PLACEMENT_3D('',#2829,#2312,#2313);
#1888=AXIS2_PLACEMENT_3D('',#2831,#2314,#2315);
#1889=AXIS2_PLACEMENT_3D('',#2832,#2316,#2317);
#1890=AXIS2_PLACEMENT_3D('',#2839,#2321,#2322);
#1891=AXIS2_PLACEMENT_3D('',#2846,#2325,#2326);
#1892=AXIS2_PLACEMENT_3D('',#2849,#2328,#2329);
#1893=AXIS2_PLACEMENT_3D('',#2855,#2332,#2333);
#1894=AXIS2_PLACEMENT_3D('',#2859,#2335,#2336);
#1895=AXIS2_PLACEMENT_3D('',#2861,#2338,#2339);
#1896=AXIS2_PLACEMENT_3D('',#2865,#2342,#2343);
#1897=AXIS2_PLACEMENT_3D('',#2868,#2344,#2345);
#1898=AXIS2_PLACEMENT_3D('',#2870,#2347,#2348);
#1899=AXIS2_PLACEMENT_3D('',#2871,#2349,#2350);
#1900=AXIS2_PLACEMENT_3D('',#2875,#2353,#2354);
#1901=AXIS2_PLACEMENT_3D('',#2877,#2355,#2356);
#1902=AXIS2_PLACEMENT_3D('',#2878,#2357,#2358);
#1903=AXIS2_PLACEMENT_3D('',#2879,#2359,#2360);
#1904=AXIS2_PLACEMENT_3D('',#2882,#2361,#2362);
#1905=AXIS2_PLACEMENT_3D('',#2886,#2364,#2365);
#1906=AXIS2_PLACEMENT_3D('',#2888,#2367,#2368);
#1907=AXIS2_PLACEMENT_3D('',#2894,#2372,#2373);
#1908=AXIS2_PLACEMENT_3D('',#2896,#2374,#2375);
#1909=AXIS2_PLACEMENT_3D('',#2899,#2377,#2378);
#1910=AXIS2_PLACEMENT_3D('',#2900,#2379,#2380);
#1911=AXIS2_PLACEMENT_3D('',#2905,#2384,#2385);
#1912=AXIS2_PLACEMENT_3D('',#2907,#2386,#2387);
#1913=AXIS2_PLACEMENT_3D('',#2909,#2389,#2390);
#1914=AXIS2_PLACEMENT_3D('',#2913,#2393,#2394);
#1915=AXIS2_PLACEMENT_3D('',#2915,#2395,#2396);
#1916=AXIS2_PLACEMENT_3D('',#2917,#2398,#2399);
#1917=AXIS2_PLACEMENT_3D('',#2920,#2402,#2403);
#1918=AXIS2_PLACEMENT_3D('',#2924,#2405,#2406);
#1919=AXIS2_PLACEMENT_3D('',#2926,#2408,#2409);
#1920=AXIS2_PLACEMENT_3D('',#2929,#2411,#2412);
#1921=AXIS2_PLACEMENT_3D('',#2930,#2413,#2414);
#1922=AXIS2_PLACEMENT_3D('',#2931,#2415,#2416);
#1923=AXIS2_PLACEMENT_3D('',#2934,#2418,#2419);
#1924=AXIS2_PLACEMENT_3D('',#2935,#2420,#2421);
#1925=AXIS2_PLACEMENT_3D('',#2936,#2422,#2423);
#1926=AXIS2_PLACEMENT_3D('',#2941,#2427,#2428);
#1927=AXIS2_PLACEMENT_3D('',#2944,#2430,#2431);
#1928=AXIS2_PLACEMENT_3D('',#2945,#2432,#2433);
#1929=AXIS2_PLACEMENT_3D('',#2947,#2435,#2436);
#1930=AXIS2_PLACEMENT_3D('',#2956,#2439,#2440);
#1931=AXIS2_PLACEMENT_3D('',#2958,#2442,#2443);
#1932=AXIS2_PLACEMENT_3D('',#2960,#2445,#2446);
#1933=AXIS2_PLACEMENT_3D('',#2969,#2449,#2450);
#1934=AXIS2_PLACEMENT_3D('',#2971,#2452,#2453);
#1935=AXIS2_PLACEMENT_3D('',#2973,#2455,#2456);
#1936=AXIS2_PLACEMENT_3D('',#2975,#2458,#2459);
#1937=AXIS2_PLACEMENT_3D('',#2977,#2461,#2462);
#1938=AXIS2_PLACEMENT_3D('',#2979,#2464,#2465);
#1939=AXIS2_PLACEMENT_3D('',#2981,#2467,#2468);
#1940=AXIS2_PLACEMENT_3D('',#2982,#2469,#2470);
#1941=DIRECTION('axis',(0.,0.,1.));
#1942=DIRECTION('refdir',(1.,0.,0.));
#1943=DIRECTION('center_axis',(0.,-1.27731158983124E-13,-1.));
#1944=DIRECTION('ref_axis',(0.,1.,-1.27731158983124E-13));
#1945=DIRECTION('',(6.87328943006323E-17,1.,-1.27731158983124E-13));
#1946=DIRECTION('',(-1.,0.,0.));
#1947=DIRECTION('center_axis',(0.,1.27731158983124E-13,1.));
#1948=DIRECTION('ref_axis',(0.707106781186548,-0.707106781186548,9.02803163743168E-14));
#1949=DIRECTION('',(0.,1.,-1.27731158983124E-13));
#1950=DIRECTION('center_axis',(0.,1.27731158983124E-13,1.));
#1951=DIRECTION('ref_axis',(0.707106781186549,0.707106781186546,0.));
#1952=DIRECTION('',(-1.,0.,0.));
#1953=DIRECTION('center_axis',(1.,-3.07517367144327E-16,-3.23213777046188E-17));
#1954=DIRECTION('ref_axis',(-3.09211258773195E-16,-0.994521895368273,-0.104528463267653));
#1955=DIRECTION('',(2.18645377897755E-16,0.629320391049838,0.77714596145697));
#1956=DIRECTION('',(-3.09211258773195E-16,-0.994521895368273,-0.104528463267653));
#1957=DIRECTION('',(3.07517367144323E-16,1.,-1.27717281195316E-13));
#1958=DIRECTION('center_axis',(0.,-1.,0.));
#1959=DIRECTION('ref_axis',(0.,0.,-1.));
#1960=DIRECTION('',(0.,0.,1.));
#1961=DIRECTION('',(0.,0.,-1.));
#1962=DIRECTION('',(1.,0.,0.));
#1963=DIRECTION('center_axis',(0.,0.,-1.));
#1964=DIRECTION('ref_axis',(0.707106781186549,0.707106781186546,0.));
#1965=DIRECTION('',(0.,0.,1.));
#1966=DIRECTION('center_axis',(0.,-0.104528463267653,0.994521895368273));
#1967=DIRECTION('ref_axis',(1.56419990120325E-15,0.994521895368273,0.104528463267653));
#1968=DIRECTION('center_axis',(-1.,0.,0.));
#1969=DIRECTION('ref_axis',(0.,0.,1.));
#1970=DIRECTION('',(0.,-1.2765086463537E-13,-1.));
#1971=DIRECTION('',(0.,0.994521895368273,0.104528463267653));
#1972=DIRECTION('center_axis',(0.,-1.2765086463537E-13,-1.));
#1973=DIRECTION('ref_axis',(0.707106781186548,-0.707106781186548,9.02803163743168E-14));
#1974=DIRECTION('',(0.,1.2765086463537E-13,1.));
#1975=DIRECTION('center_axis',(0.,-0.104528463267653,0.994521895368273));
#1976=DIRECTION('ref_axis',(0.,-0.994521895368273,-0.104528463267653));
#1977=DIRECTION('center_axis',(0.,-1.,1.2765086463537E-13));
#1978=DIRECTION('ref_axis',(0.,-1.2765086463537E-13,-1.));
#1979=DIRECTION('',(-8.7738133863672E-30,-1.2765086463537E-13,-1.));
#1980=DIRECTION('',(-1.,0.,0.));
#1981=DIRECTION('center_axis',(0.,-0.104528463267654,0.994521895368273));
#1982=DIRECTION('ref_axis',(1.,0.,0.));
#1983=DIRECTION('center_axis',(0.,0.104528463267654,-0.994521895368273));
#1984=DIRECTION('ref_axis',(1.,0.,0.));
#1985=DIRECTION('center_axis',(0.,0.104528463267655,-0.994521895368273));
#1986=DIRECTION('ref_axis',(1.,0.,0.));
#1987=DIRECTION('center_axis',(0.,0.104528463267653,-0.994521895368273));
#1988=DIRECTION('ref_axis',(1.,0.,0.));
#1989=DIRECTION('',(0.,0.104528463267655,-0.994521895368273));
#1990=DIRECTION('center_axis',(0.,-0.104528463267654,0.994521895368273));
#1991=DIRECTION('ref_axis',(1.,0.,0.));
#1992=DIRECTION('center_axis',(0.,0.104528463267654,-0.994521895368273));
#1993=DIRECTION('ref_axis',(1.,0.,0.));
#1994=DIRECTION('center_axis',(0.,0.104528463267653,-0.994521895368273));
#1995=DIRECTION('ref_axis',(1.,0.,0.));
#1996=DIRECTION('center_axis',(0.,0.104528463267653,-0.994521895368273));
#1997=DIRECTION('ref_axis',(1.,0.,0.));
#1998=DIRECTION('',(0.,0.104528463267653,-0.994521895368273));
#1999=DIRECTION('center_axis',(0.,-0.104528463267654,0.994521895368273));
#2000=DIRECTION('ref_axis',(1.,0.,0.));
#2001=DIRECTION('center_axis',(0.,0.104528463267654,-0.994521895368273));
#2002=DIRECTION('ref_axis',(1.,0.,0.));
#2003=DIRECTION('center_axis',(0.,0.104528463267655,-0.994521895368273));
#2004=DIRECTION('ref_axis',(1.,0.,0.));
#2005=DIRECTION('center_axis',(0.,0.104528463267653,-0.994521895368273));
#2006=DIRECTION('ref_axis',(1.,0.,0.));
#2007=DIRECTION('',(0.,0.104528463267655,-0.994521895368273));
#2008=DIRECTION('center_axis',(0.,-0.104528463267654,0.994521895368273));
#2009=DIRECTION('ref_axis',(1.,0.,0.));
#2010=DIRECTION('center_axis',(0.,0.104528463267654,-0.994521895368273));
#2011=DIRECTION('ref_axis',(1.,0.,0.));
#2012=DIRECTION('center_axis',(0.,0.104528463267653,-0.994521895368273));
#2013=DIRECTION('ref_axis',(1.,0.,0.));
#2014=DIRECTION('center_axis',(0.,0.104528463267653,-0.994521895368273));
#2015=DIRECTION('ref_axis',(1.,0.,0.));
#2016=DIRECTION('',(0.,0.104528463267653,-0.994521895368273));
#2017=DIRECTION('center_axis',(0.,0.,-1.));
#2018=DIRECTION('ref_axis',(1.,0.,0.));
#2019=DIRECTION('center_axis',(0.,0.,1.));
#2020=DIRECTION('ref_axis',(6.83214169000102E-15,-1.,0.));
#2021=DIRECTION('',(-1.,0.,0.));
#2022=DIRECTION('center_axis',(0.,0.,1.));
#2023=DIRECTION('ref_axis',(0.,1.,0.));
#2024=DIRECTION('',(1.,-3.70074341541718E-16,0.));
#2025=DIRECTION('center_axis',(0.,0.,1.));
#2026=DIRECTION('ref_axis',(6.83214169000102E-15,-1.,0.));
#2027=DIRECTION('center_axis',(0.,1.27717281195316E-13,1.));
#2028=DIRECTION('ref_axis',(6.83214169000102E-15,-1.,0.));
#2029=DIRECTION('',(0.,0.,1.));
#2030=DIRECTION('',(0.,0.,1.));
#2031=DIRECTION('center_axis',(-3.70074341541718E-16,-1.,0.));
#2032=DIRECTION('ref_axis',(1.,-3.70074341541718E-16,0.));
#2033=DIRECTION('',(1.,-3.70074341541718E-16,4.72648887418552E-29));
#2034=DIRECTION('',(0.,0.,1.));
#2035=DIRECTION('center_axis',(0.,0.,1.));
#2036=DIRECTION('ref_axis',(0.,1.,0.));
#2037=DIRECTION('center_axis',(0.,1.27717281195316E-13,1.));
#2038=DIRECTION('ref_axis',(0.,1.,0.));
#2039=DIRECTION('',(0.,0.,1.));
#2040=DIRECTION('center_axis',(0.,1.,0.));
#2041=DIRECTION('ref_axis',(-1.,0.,0.));
#2042=DIRECTION('',(-1.,0.,0.));
#2043=DIRECTION('center_axis',(0.,0.,-1.));
#2044=DIRECTION('ref_axis',(1.,0.,0.));
#2045=DIRECTION('center_axis',(0.,0.,1.));
#2046=DIRECTION('ref_axis',(6.83214169000102E-15,-1.,0.));
#2047=DIRECTION('',(-1.,0.,0.));
#2048=DIRECTION('center_axis',(0.,0.,1.));
#2049=DIRECTION('ref_axis',(0.,1.,0.));
#2050=DIRECTION('',(1.,0.,0.));
#2051=DIRECTION('center_axis',(0.,0.,1.));
#2052=DIRECTION('ref_axis',(6.83214169000102E-15,-1.,0.));
#2053=DIRECTION('center_axis',(0.,1.27717281195316E-13,1.));
#2054=DIRECTION('ref_axis',(6.83214169000102E-15,-1.,0.));
#2055=DIRECTION('',(0.,0.,1.));
#2056=DIRECTION('',(0.,0.,1.));
#2057=DIRECTION('center_axis',(0.,-1.,0.));
#2058=DIRECTION('ref_axis',(1.,0.,0.));
#2059=DIRECTION('',(1.,0.,0.));
#2060=DIRECTION('',(0.,0.,1.));
#2061=DIRECTION('center_axis',(0.,0.,1.));
#2062=DIRECTION('ref_axis',(0.,1.,0.));
#2063=DIRECTION('center_axis',(0.,1.27717281195316E-13,1.));
#2064=DIRECTION('ref_axis',(0.,1.,0.));
#2065=DIRECTION('',(0.,0.,1.));
#2066=DIRECTION('center_axis',(0.,1.,0.));
#2067=DIRECTION('ref_axis',(-1.,0.,0.));
#2068=DIRECTION('',(-1.,0.,0.));
#2069=DIRECTION('center_axis',(0.,-0.104528463267653,0.994521895368273));
#2070=DIRECTION('ref_axis',(1.,0.,0.));
#2071=DIRECTION('',(6.83563683140121E-17,0.994521895368273,0.104528463267653));
#2072=DIRECTION('',(-1.,0.,0.));
#2073=DIRECTION('',(1.,5.09922289153047E-17,5.35949922463542E-18));
#2074=DIRECTION('',(6.83563683140121E-17,0.994521895368273,0.104528463267653));
#2075=DIRECTION('center_axis',(0.,-0.77714596145697,0.629320391049838));
#2076=DIRECTION('ref_axis',(0.,-0.629320391049838,-0.77714596145697));
#2077=DIRECTION('',(-4.32550119192611E-17,-0.629320391049838,-0.77714596145697));
#2078=DIRECTION('',(1.,0.,0.));
#2079=DIRECTION('center_axis',(0.,1.27717281195316E-13,1.));
#2080=DIRECTION('ref_axis',(0.,-1.,1.27717281195316E-13));
#2081=DIRECTION('',(-6.87328943006323E-17,-1.,1.27717281195316E-13));
#2082=DIRECTION('center_axis',(-1.,6.87328943006323E-17,0.));
#2083=DIRECTION('ref_axis',(0.,0.,1.));
#2084=DIRECTION('center_axis',(-1.,6.87328943006323E-17,0.));
#2085=DIRECTION('ref_axis',(0.,0.,1.));
#2086=DIRECTION('',(6.83563683140121E-17,0.994521895368273,0.104528463267653));
#2087=DIRECTION('',(0.,0.,1.));
#2088=DIRECTION('',(6.87328943006323E-17,1.,-1.27731158983124E-13));
#2089=DIRECTION('',(-8.7738133863672E-30,-1.2765086463537E-13,-1.));
#2090=DIRECTION('',(6.83563683140121E-17,0.994521895368273,0.104528463267653));
#2091=DIRECTION('',(-6.87328943006323E-17,-1.,1.27717281195316E-13));
#2092=DIRECTION('',(-4.32550119192611E-17,-0.629320391049838,-0.77714596145697));
#2093=DIRECTION('center_axis',(0.,-1.,1.2765086463537E-13));
#2094=DIRECTION('ref_axis',(0.,-1.2765086463537E-13,-1.));
#2095=DIRECTION('',(-1.,0.,0.));
#2096=DIRECTION('',(0.,-1.2765086463537E-13,-1.));
#2097=DIRECTION('',(-1.,0.,0.));
#2098=DIRECTION('center_axis',(0.,-1.27731158983124E-13,-1.));
#2099=DIRECTION('ref_axis',(0.,1.,-1.27731158983124E-13));
#2100=DIRECTION('',(-1.,0.,0.));
#2101=DIRECTION('center_axis',(0.,-1.27731158983124E-13,-1.));
#2102=DIRECTION('ref_axis',(-0.707106781186547,-0.707106781186547,0.));
#2103=DIRECTION('',(0.,1.,-1.27731158983124E-13));
#2104=DIRECTION('center_axis',(0.,1.27731158983124E-13,1.));
#2105=DIRECTION('ref_axis',(0.,1.,-1.27815008651583E-13));
#2106=DIRECTION('',(-1.,0.,0.));
#2107=DIRECTION('center_axis',(0.,-1.27731158983124E-13,-1.));
#2108=DIRECTION('ref_axis',(-1.,4.93038065763132E-32,7.80473128031745E-16));
#2109=DIRECTION('',(-1.,0.,0.));
#2110=DIRECTION('center_axis',(0.,-1.27731158983124E-13,-1.));
#2111=DIRECTION('ref_axis',(-1.,4.93038065763132E-32,7.80473128031744E-16));
#2112=DIRECTION('',(-1.,0.,0.));
#2113=DIRECTION('center_axis',(0.,1.27731158983124E-13,1.));
#2114=DIRECTION('ref_axis',(0.,1.,-1.27815008651583E-13));
#2115=DIRECTION('',(0.,-1.,1.27731158983124E-13));
#2116=DIRECTION('center_axis',(0.,-1.27731158983124E-13,-1.));
#2117=DIRECTION('ref_axis',(0.707106781186547,-0.707106781186547,0.));
#2118=DIRECTION('',(-1.,0.,0.));
#2119=DIRECTION('center_axis',(0.,1.27731158983124E-13,1.));
#2120=DIRECTION('ref_axis',(-0.707106781186549,0.707106781186546,0.));
#2121=DIRECTION('',(0.,-1.,1.27731158983124E-13));
#2122=DIRECTION('center_axis',(0.,1.27731158983124E-13,1.));
#2123=DIRECTION('ref_axis',(-0.707106781186548,-0.707106781186548,9.02803163743168E-14));
#2124=DIRECTION('center_axis',(0.,-1.,0.));
#2125=DIRECTION('ref_axis',(0.,0.,-1.));
#2126=DIRECTION('',(1.,0.,0.));
#2127=DIRECTION('',(0.,0.,1.));
#2128=DIRECTION('center_axis',(0.,1.,0.));
#2129=DIRECTION('ref_axis',(-1.,0.,0.));
#2130=DIRECTION('',(-1.,0.,0.));
#2131=DIRECTION('',(0.,0.,1.));
#2132=DIRECTION('',(-1.,0.,0.));
#2133=DIRECTION('',(0.,0.,1.));
#2134=DIRECTION('center_axis',(0.,0.,1.));
#2135=DIRECTION('ref_axis',(0.,1.,0.));
#2136=DIRECTION('center_axis',(0.,1.27717281195316E-13,1.));
#2137=DIRECTION('ref_axis',(0.,1.,0.));
#2138=DIRECTION('',(0.,0.,1.));
#2139=DIRECTION('center_axis',(0.,0.,1.));
#2140=DIRECTION('ref_axis',(0.,1.,0.));
#2141=DIRECTION('center_axis',(0.,-1.,0.));
#2142=DIRECTION('ref_axis',(1.,0.,0.));
#2143=DIRECTION('',(1.,0.,0.));
#2144=DIRECTION('',(0.,0.,1.));
#2145=DIRECTION('',(1.,0.,0.));
#2146=DIRECTION('center_axis',(0.,0.,1.));
#2147=DIRECTION('ref_axis',(6.83214169000102E-15,-1.,0.));
#2148=DIRECTION('center_axis',(0.,1.27717281195316E-13,1.));
#2149=DIRECTION('ref_axis',(6.83214169000102E-15,-1.,0.));
#2150=DIRECTION('center_axis',(0.,0.,1.));
#2151=DIRECTION('ref_axis',(6.83214169000102E-15,-1.,0.));
#2152=DIRECTION('center_axis',(0.,0.,-1.));
#2153=DIRECTION('ref_axis',(1.,0.,0.));
#2154=DIRECTION('center_axis',(0.,1.,0.));
#2155=DIRECTION('ref_axis',(-1.,0.,0.));
#2156=DIRECTION('',(-1.,0.,0.));
#2157=DIRECTION('',(0.,0.,1.));
#2158=DIRECTION('',(-1.,0.,0.));
#2159=DIRECTION('',(0.,0.,1.));
#2160=DIRECTION('center_axis',(0.,0.,1.));
#2161=DIRECTION('ref_axis',(0.,1.,0.));
#2162=DIRECTION('center_axis',(0.,1.27717281195316E-13,1.));
#2163=DIRECTION('ref_axis',(0.,1.,0.));
#2164=DIRECTION('',(0.,0.,1.));
#2165=DIRECTION('center_axis',(0.,0.,1.));
#2166=DIRECTION('ref_axis',(0.,1.,0.));
#2167=DIRECTION('center_axis',(-3.70074341541718E-16,-1.,0.));
#2168=DIRECTION('ref_axis',(1.,-3.70074341541718E-16,0.));
#2169=DIRECTION('',(1.,-3.70074341541718E-16,4.72648887418552E-29));
#2170=DIRECTION('',(0.,0.,1.));
#2171=DIRECTION('',(1.,-3.70074341541718E-16,0.));
#2172=DIRECTION('center_axis',(0.,0.,1.));
#2173=DIRECTION('ref_axis',(6.83214169000102E-15,-1.,0.));
#2174=DIRECTION('center_axis',(0.,1.27717281195316E-13,1.));
#2175=DIRECTION('ref_axis',(6.83214169000102E-15,-1.,0.));
#2176=DIRECTION('center_axis',(0.,0.,1.));
#2177=DIRECTION('ref_axis',(6.83214169000102E-15,-1.,0.));
#2178=DIRECTION('center_axis',(0.,0.,-1.));
#2179=DIRECTION('ref_axis',(1.,0.,0.));
#2180=DIRECTION('center_axis',(0.,0.104528463267655,-0.994521895368273));
#2181=DIRECTION('ref_axis',(1.,0.,0.));
#2182=DIRECTION('center_axis',(0.,0.104528463267653,-0.994521895368273));
#2183=DIRECTION('ref_axis',(1.,0.,0.));
#2184=DIRECTION('',(0.,0.104528463267655,-0.994521895368273));
#2185=DIRECTION('center_axis',(0.,0.104528463267654,-0.994521895368273));
#2186=DIRECTION('ref_axis',(1.,0.,0.));
#2187=DIRECTION('center_axis',(0.,-0.104528463267654,0.994521895368273));
#2188=DIRECTION('ref_axis',(1.,0.,0.));
#2189=DIRECTION('center_axis',(0.,0.104528463267653,-0.994521895368273));
#2190=DIRECTION('ref_axis',(1.,0.,0.));
#2191=DIRECTION('center_axis',(0.,0.104528463267653,-0.994521895368273));
#2192=DIRECTION('ref_axis',(1.,0.,0.));
#2193=DIRECTION('',(0.,0.104528463267653,-0.994521895368273));
#2194=DIRECTION('center_axis',(0.,0.104528463267654,-0.994521895368273));
#2195=DIRECTION('ref_axis',(1.,0.,0.));
#2196=DIRECTION('center_axis',(0.,-0.104528463267654,0.994521895368273));
#2197=DIRECTION('ref_axis',(1.,0.,0.));
#2198=DIRECTION('center_axis',(0.,0.104528463267653,-0.994521895368273));
#2199=DIRECTION('ref_axis',(1.,0.,0.));
#2200=DIRECTION('center_axis',(0.,0.104528463267653,-0.994521895368273));
#2201=DIRECTION('ref_axis',(1.,0.,0.));
#2202=DIRECTION('',(0.,0.104528463267653,-0.994521895368273));
#2203=DIRECTION('center_axis',(0.,0.104528463267654,-0.994521895368273));
#2204=DIRECTION('ref_axis',(1.,0.,0.));
#2205=DIRECTION('center_axis',(0.,-0.104528463267654,0.994521895368273));
#2206=DIRECTION('ref_axis',(1.,0.,0.));
#2207=DIRECTION('center_axis',(0.,0.104528463267655,-0.994521895368273));
#2208=DIRECTION('ref_axis',(1.,0.,0.));
#2209=DIRECTION('center_axis',(0.,0.104528463267653,-0.994521895368273));
#2210=DIRECTION('ref_axis',(1.,0.,0.));
#2211=DIRECTION('',(0.,0.104528463267655,-0.994521895368273));
#2212=DIRECTION('center_axis',(0.,0.104528463267654,-0.994521895368273));
#2213=DIRECTION('ref_axis',(1.,0.,0.));
#2214=DIRECTION('center_axis',(0.,-0.104528463267654,0.994521895368273));
#2215=DIRECTION('ref_axis',(1.,0.,0.));
#2216=DIRECTION('center_axis',(0.,0.104528463267655,-0.994521895368273));
#2217=DIRECTION('ref_axis',(1.,0.,0.));
#2218=DIRECTION('center_axis',(0.,0.104528463267653,-0.994521895368273));
#2219=DIRECTION('ref_axis',(1.,0.,0.));
#2220=DIRECTION('',(0.,0.104528463267655,-0.994521895368273));
#2221=DIRECTION('center_axis',(0.,0.104528463267654,-0.994521895368273));
#2222=DIRECTION('ref_axis',(1.,0.,0.));
#2223=DIRECTION('center_axis',(0.,-0.104528463267654,0.994521895368273));
#2224=DIRECTION('ref_axis',(1.,0.,0.));
#2225=DIRECTION('center_axis',(0.,0.104528463267653,-0.994521895368273));
#2226=DIRECTION('ref_axis',(1.,0.,0.));
#2227=DIRECTION('center_axis',(0.,0.104528463267653,-0.994521895368273));
#2228=DIRECTION('ref_axis',(1.,0.,0.));
#2229=DIRECTION('',(0.,0.104528463267653,-0.994521895368273));
#2230=DIRECTION('center_axis',(0.,0.104528463267654,-0.994521895368273));
#2231=DIRECTION('ref_axis',(1.,0.,0.));
#2232=DIRECTION('center_axis',(0.,-0.104528463267654,0.994521895368273));
#2233=DIRECTION('ref_axis',(1.,0.,0.));
#2234=DIRECTION('center_axis',(0.,0.104528463267653,-0.994521895368273));
#2235=DIRECTION('ref_axis',(1.,0.,0.));
#2236=DIRECTION('center_axis',(0.,0.104528463267653,-0.994521895368273));
#2237=DIRECTION('ref_axis',(1.,0.,0.));
#2238=DIRECTION('',(0.,0.104528463267653,-0.994521895368273));
#2239=DIRECTION('center_axis',(0.,0.104528463267654,-0.994521895368273));
#2240=DIRECTION('ref_axis',(1.,0.,0.));
#2241=DIRECTION('center_axis',(0.,-0.104528463267654,0.994521895368273));
#2242=DIRECTION('ref_axis',(1.,0.,0.));
#2243=DIRECTION('center_axis',(0.,0.104528463267655,-0.994521895368273));
#2244=DIRECTION('ref_axis',(1.,0.,0.));
#2245=DIRECTION('center_axis',(0.,0.104528463267653,-0.994521895368273));
#2246=DIRECTION('ref_axis',(1.,0.,0.));
#2247=DIRECTION('',(0.,0.104528463267655,-0.994521895368273));
#2248=DIRECTION('center_axis',(0.,0.104528463267654,-0.994521895368273));
#2249=DIRECTION('ref_axis',(1.,0.,0.));
#2250=DIRECTION('center_axis',(0.,-0.104528463267654,0.994521895368273));
#2251=DIRECTION('ref_axis',(1.,0.,0.));
#2252=DIRECTION('center_axis',(0.,-0.104528463267653,0.994521895368273));
#2253=DIRECTION('ref_axis',(1.,0.,0.));
#2254=DIRECTION('',(1.,0.,0.));
#2255=DIRECTION('',(-1.,0.,0.));
#2256=DIRECTION('center_axis',(0.,-0.104528463267653,0.994521895368273));
#2257=DIRECTION('ref_axis',(-1.96261557335472E-16,0.994521895368273,0.104528463267654));
#2258=DIRECTION('',(0.,-0.994521895368273,-0.104528463267653));
#2259=DIRECTION('center_axis',(0.,0.104528463267653,-0.994521895368273));
#2260=DIRECTION('ref_axis',(0.,-0.994521895368273,-0.104528463267653));
#2261=DIRECTION('',(1.,5.09922289153047E-17,5.35949922463542E-18));
#2262=DIRECTION('',(0.,0.994521895368273,0.104528463267653));
#2263=DIRECTION('',(-1.,0.,0.));
#2264=DIRECTION('center_axis',(0.,-0.104528463267653,0.994521895368273));
#2265=DIRECTION('ref_axis',(0.,-0.994521895368273,-0.104528463267653));
#2266=DIRECTION('',(0.,0.994521895368273,0.104528463267653));
#2267=DIRECTION('center_axis',(0.,-0.104528463267653,0.994521895368273));
#2268=DIRECTION('ref_axis',(-1.56419990120325E-15,0.994521895368273,0.104528463267653));
#2269=DIRECTION('',(1.,0.,0.));
#2270=DIRECTION('center_axis',(0.,0.104528463267653,-0.994521895368273));
#2271=DIRECTION('ref_axis',(0.,-0.994521895368273,-0.104528463267653));
#2272=DIRECTION('',(0.,-0.994521895368273,-0.104528463267653));
#2273=DIRECTION('center_axis',(0.,-0.104528463267653,0.994521895368273));
#2274=DIRECTION('ref_axis',(1.96261557335472E-16,0.994521895368273,0.104528463267654));
#2275=DIRECTION('',(-1.,0.,0.));
#2276=DIRECTION('center_axis',(7.07767178198537E-16,-1.97215226305253E-31,
1.));
#2277=DIRECTION('ref_axis',(-1.,4.93038065763132E-32,7.07767178198537E-16));
#2278=DIRECTION('center_axis',(-7.07767178198537E-16,1.97215226305253E-31,
-1.));
#2279=DIRECTION('ref_axis',(-1.,4.93038065763132E-32,7.07767178198537E-16));
#2280=DIRECTION('center_axis',(7.07767178198537E-16,-1.97215226305253E-31,
1.));
#2281=DIRECTION('ref_axis',(-1.,4.93038065763132E-32,7.07767178198537E-16));
#2282=DIRECTION('center_axis',(-7.07767178198537E-16,1.97215226305253E-31,
-1.));
#2283=DIRECTION('ref_axis',(-1.,4.93038065763132E-32,7.07767178198537E-16));
#2284=DIRECTION('center_axis',(0.,1.27717281195316E-13,1.));
#2285=DIRECTION('ref_axis',(0.,-1.,1.27717281195316E-13));
#2286=DIRECTION('',(0.,-1.,1.27717281195316E-13));
#2287=DIRECTION('',(1.,0.,0.));
#2288=DIRECTION('center_axis',(0.,0.,-1.));
#2289=DIRECTION('ref_axis',(-1.,4.93038065763132E-32,7.00197475757911E-16));
#2290=DIRECTION('',(0.707106781186547,8.65956056235492E-17,-0.707106781186548));
#2291=DIRECTION('center_axis',(7.07767178198537E-16,-1.97215226305253E-31,
1.));
#2292=DIRECTION('ref_axis',(-1.,4.93038065763132E-32,6.93889390390723E-16));
#2293=DIRECTION('center_axis',(0.,0.,-1.));
#2294=DIRECTION('ref_axis',(-1.,4.93038065763132E-32,7.00197475757911E-16));
#2295=DIRECTION('',(0.707106781186547,8.65956056235492E-17,-0.707106781186548));
#2296=DIRECTION('center_axis',(7.07767178198537E-16,-1.97215226305253E-31,
1.));
#2297=DIRECTION('ref_axis',(-1.,4.93038065763132E-32,6.93889390390723E-16));
#2298=DIRECTION('center_axis',(-6.93889390390723E-16,0.,-1.));
#2299=DIRECTION('ref_axis',(-1.,4.93038065763132E-32,6.93889390390723E-16));
#2300=DIRECTION('center_axis',(7.07767178198537E-16,-1.97215226305253E-31,
1.));
#2301=DIRECTION('ref_axis',(-1.,4.93038065763132E-32,6.93889390390723E-16));
#2302=DIRECTION('',(6.93889390390723E-16,0.,1.));
#2303=DIRECTION('center_axis',(-6.93889390390723E-16,0.,-1.));
#2304=DIRECTION('ref_axis',(-1.,4.93038065763132E-32,6.93889390390723E-16));
#2305=DIRECTION('center_axis',(7.07767178198537E-16,-1.97215226305253E-31,
1.));
#2306=DIRECTION('ref_axis',(-1.,4.93038065763132E-32,6.93889390390723E-16));
#2307=DIRECTION('',(6.93889390390723E-16,0.,1.));
#2308=DIRECTION('center_axis',(7.07767178198537E-16,-1.97215226305253E-31,
1.));
#2309=DIRECTION('ref_axis',(-1.,4.93038065763132E-32,7.07767178198537E-16));
#2310=DIRECTION('center_axis',(7.07767178198537E-16,-1.97215226305253E-31,
1.));
#2311=DIRECTION('ref_axis',(-1.,4.93038065763132E-32,7.07767178198537E-16));
#2312=DIRECTION('center_axis',(7.07767178198537E-16,-1.97215226305253E-31,
1.));
#2313=DIRECTION('ref_axis',(-1.,4.93038065763132E-32,7.07767178198537E-16));
#2314=DIRECTION('center_axis',(7.07767178198537E-16,-1.97215226305253E-31,
1.));
#2315=DIRECTION('ref_axis',(-1.,4.93038065763132E-32,7.07767178198537E-16));
#2316=DIRECTION('center_axis',(-1.,0.,2.77555756156289E-16));
#2317=DIRECTION('ref_axis',(-2.77555756156289E-16,0.,-1.));
#2318=DIRECTION('',(2.15701334975996E-16,0.629320391049837,0.777145961456971));
#2319=DIRECTION('',(-2.77555756156289E-16,2.34627647713675E-32,-1.));
#2320=DIRECTION('',(0.,-1.,0.));
#2321=DIRECTION('center_axis',(2.77555756156289E-16,1.,-5.35744330041219E-32));
#2322=DIRECTION('ref_axis',(0.,5.35744330041219E-32,1.));
#2323=DIRECTION('',(-1.,2.77555756156289E-16,3.42752814057338E-16));
#2324=DIRECTION('',(2.77555756156289E-16,-2.34627647713676E-32,1.));
#2325=DIRECTION('center_axis',(-2.77555756156289E-16,-1.,5.35744330041219E-32));
#2326=DIRECTION('ref_axis',(0.,0.,1.));
#2327=DIRECTION('',(-1.,2.77555756156289E-16,0.));
#2328=DIRECTION('center_axis',(-2.77555756156289E-16,-1.,5.35744330041219E-32));
#2329=DIRECTION('ref_axis',(-1.,0.,0.));
#2330=DIRECTION('',(-1.,2.77555756156289E-16,3.42752814057338E-16));
#2331=DIRECTION('',(0.,5.35744330041219E-32,1.));
#2332=DIRECTION('center_axis',(2.77555756156289E-16,1.,-5.35744330041219E-32));
#2333=DIRECTION('ref_axis',(-1.,0.,0.));
#2334=DIRECTION('',(1.,-2.77555756156289E-16,0.));
#2335=DIRECTION('center_axis',(2.77555756156289E-16,1.,-5.35744330041219E-32));
#2336=DIRECTION('ref_axis',(0.,0.,1.));
#2337=DIRECTION('',(0.,-5.35744330041219E-32,-1.));
#2338=DIRECTION('center_axis',(1.,0.,-2.77555756156289E-16));
#2339=DIRECTION('ref_axis',(2.77555756156289E-16,0.,1.));
#2340=DIRECTION('',(-2.15701334975996E-16,-0.629320391049837,-0.777145961456971));
#2341=DIRECTION('',(0.,-1.,0.));
#2342=DIRECTION('center_axis',(0.,-1.,0.));
#2343=DIRECTION('ref_axis',(0.,0.,1.));
#2344=DIRECTION('center_axis',(0.,0.994521895368273,0.104528463267653));
#2345=DIRECTION('ref_axis',(0.,-0.104528463267653,0.994521895368273));
#2346=DIRECTION('',(0.,-1.,0.));
#2347=DIRECTION('center_axis',(0.,0.777145961456971,-0.629320391049837));
#2348=DIRECTION('ref_axis',(0.,0.629320391049837,0.777145961456971));
#2349=DIRECTION('center_axis',(0.,0.,1.));
#2350=DIRECTION('ref_axis',(-1.,0.,0.));
#2351=DIRECTION('',(1.,0.,0.));
#2352=DIRECTION('',(0.,-1.,0.));
#2353=DIRECTION('center_axis',(0.,-1.,0.));
#2354=DIRECTION('ref_axis',(-1.,0.,0.));
#2355=DIRECTION('center_axis',(0.,0.777145961456971,-0.629320391049837));
#2356=DIRECTION('ref_axis',(0.,-0.629320391049837,-0.777145961456971));
#2357=DIRECTION('center_axis',(0.,0.994521895368273,0.104528463267653));
#2358=DIRECTION('ref_axis',(0.,0.104528463267653,-0.994521895368273));
#2359=DIRECTION('center_axis',(0.,-1.,0.));
#2360=DIRECTION('ref_axis',(1.,0.,0.));
#2361=DIRECTION('center_axis',(0.,0.77714596145697,-0.629320391049838));
#2362=DIRECTION('ref_axis',(0.,0.629320391049838,0.77714596145697));
#2363=DIRECTION('',(0.,-1.,0.));
#2364=DIRECTION('center_axis',(0.,0.777145961456971,-0.629320391049837));
#2365=DIRECTION('ref_axis',(0.,0.629320391049837,0.777145961456971));
#2366=DIRECTION('',(0.,-1.,0.));
#2367=DIRECTION('center_axis',(0.,0.,-1.));
#2368=DIRECTION('ref_axis',(1.,0.,0.));
#2369=DIRECTION('',(-1.,0.,0.));
#2370=DIRECTION('',(0.,-1.,0.));
#2371=DIRECTION('',(-1.,0.,0.));
#2372=DIRECTION('center_axis',(0.,-1.,0.));
#2373=DIRECTION('ref_axis',(1.11022302462516E-15,0.,-1.));
#2374=DIRECTION('center_axis',(0.,0.77714596145697,-0.629320391049838));
#2375=DIRECTION('ref_axis',(8.62805339903983E-16,-0.629320391049838,-0.77714596145697));
#2376=DIRECTION('',(0.,-1.,0.));
#2377=DIRECTION('center_axis',(0.,0.777145961456971,-0.629320391049837));
#2378=DIRECTION('ref_axis',(8.62805339903984E-16,-0.629320391049837,-0.777145961456971));
#2379=DIRECTION('center_axis',(-1.,0.,0.));
#2380=DIRECTION('ref_axis',(0.,0.,-1.));
#2381=DIRECTION('',(0.,0.629320391049838,0.77714596145697));
#2382=DIRECTION('',(0.,-1.,0.));
#2383=DIRECTION('',(0.,0.629320391049837,0.777145961456971));
#2384=DIRECTION('center_axis',(0.,-1.,0.));
#2385=DIRECTION('ref_axis',(-1.,0.,0.));
#2386=DIRECTION('center_axis',(0.,0.77714596145697,-0.629320391049838));
#2387=DIRECTION('ref_axis',(0.,-0.629320391049838,-0.77714596145697));
#2388=DIRECTION('',(0.,-1.,0.));
#2389=DIRECTION('center_axis',(0.,0.,1.));
#2390=DIRECTION('ref_axis',(-1.,0.,0.));
#2391=DIRECTION('',(1.,0.,0.));
#2392=DIRECTION('',(0.,-1.,0.));
#2393=DIRECTION('center_axis',(0.,-1.,0.));
#2394=DIRECTION('ref_axis',(0.,0.,1.));
#2395=DIRECTION('center_axis',(0.,0.77714596145697,-0.629320391049838));
#2396=DIRECTION('ref_axis',(0.,0.629320391049838,0.77714596145697));
#2397=DIRECTION('',(0.,-1.,0.));
#2398=DIRECTION('center_axis',(1.,0.,0.));
#2399=DIRECTION('ref_axis',(0.,0.,1.));
#2400=DIRECTION('',(0.,-0.629320391049838,-0.77714596145697));
#2401=DIRECTION('',(0.,-0.629320391049837,-0.777145961456971));
#2402=DIRECTION('center_axis',(0.,-0.629320391049837,-0.777145961456971));
#2403=DIRECTION('ref_axis',(-0.707106781186547,0.549525179317964,-0.444996716050309));
#2404=DIRECTION('',(0.,0.629320391049837,0.777145961456971));
#2405=DIRECTION('center_axis',(0.,-0.104528463267653,0.994521895368273));
#2406=DIRECTION('ref_axis',(1.96261557335472E-16,0.994521895368273,0.104528463267653));
#2407=DIRECTION('',(0.,-0.629320391049837,-0.777145961456971));
#2408=DIRECTION('center_axis',(7.80473128031745E-16,0.,1.));
#2409=DIRECTION('ref_axis',(-1.,4.93038065763132E-32,7.80473128031744E-16));
#2410=DIRECTION('',(-7.80473128031744E-16,0.,-1.));
#2411=DIRECTION('center_axis',(0.,0.777145961456971,-0.629320391049837));
#2412=DIRECTION('ref_axis',(-6.0654153947556E-16,-0.629320391049837,-0.777145961456971));
#2413=DIRECTION('center_axis',(0.,0.777145961456971,-0.629320391049837));
#2414=DIRECTION('ref_axis',(-6.0654153947556E-16,-0.629320391049837,-0.777145961456971));
#2415=DIRECTION('center_axis',(7.80473128031745E-16,0.,1.));
#2416=DIRECTION('ref_axis',(-1.,4.93038065763132E-32,7.80473128031745E-16));
#2417=DIRECTION('',(-7.80473128031745E-16,0.,-1.));
#2418=DIRECTION('center_axis',(0.,0.777145961456971,-0.629320391049837));
#2419=DIRECTION('ref_axis',(-6.0654153947556E-16,-0.629320391049837,-0.777145961456971));
#2420=DIRECTION('center_axis',(0.,0.777145961456971,-0.629320391049837));
#2421=DIRECTION('ref_axis',(-6.0654153947556E-16,-0.629320391049837,-0.777145961456971));
#2422=DIRECTION('center_axis',(0.,0.777145961456971,-0.629320391049837));
#2423=DIRECTION('ref_axis',(0.,-0.629320391049837,-0.777145961456971));
#2424=DIRECTION('',(0.,-0.629320391049837,-0.777145961456971));
#2425=DIRECTION('',(1.,0.,0.));
#2426=DIRECTION('',(1.,0.,0.));
#2427=DIRECTION('center_axis',(0.,0.629320391049837,0.777145961456971));
#2428=DIRECTION('ref_axis',(0.707106781186547,0.549525179317964,-0.444996716050309));
#2429=DIRECTION('',(0.,0.629320391049837,0.777145961456971));
#2430=DIRECTION('center_axis',(0.,-0.104528463267653,0.994521895368273));
#2431=DIRECTION('ref_axis',(-1.96261557335472E-16,0.994521895368273,0.104528463267653));
#2432=DIRECTION('center_axis',(0.,0.,1.));
#2433=DIRECTION('ref_axis',(-0.707106781186547,-0.707106781186547,0.));
#2434=DIRECTION('',(0.,0.,-1.));
#2435=DIRECTION('center_axis',(1.,0.,0.));
#2436=DIRECTION('ref_axis',(0.,0.104528463267653,-0.994521895368273));
#2437=DIRECTION('',(0.,0.104528463267654,-0.994521895368273));
#2438=DIRECTION('',(0.,-0.104528463267654,0.994521895368273));
#2439=DIRECTION('center_axis',(0.,-0.994521895368273,-0.104528463267654));
#2440=DIRECTION('ref_axis',(1.,0.,0.));
#2441=DIRECTION('',(0.,-0.104528463267654,0.994521895368273));
#2442=DIRECTION('center_axis',(0.,0.994521895368273,0.104528463267653));
#2443=DIRECTION('ref_axis',(1.,0.,0.));
#2444=DIRECTION('',(0.,0.104528463267654,-0.994521895368273));
#2445=DIRECTION('center_axis',(0.,-0.994521895368273,-0.104528463267654));
#2446=DIRECTION('ref_axis',(1.,0.,0.));
#2447=DIRECTION('',(0.,-0.104528463267654,0.994521895368273));
#2448=DIRECTION('',(0.,0.104528463267654,-0.994521895368273));
#2449=DIRECTION('center_axis',(1.,0.,0.));
#2450=DIRECTION('ref_axis',(0.,0.104528463267653,-0.994521895368273));
#2451=DIRECTION('',(0.,0.,1.));
#2452=DIRECTION('center_axis',(0.,0.,-1.));
#2453=DIRECTION('ref_axis',(0.707106781186547,-0.707106781186547,0.));
#2454=DIRECTION('',(0.,0.,-1.));
#2455=DIRECTION('center_axis',(0.,-1.,0.));
#2456=DIRECTION('ref_axis',(0.,0.,1.));
#2457=DIRECTION('',(0.,0.,1.));
#2458=DIRECTION('center_axis',(0.,0.,1.));
#2459=DIRECTION('ref_axis',(-0.707106781186549,0.707106781186546,0.));
#2460=DIRECTION('',(0.,0.,-1.));
#2461=DIRECTION('center_axis',(-1.,0.,0.));
#2462=DIRECTION('ref_axis',(0.,0.,1.));
#2463=DIRECTION('',(0.,1.2765086463537E-13,1.));
#2464=DIRECTION('center_axis',(0.,-0.77714596145697,0.629320391049838));
#2465=DIRECTION('ref_axis',(0.,-0.629320391049838,-0.77714596145697));
#2466=DIRECTION('',(0.,-0.629320391049838,-0.77714596145697));
#2467=DIRECTION('center_axis',(-1.,0.,0.));
#2468=DIRECTION('ref_axis',(0.,0.994521895368273,0.104528463267653));
#2469=DIRECTION('center_axis',(0.,1.2765086463537E-13,1.));
#2470=DIRECTION('ref_axis',(-0.707106781186548,-0.707106781186548,9.02803163743168E-14));
#2471=CARTESIAN_POINT('',(0.,0.,0.));
#2472=CARTESIAN_POINT('Origin',(20.,28.095168292945,-4.00495115781104));
#2473=CARTESIAN_POINT('',(31.3868909536831,28.095168292945,-4.00495115780921));
#2474=CARTESIAN_POINT('',(31.3868909536831,38.095168292945,-4.00495115781232));
#2475=CARTESIAN_POINT('',(31.3868909536831,14.0475841464722,-4.00495115780925));
#2476=CARTESIAN_POINT('',(147.,28.095168292945,-4.00495115780921));
#2477=CARTESIAN_POINT('',(20.,28.095168292945,-4.00495115780921));
#2478=CARTESIAN_POINT('',(150.,31.095168292945,-4.00495115781143));
#2479=CARTESIAN_POINT('Origin',(147.,31.095168292945,-4.00495115781143));
#2480=CARTESIAN_POINT('',(150.,35.095168292945,-4.00495115781194));
#2481=CARTESIAN_POINT('',(150.,22.6186340762626,-4.00495115781034));
#2482=CARTESIAN_POINT('',(147.,38.095168292945,-4.00495115781232));
#2483=CARTESIAN_POINT('Origin',(147.,35.095168292945,-4.00495115781104));
#2484=CARTESIAN_POINT('',(20.,38.095168292945,-4.00495115781232));
#2485=CARTESIAN_POINT('Origin',(173.225,57.1332938451166,6.00495115780016));
#2486=CARTESIAN_POINT('',(173.225,47.4078667097009,-6.00495115781351));
#2487=CARTESIAN_POINT('',(173.225,57.1332938451166,6.00495115780016));
#2488=CARTESIAN_POINT('',(173.225,57.1332938451166,6.00495115780013));
#2489=CARTESIAN_POINT('',(173.225,-57.1332938451166,-6.00495115780016));
#2490=CARTESIAN_POINT('',(173.225,57.1332938451166,6.00495115780016));
#2491=CARTESIAN_POINT('',(173.225,52.2705802774079,-6.00495115781413));
#2492=CARTESIAN_POINT('Origin',(20.,38.095168292945,4.00396353074723));
#2493=CARTESIAN_POINT('',(31.3868909536831,38.095168292945,4.00396353074723));
#2494=CARTESIAN_POINT('',(31.3868909536831,38.095168292945,2.00198176537028));
#2495=CARTESIAN_POINT('',(147.,38.095168292945,4.00396353074723));
#2496=CARTESIAN_POINT('',(147.,38.095168292945,0.178217664710305));
#2497=CARTESIAN_POINT('',(20.,38.095168292945,4.00396353074723));
#2498=CARTESIAN_POINT('Origin',(147.,35.095168292945,0.178217664710305));
#2499=CARTESIAN_POINT('',(150.,35.095168292945,3.6886508249502));
#2500=CARTESIAN_POINT('',(150.,35.095168292945,0.178217664710305));
#2501=CARTESIAN_POINT('Origin',(147.,35.095168292945,3.6886508249502));
#2502=CARTESIAN_POINT('Origin',(150.,17.1420998595802,-3.64752820132662));
#2503=CARTESIAN_POINT('',(150.,31.0951682929459,3.26823388388759));
#2504=CARTESIAN_POINT('',(150.,31.0951682929455,-0.347303511619113));
#2505=CARTESIAN_POINT('',(150.,8.28780998828115,0.871083930845525));
#2506=CARTESIAN_POINT('Origin',(147.,31.0951682929455,-0.347303511619113));
#2507=CARTESIAN_POINT('',(147.,28.0951682929459,2.95292117809056));
#2508=CARTESIAN_POINT('',(147.,28.0951682929455,-0.34730351161873));
#2509=CARTESIAN_POINT('Origin',(147.,31.0951682929459,3.26823388388759));
#2510=CARTESIAN_POINT('Origin',(20.,28.0951682929459,2.95292117809056));
#2511=CARTESIAN_POINT('',(31.3868909536831,28.0951682929459,2.95292117809056));
#2512=CARTESIAN_POINT('',(31.3868909536831,28.0951682929457,1.47646058904015));
#2513=CARTESIAN_POINT('',(-9.99999999999998,28.0951682929459,2.95292117809056));
#2514=CARTESIAN_POINT('Origin',(116.589285714286,-17.142262917701,-4.81824927337869));
#2515=CARTESIAN_POINT('',(114.989285714286,-17.142262917701,-4.81824927337869));
#2516=CARTESIAN_POINT('Origin',(116.589285714286,-17.142262917701,-4.81824927337869));
#2517=CARTESIAN_POINT('Origin',(116.589285714286,-17.4558483075039,-1.83468358727387));
#2518=CARTESIAN_POINT('',(114.989285714286,-17.4558483075039,-1.83468358727387));
#2519=CARTESIAN_POINT('Origin',(116.589285714286,-17.4558483075039,-1.83468358727387));
#2520=CARTESIAN_POINT('',(114.989285714286,-17.4558483075039,-1.83468358727387));
#2521=CARTESIAN_POINT('Origin',(69.9535714285715,47.5016602812368,1.97610083901884));
#2522=CARTESIAN_POINT('',(68.3535714285715,47.5016602812368,1.97610083901884));
#2523=CARTESIAN_POINT('Origin',(69.9535714285715,47.5016602812368,1.97610083901884));
#2524=CARTESIAN_POINT('Origin',(69.9535714285715,47.1880748914338,4.95966652512366));
#2525=CARTESIAN_POINT('',(68.3535714285715,47.1880748914338,4.95966652512366));
#2526=CARTESIAN_POINT('Origin',(69.9535714285715,47.1880748914338,4.95966652512361));
#2527=CARTESIAN_POINT('',(68.3535714285715,47.1880748914338,4.95966652512366));
#2528=CARTESIAN_POINT('Origin',(163.225,-17.142262917701,-4.81824927337869));
#2529=CARTESIAN_POINT('',(161.625,-17.142262917701,-4.81824927337869));
#2530=CARTESIAN_POINT('Origin',(163.225,-17.142262917701,-4.81824927337869));
#2531=CARTESIAN_POINT('Origin',(163.225,-17.4558483075039,-1.83468358727387));
#2532=CARTESIAN_POINT('',(161.625,-17.4558483075039,-1.83468358727387));
#2533=CARTESIAN_POINT('Origin',(163.225,-17.4558483075039,-1.83468358727387));
#2534=CARTESIAN_POINT('',(161.625,-17.4558483075039,-1.83468358727387));
#2535=CARTESIAN_POINT('Origin',(163.225,47.5016602812368,1.97610083901884));
#2536=CARTESIAN_POINT('',(161.625,47.5016602812368,1.97610083901884));
#2537=CARTESIAN_POINT('Origin',(163.225,47.5016602812368,1.97610083901884));
#2538=CARTESIAN_POINT('Origin',(163.225,47.1880748914338,4.95966652512366));
#2539=CARTESIAN_POINT('',(161.625,47.1880748914338,4.95966652512366));
#2540=CARTESIAN_POINT('Origin',(163.225,47.1880748914338,4.95966652512361));
#2541=CARTESIAN_POINT('',(161.625,47.1880748914338,4.95966652512366));
#2542=CARTESIAN_POINT('Origin',(151.625,34.8078667097016,-5.20495115780683));
#2543=CARTESIAN_POINT('',(145.625,37.4078667097017,-5.20495115780683));
#2544=CARTESIAN_POINT('',(145.625,32.2078667097016,-5.20495115780683));
#2545=CARTESIAN_POINT('Origin',(145.625,34.8078667097016,-5.20495115780683));
#2546=CARTESIAN_POINT('',(157.625,37.4078667097016,-5.20495115780683));
#2547=CARTESIAN_POINT('',(157.625,37.4078667097016,-5.20495115780683));
#2548=CARTESIAN_POINT('',(157.625,32.2078667097016,-5.20495115780683));
#2549=CARTESIAN_POINT('Origin',(157.625,34.8078667097016,-5.20495115780683));
#2550=CARTESIAN_POINT('',(145.625,32.2078667097016,-5.20495115780683));
#2551=CARTESIAN_POINT('Origin',(145.625,34.8078667097016,-6.00495115780683));
#2552=CARTESIAN_POINT('',(145.625,37.4078667097017,-6.00495115780683));
#2553=CARTESIAN_POINT('',(145.625,32.2078667097016,-6.00495115780683));
#2554=CARTESIAN_POINT('Origin',(145.625,34.8078667097016,-6.00495115781351));
#2555=CARTESIAN_POINT('',(145.625,37.4078667097017,-6.00495115780683));
#2556=CARTESIAN_POINT('',(145.625,32.2078667097016,-6.00495115780683));
#2557=CARTESIAN_POINT('Origin',(145.625,32.2078667097016,-6.00495115780683));
#2558=CARTESIAN_POINT('',(157.625,32.2078667097016,-6.00495115780683));
#2559=CARTESIAN_POINT('',(-13.8,32.2078667097017,-6.00495115781157));
#2560=CARTESIAN_POINT('',(157.625,32.2078667097016,-6.00495115780683));
#2561=CARTESIAN_POINT('Origin',(157.625,34.8078667097016,-6.00495115780683));
#2562=CARTESIAN_POINT('',(157.625,37.4078667097016,-6.00495115780683));
#2563=CARTESIAN_POINT('Origin',(157.625,34.8078667097016,-6.00495115781351));
#2564=CARTESIAN_POINT('',(157.625,37.4078667097016,-6.00495115780683));
#2565=CARTESIAN_POINT('Origin',(157.625,37.4078667097016,-6.00495115780683));
#2566=CARTESIAN_POINT('',(-7.79999999999998,37.4078667097016,-6.00495115781223));
#2567=CARTESIAN_POINT('Origin',(151.625,-44.5332938451158,-5.20495115780683));
#2568=CARTESIAN_POINT('',(145.625,-41.9332938451158,-5.20495115780683));
#2569=CARTESIAN_POINT('',(145.625,-47.1332938451158,-5.20495115780683));
#2570=CARTESIAN_POINT('Origin',(145.625,-44.5332938451158,-5.20495115780683));
#2571=CARTESIAN_POINT('',(157.625,-41.9332938451158,-5.20495115780683));
#2572=CARTESIAN_POINT('',(157.625,-41.9332938451158,-5.20495115780683));
#2573=CARTESIAN_POINT('',(157.625,-47.1332938451158,-5.20495115780683));
#2574=CARTESIAN_POINT('Origin',(157.625,-44.5332938451158,-5.20495115780683));
#2575=CARTESIAN_POINT('',(145.625,-47.1332938451158,-5.20495115780683));
#2576=CARTESIAN_POINT('Origin',(145.625,-44.5332938451158,-6.00495115780683));
#2577=CARTESIAN_POINT('',(145.625,-41.9332938451158,-6.00495115780683));
#2578=CARTESIAN_POINT('',(145.625,-47.1332938451158,-6.00495115780683));
#2579=CARTESIAN_POINT('Origin',(145.625,-44.5332938451158,-6.00495115781351));
#2580=CARTESIAN_POINT('',(145.625,-41.9332938451158,-6.00495115780683));
#2581=CARTESIAN_POINT('',(145.625,-47.1332938451158,-6.00495115780683));
#2582=CARTESIAN_POINT('Origin',(145.625,-47.1332938451158,-6.00495115780683));
#2583=CARTESIAN_POINT('',(157.625,-47.1332938451158,-6.00495115780683));
#2584=CARTESIAN_POINT('',(-13.8,-47.1332938451158,-6.00495115780143));
#2585=CARTESIAN_POINT('',(157.625,-47.1332938451158,-6.00495115780683));
#2586=CARTESIAN_POINT('Origin',(157.625,-44.5332938451158,-6.00495115780683));
#2587=CARTESIAN_POINT('',(157.625,-41.9332938451158,-6.00495115780683));
#2588=CARTESIAN_POINT('Origin',(157.625,-44.5332938451158,-6.00495115781351));
#2589=CARTESIAN_POINT('',(157.625,-41.9332938451158,-6.00495115780683));
#2590=CARTESIAN_POINT('Origin',(157.625,-41.9332938451158,-6.00495115780683));
#2591=CARTESIAN_POINT('',(-7.80000000000001,-41.9332938451158,-6.0049511578021));
#2592=CARTESIAN_POINT('Origin',(3.5527136788005E-14,8.83312885385366E-15,
9.28399253187471E-16));
#2593=CARTESIAN_POINT('',(31.3868909536831,-57.1332938451166,-6.00495115780016));
#2594=CARTESIAN_POINT('',(31.3868909536831,-3.4655983018167E-13,-3.64249059250478E-14));
#2595=CARTESIAN_POINT('',(173.225,-57.1332938451166,-6.00495115780016));
#2596=CARTESIAN_POINT('',(31.3868909536831,57.1332938451166,6.00495115780016));
#2597=CARTESIAN_POINT('',(-173.225,57.1332938451166,6.00495115780016));
#2598=CARTESIAN_POINT('',(31.3868909536831,-3.4655983018167E-13,-3.64249059250478E-14));
#2599=CARTESIAN_POINT('Origin',(-173.225,57.1332938451166,6.00495115780016));
#2600=CARTESIAN_POINT('',(31.3868909536831,47.4078667097009,-6.00495115781351));
#2601=CARTESIAN_POINT('',(31.3868909536831,44.3512081732858,-9.77961009293105));
#2602=CARTESIAN_POINT('',(-173.225,47.4078667097009,-6.00495115781351));
#2603=CARTESIAN_POINT('Origin',(-173.225,47.4078667097009,-6.00495115781351));
#2604=CARTESIAN_POINT('',(31.3868909536831,23.70393335485,-6.00495115781048));
#2605=CARTESIAN_POINT('Origin',(31.3868909536831,-6.5982039568456E-15,-6.66910970892332E-12));
#2606=CARTESIAN_POINT('Origin',(31.3868909536831,-6.5982039568456E-15,-6.66910970892332E-12));
#2607=CARTESIAN_POINT('',(31.3868909536831,38.095168292945,4.00396353074723));
#2608=CARTESIAN_POINT('',(31.3868909536831,57.1332938451166,6.00495115780016));
#2609=CARTESIAN_POINT('',(31.3868909536831,-3.4655983018167E-13,-3.64249059250478E-14));
#2610=CARTESIAN_POINT('',(31.3868909536831,38.095168292945,-4.00495115781232));
#2611=CARTESIAN_POINT('',(31.3868909536831,38.095168292945,2.00198176537028));
#2612=CARTESIAN_POINT('',(31.3868909536831,28.095168292945,-4.00495115780921));
#2613=CARTESIAN_POINT('',(31.3868909536831,14.0475841464722,-4.00495115780925));
#2614=CARTESIAN_POINT('',(31.3868909536831,28.0951682929459,2.95292117809056));
#2615=CARTESIAN_POINT('',(31.3868909536831,28.0951682929457,1.47646058904015));
#2616=CARTESIAN_POINT('',(31.3868909536831,-57.1332938451166,-6.00495115780016));
#2617=CARTESIAN_POINT('',(31.3868909536831,-3.4655983018167E-13,-3.64249059250478E-14));
#2618=CARTESIAN_POINT('',(31.3868909536831,47.4078667097009,-6.00495115781351));
#2619=CARTESIAN_POINT('',(31.3868909536831,23.70393335485,-6.00495115781048));
#2620=CARTESIAN_POINT('',(31.3868909536831,44.3512081732858,-9.77961009293105));
#2621=CARTESIAN_POINT('Origin',(20.,28.0951682929459,2.95292117809056));
#2622=CARTESIAN_POINT('',(-147.,28.095168292945,-4.00495115780921));
#2623=CARTESIAN_POINT('',(20.,28.095168292945,-4.00495115780921));
#2624=CARTESIAN_POINT('',(-147.,28.0951682929459,2.95292117809056));
#2625=CARTESIAN_POINT('',(-147.,28.0951682929455,-0.34730351161873));
#2626=CARTESIAN_POINT('',(-9.99999999999998,28.0951682929459,2.95292117809056));
#2627=CARTESIAN_POINT('Origin',(20.,28.095168292945,-4.00495115781104));
#2628=CARTESIAN_POINT('',(18.,38.095168292945,-4.00495115781232));
#2629=CARTESIAN_POINT('',(20.,38.095168292945,-4.00495115781232));
#2630=CARTESIAN_POINT('',(15.,41.095168292945,-4.0049511578127));
#2631=CARTESIAN_POINT('Origin',(18.,41.095168292945,-4.00495115781104));
#2632=CARTESIAN_POINT('',(15.,42.5936369466256,-4.0049511578129));
#2633=CARTESIAN_POINT('',(15.,31.7980077519424,-4.00495115781152));
#2634=CARTESIAN_POINT('',(12.,46.4539156443047,-4.00495115781339));
#2635=CARTESIAN_POINT('Origin',(12.,42.5936369466256,-4.0049511578129));
#2636=CARTESIAN_POINT('',(10.4920467883884,46.4539156443047,-4.00495115781339));
#2637=CARTESIAN_POINT('',(0.,46.4539156443047,-4.00495115781339));
#2638=CARTESIAN_POINT('',(6.01795321161159,46.4539156443047,-4.00495115781339));
#2639=CARTESIAN_POINT('Origin',(8.25500000000001,46.695,-4.00495115781339));
#2640=CARTESIAN_POINT('',(-6.01795321161158,46.4539156443047,-4.00495115781339));
#2641=CARTESIAN_POINT('',(0.,46.4539156443047,-4.00495115781339));
#2642=CARTESIAN_POINT('',(-10.4920467883884,46.4539156443047,-4.00495115781339));
#2643=CARTESIAN_POINT('Origin',(-8.255,46.6950000000001,-4.00495115781338));
#2644=CARTESIAN_POINT('',(-12.,46.4539156443047,-4.00495115781339));
#2645=CARTESIAN_POINT('',(0.,46.4539156443047,-4.00495115781339));
#2646=CARTESIAN_POINT('',(-15.,42.5936369466256,-4.0049511578129));
#2647=CARTESIAN_POINT('Origin',(-12.,42.5936369466256,-4.0049511578129));
#2648=CARTESIAN_POINT('',(-15.,41.095168292945,-4.0049511578127));
#2649=CARTESIAN_POINT('',(-15.,31.7980077519424,-4.00495115781152));
#2650=CARTESIAN_POINT('',(-18.,38.095168292945,-4.00495115781232));
#2651=CARTESIAN_POINT('Origin',(-18.,41.095168292945,-4.00495115781104));
#2652=CARTESIAN_POINT('',(-147.,38.095168292945,-4.00495115781232));
#2653=CARTESIAN_POINT('',(-20.,38.095168292945,-4.00495115781232));
#2654=CARTESIAN_POINT('',(-150.,35.095168292945,-4.00495115781194));
#2655=CARTESIAN_POINT('Origin',(-147.,35.095168292945,-4.00495115781104));
#2656=CARTESIAN_POINT('',(-150.,31.095168292945,-4.00495115781143));
#2657=CARTESIAN_POINT('',(-150.,31.7980077519424,-4.00495115781152));
#2658=CARTESIAN_POINT('Origin',(-147.,31.095168292945,-4.00495115781143));
#2659=CARTESIAN_POINT('Origin',(20.,38.095168292945,4.00396353074723));
#2660=CARTESIAN_POINT('',(18.,38.095168292945,4.00396353074723));
#2661=CARTESIAN_POINT('',(20.,38.095168292945,4.00396353074723));
#2662=CARTESIAN_POINT('',(18.,38.095168292945,0.178217664710305));
#2663=CARTESIAN_POINT('Origin',(-145.625,-41.9332938451158,-6.00495115780683));
#2664=CARTESIAN_POINT('',(-145.625,-41.9332938451158,-6.00495115780683));
#2665=CARTESIAN_POINT('',(-157.625,-41.9332938451158,-6.00495115780683));
#2666=CARTESIAN_POINT('',(-159.425,-41.9332938451158,-6.0049511578021));
#2667=CARTESIAN_POINT('',(-145.625,-41.9332938451158,-5.20495115780683));
#2668=CARTESIAN_POINT('',(-145.625,-41.9332938451158,-6.00495115780683));
#2669=CARTESIAN_POINT('',(-157.625,-41.9332938451158,-5.20495115780683));
#2670=CARTESIAN_POINT('',(-145.625,-41.9332938451158,-5.20495115780683));
#2671=CARTESIAN_POINT('',(-157.625,-41.9332938451158,-6.00495115780683));
#2672=CARTESIAN_POINT('Origin',(-145.625,-44.5332938451158,-6.00495115780683));
#2673=CARTESIAN_POINT('',(-145.625,-47.1332938451158,-6.00495115780683));
#2674=CARTESIAN_POINT('Origin',(-145.625,-44.5332938451158,-6.00495115781351));
#2675=CARTESIAN_POINT('',(-145.625,-47.1332938451158,-5.20495115780683));
#2676=CARTESIAN_POINT('',(-145.625,-47.1332938451158,-6.00495115780683));
#2677=CARTESIAN_POINT('Origin',(-145.625,-44.5332938451158,-5.20495115780683));
#2678=CARTESIAN_POINT('Origin',(-157.625,-47.1332938451158,-6.00495115780683));
#2679=CARTESIAN_POINT('',(-157.625,-47.1332938451158,-6.00495115780683));
#2680=CARTESIAN_POINT('',(-165.425,-47.1332938451158,-6.00495115780143));
#2681=CARTESIAN_POINT('',(-157.625,-47.1332938451158,-5.20495115780683));
#2682=CARTESIAN_POINT('',(-157.625,-47.1332938451158,-6.00495115780683));
#2683=CARTESIAN_POINT('',(-157.625,-47.1332938451158,-5.20495115780683));
#2684=CARTESIAN_POINT('Origin',(-157.625,-44.5332938451158,-6.00495115780683));
#2685=CARTESIAN_POINT('Origin',(-157.625,-44.5332938451158,-6.00495115781351));
#2686=CARTESIAN_POINT('Origin',(-157.625,-44.5332938451158,-5.20495115780683));
#2687=CARTESIAN_POINT('Origin',(-151.625,-44.5332938451158,-5.20495115780683));
#2688=CARTESIAN_POINT('Origin',(-145.625,37.4078667097016,-6.00495115780683));
#2689=CARTESIAN_POINT('',(-145.625,37.4078667097016,-6.00495115780683));
#2690=CARTESIAN_POINT('',(-157.625,37.4078667097017,-6.00495115780683));
#2691=CARTESIAN_POINT('',(-159.425,37.4078667097016,-6.00495115781223));
#2692=CARTESIAN_POINT('',(-145.625,37.4078667097016,-5.20495115780683));
#2693=CARTESIAN_POINT('',(-145.625,37.4078667097016,-6.00495115780683));
#2694=CARTESIAN_POINT('',(-157.625,37.4078667097017,-5.20495115780683));
#2695=CARTESIAN_POINT('',(-145.625,37.4078667097016,-5.20495115780683));
#2696=CARTESIAN_POINT('',(-157.625,37.4078667097017,-6.00495115780683));
#2697=CARTESIAN_POINT('Origin',(-145.625,34.8078667097016,-6.00495115780683));
#2698=CARTESIAN_POINT('',(-145.625,32.2078667097016,-6.00495115780683));
#2699=CARTESIAN_POINT('Origin',(-145.625,34.8078667097016,-6.00495115781351));
#2700=CARTESIAN_POINT('',(-145.625,32.2078667097016,-5.20495115780683));
#2701=CARTESIAN_POINT('',(-145.625,32.2078667097016,-6.00495115780683));
#2702=CARTESIAN_POINT('Origin',(-145.625,34.8078667097016,-5.20495115780683));
#2703=CARTESIAN_POINT('Origin',(-157.625,32.2078667097016,-6.00495115780683));
#2704=CARTESIAN_POINT('',(-157.625,32.2078667097016,-6.00495115780683));
#2705=CARTESIAN_POINT('',(-165.425,32.2078667097016,-6.00495115781157));
#2706=CARTESIAN_POINT('',(-157.625,32.2078667097016,-5.20495115780683));
#2707=CARTESIAN_POINT('',(-157.625,32.2078667097016,-6.00495115780683));
#2708=CARTESIAN_POINT('',(-157.625,32.2078667097016,-5.20495115780683));
#2709=CARTESIAN_POINT('Origin',(-157.625,34.8078667097016,-6.00495115780683));
#2710=CARTESIAN_POINT('Origin',(-157.625,34.8078667097016,-6.00495115781351));
#2711=CARTESIAN_POINT('Origin',(-157.625,34.8078667097016,-5.20495115780683));
#2712=CARTESIAN_POINT('Origin',(-151.625,34.8078667097016,-5.20495115780683));
#2713=CARTESIAN_POINT('Origin',(-23.3178571428572,-17.4558483075039,-1.83468358727387));
#2714=CARTESIAN_POINT('',(-24.9178571428572,-17.4558483075039,-1.83468358727387));
#2715=CARTESIAN_POINT('Origin',(-23.3178571428572,-17.4558483075039,-1.83468358727387));
#2716=CARTESIAN_POINT('',(-24.9178571428572,-17.142262917701,-4.81824927337869));
#2717=CARTESIAN_POINT('',(-24.9178571428572,-17.4558483075039,-1.83468358727387));
#2718=CARTESIAN_POINT('Origin',(-23.3178571428572,-17.142262917701,-4.81824927337869));
#2719=CARTESIAN_POINT('Origin',(-23.3178571428572,-17.142262917701,-4.81824927337869));
#2720=CARTESIAN_POINT('Origin',(-69.9535714285714,47.1880748914338,4.95966652512366));
#2721=CARTESIAN_POINT('',(-71.5535714285714,47.1880748914338,4.95966652512366));
#2722=CARTESIAN_POINT('Origin',(-69.9535714285714,47.1880748914338,4.95966652512361));
#2723=CARTESIAN_POINT('',(-71.5535714285714,47.5016602812368,1.97610083901884));
#2724=CARTESIAN_POINT('',(-71.5535714285714,47.1880748914338,4.95966652512366));
#2725=CARTESIAN_POINT('Origin',(-69.9535714285714,47.5016602812368,1.97610083901884));
#2726=CARTESIAN_POINT('Origin',(-69.9535714285714,47.5016602812368,1.97610083901884));
#2727=CARTESIAN_POINT('Origin',(-23.3178571428572,47.1880748914338,4.95966652512366));
#2728=CARTESIAN_POINT('',(-24.9178571428572,47.1880748914338,4.95966652512366));
#2729=CARTESIAN_POINT('Origin',(-23.3178571428572,47.1880748914338,4.95966652512361));
#2730=CARTESIAN_POINT('',(-24.9178571428572,47.5016602812368,1.97610083901884));
#2731=CARTESIAN_POINT('',(-24.9178571428572,47.1880748914338,4.95966652512366));
#2732=CARTESIAN_POINT('Origin',(-23.3178571428572,47.5016602812368,1.97610083901884));
#2733=CARTESIAN_POINT('Origin',(-23.3178571428572,47.5016602812368,1.97610083901884));
#2734=CARTESIAN_POINT('Origin',(-163.225,-17.4558483075039,-1.83468358727387));
#2735=CARTESIAN_POINT('',(-164.825,-17.4558483075039,-1.83468358727387));
#2736=CARTESIAN_POINT('Origin',(-163.225,-17.4558483075039,-1.83468358727387));
#2737=CARTESIAN_POINT('',(-164.825,-17.142262917701,-4.81824927337869));
#2738=CARTESIAN_POINT('',(-164.825,-17.4558483075039,-1.83468358727387));
#2739=CARTESIAN_POINT('Origin',(-163.225,-17.142262917701,-4.81824927337869));
#2740=CARTESIAN_POINT('Origin',(-163.225,-17.142262917701,-4.81824927337869));
#2741=CARTESIAN_POINT('Origin',(23.3178571428572,-17.4558483075039,-1.83468358727387));
#2742=CARTESIAN_POINT('',(21.7178571428571,-17.4558483075039,-1.83468358727387));
#2743=CARTESIAN_POINT('Origin',(23.3178571428572,-17.4558483075039,-1.83468358727387));
#2744=CARTESIAN_POINT('',(21.7178571428571,-17.142262917701,-4.81824927337869));
#2745=CARTESIAN_POINT('',(21.7178571428571,-17.4558483075039,-1.83468358727387));
#2746=CARTESIAN_POINT('Origin',(23.3178571428572,-17.142262917701,-4.81824927337869));
#2747=CARTESIAN_POINT('Origin',(23.3178571428572,-17.142262917701,-4.81824927337869));
#2748=CARTESIAN_POINT('Origin',(-163.225,47.1880748914338,4.95966652512366));
#2749=CARTESIAN_POINT('',(-164.825,47.1880748914338,4.95966652512366));
#2750=CARTESIAN_POINT('Origin',(-163.225,47.1880748914338,4.95966652512361));
#2751=CARTESIAN_POINT('',(-164.825,47.5016602812368,1.97610083901884));
#2752=CARTESIAN_POINT('',(-164.825,47.1880748914338,4.95966652512366));
#2753=CARTESIAN_POINT('Origin',(-163.225,47.5016602812368,1.97610083901884));
#2754=CARTESIAN_POINT('Origin',(-163.225,47.5016602812368,1.97610083901884));
#2755=CARTESIAN_POINT('Origin',(23.3178571428572,47.1880748914338,4.95966652512366));
#2756=CARTESIAN_POINT('',(21.7178571428571,47.1880748914338,4.95966652512366));
#2757=CARTESIAN_POINT('Origin',(23.3178571428572,47.1880748914338,4.95966652512361));
#2758=CARTESIAN_POINT('',(21.7178571428571,47.5016602812368,1.97610083901884));
#2759=CARTESIAN_POINT('',(21.7178571428571,47.1880748914338,4.95966652512366));
#2760=CARTESIAN_POINT('Origin',(23.3178571428572,47.5016602812368,1.97610083901884));
#2761=CARTESIAN_POINT('Origin',(23.3178571428572,47.5016602812368,1.97610083901884));
#2762=CARTESIAN_POINT('Origin',(-116.589285714286,-17.4558483075039,-1.83468358727387));
#2763=CARTESIAN_POINT('',(-118.189285714286,-17.4558483075039,-1.83468358727387));
#2764=CARTESIAN_POINT('Origin',(-116.589285714286,-17.4558483075039,-1.83468358727387));
#2765=CARTESIAN_POINT('',(-118.189285714286,-17.142262917701,-4.81824927337869));
#2766=CARTESIAN_POINT('',(-118.189285714286,-17.4558483075039,-1.83468358727387));
#2767=CARTESIAN_POINT('Origin',(-116.589285714286,-17.142262917701,-4.81824927337869));
#2768=CARTESIAN_POINT('Origin',(-116.589285714286,-17.142262917701,-4.81824927337869));
#2769=CARTESIAN_POINT('Origin',(3.5527136788005E-14,8.83312885385366E-15,
9.28399253187471E-16));
#2770=CARTESIAN_POINT('',(-7.17107739165077,52.3317420370577,5.50028772692561));
#2771=CARTESIAN_POINT('',(7.17109031366283,52.3313174465872,5.50024310066891));
#2772=CARTESIAN_POINT('',(-15.,52.3317421342786,5.50028773714393));
#2773=CARTESIAN_POINT('',(12.,52.3313173493664,5.50024309045059));
#2774=CARTESIAN_POINT('',(3.58554515831083,52.3313173493664,5.50024309045059));
#2775=CARTESIAN_POINT('',(15.,48.111918291846,5.05676637922918));
#2776=CARTESIAN_POINT('Origin',(12.,48.111918291846,5.05676637922918));
#2777=CARTESIAN_POINT('',(15.,41.095168292945,4.31927623654426));
#2778=CARTESIAN_POINT('',(15.,8.28780998828115,0.871083930845525));
#2779=CARTESIAN_POINT('Origin',(18.,41.095168292945,4.31927623654426));
#2780=CARTESIAN_POINT('',(-173.225,57.1332938451166,6.00495115780016));
#2781=CARTESIAN_POINT('',(-173.225,57.1332938451166,6.00495115780016));
#2782=CARTESIAN_POINT('',(-173.225,-57.1332938451166,-6.00495115780016));
#2783=CARTESIAN_POINT('',(-173.225,-57.1332938451166,-6.00495115780016));
#2784=CARTESIAN_POINT('',(173.225,-57.1332938451166,-6.00495115780016));
#2785=CARTESIAN_POINT('',(-150.,31.0951682929459,3.26823388388759));
#2786=CARTESIAN_POINT('Origin',(-147.,31.0951682929459,3.26823388388759));
#2787=CARTESIAN_POINT('',(-150.,35.095168292945,3.6886508249502));
#2788=CARTESIAN_POINT('',(-150.,8.28780998828115,0.871083930845525));
#2789=CARTESIAN_POINT('',(-147.,38.095168292945,4.00396353074723));
#2790=CARTESIAN_POINT('Origin',(-147.,35.095168292945,3.6886508249502));
#2791=CARTESIAN_POINT('',(-18.,38.095168292945,4.00396353074723));
#2792=CARTESIAN_POINT('',(-9.99999999999998,38.095168292945,4.00396353074723));
#2793=CARTESIAN_POINT('',(-15.,41.095168292945,4.31927623654426));
#2794=CARTESIAN_POINT('Origin',(-18.,41.095168292945,4.31927623654426));
#2795=CARTESIAN_POINT('',(-15.,48.111918291846,5.05676637922918));
#2796=CARTESIAN_POINT('',(-15.,8.28780998828115,0.871083930845525));
#2797=CARTESIAN_POINT('',(-12.,52.3313173493664,5.50024309045059));
#2798=CARTESIAN_POINT('Origin',(-12.,48.111918291846,5.05676637922918));
#2799=CARTESIAN_POINT('',(-6.,52.3313173493664,5.50024309045059));
#2800=CARTESIAN_POINT('Origin',(-8.25499999999999,46.6950000000001,3.28500000000001));
#2801=CARTESIAN_POINT('',(-7.00499999999999,46.6950000000001,3.285));
#2802=CARTESIAN_POINT('Origin',(-8.25499999999999,46.6950000000001,3.28500000000001));
#2803=CARTESIAN_POINT('Origin',(8.25500000000002,46.695,3.28499999999999));
#2804=CARTESIAN_POINT('',(9.50500000000002,46.695,3.28499999999999));
#2805=CARTESIAN_POINT('Origin',(8.25500000000002,46.695,3.28499999999999));
#2806=CARTESIAN_POINT('Origin',(-173.225,47.4078667097009,-6.00495115781351));
#2807=CARTESIAN_POINT('',(-173.225,47.4078667097009,-6.00495115781351));
#2808=CARTESIAN_POINT('',(-173.225,-4.86271356770784,-6.00495115780683));
#2809=CARTESIAN_POINT('',(-173.225,47.4078667097009,-6.00495115781351));
#2810=CARTESIAN_POINT('Origin',(-8.25499999999999,46.6950000000001,3.16000000000001));
#2811=CARTESIAN_POINT('',(-6.75499999999999,46.6950000000001,3.035));
#2812=CARTESIAN_POINT('',(-6.87999999999999,46.6950000000001,3.16));
#2813=CARTESIAN_POINT('Origin',(-8.25499999999999,46.6950000000001,3.03500000000001));
#2814=CARTESIAN_POINT('Origin',(8.25500000000002,46.695,3.15999999999999));
#2815=CARTESIAN_POINT('',(9.75500000000002,46.695,3.03499999999999));
#2816=CARTESIAN_POINT('',(9.63000000000002,46.695,3.15999999999999));
#2817=CARTESIAN_POINT('Origin',(8.25500000000002,46.695,3.03499999999999));
#2818=CARTESIAN_POINT('Origin',(-8.25499999999999,46.6950000000001,3.28500000000001));
#2819=CARTESIAN_POINT('',(-6.75499999999999,46.6950000000001,1.685));
#2820=CARTESIAN_POINT('Origin',(-8.25499999999999,46.6950000000001,1.685));
#2821=CARTESIAN_POINT('',(-6.75499999999999,46.6950000000001,3.285));
#2822=CARTESIAN_POINT('Origin',(8.25500000000002,46.695,3.28499999999999));
#2823=CARTESIAN_POINT('',(9.75500000000002,46.695,1.68499999999999));
#2824=CARTESIAN_POINT('Origin',(8.25500000000001,46.695,1.68499999999999));
#2825=CARTESIAN_POINT('',(9.75500000000002,46.695,3.28499999999999));
#2826=CARTESIAN_POINT('Origin',(-8.25499999999999,46.6950000000001,1.685));
#2827=CARTESIAN_POINT('',(-6.00499999999999,46.6950000000001,1.685));
#2828=CARTESIAN_POINT('Origin',(-8.25499999999999,46.6950000000001,1.685));
#2829=CARTESIAN_POINT('Origin',(8.25500000000001,46.695,1.68499999999999));
#2830=CARTESIAN_POINT('',(10.505,46.695,1.68499999999999));
#2831=CARTESIAN_POINT('Origin',(8.25500000000001,46.695,1.68499999999999));
#2832=CARTESIAN_POINT('Origin',(-7.24999999999996,57.1332938451166,2.95495115780016));
#2833=CARTESIAN_POINT('',(-7.24999999999997,49.235,-0.57059799488106));
#2834=CARTESIAN_POINT('',(-7.24999999999996,52.0899334120855,2.95495115780016));
#2835=CARTESIAN_POINT('',(-7.24999999999996,53.3138505534926,4.4663629555584));
#2836=CARTESIAN_POINT('',(-7.24999999999996,49.235,2.95495115780016));
#2837=CARTESIAN_POINT('',(-7.24999999999996,49.235,1.95495115780016));
#2838=CARTESIAN_POINT('',(-7.24999999999996,57.1332938451166,2.95495115780016));
#2839=CARTESIAN_POINT('Origin',(3.5527136788005E-14,49.235,0.95495115780016));
#2840=CARTESIAN_POINT('',(7.25000000000004,49.235,-0.57059799488106));
#2841=CARTESIAN_POINT('',(6.25000000000004,49.235,-0.57059799488106));
#2842=CARTESIAN_POINT('',(1.63438886786396E-14,49.235,-0.570597994881071));
#2843=CARTESIAN_POINT('',(7.25000000000004,49.235,2.95495115780016));
#2844=CARTESIAN_POINT('',(7.25000000000004,49.235,-0.0450488421998421));
#2845=CARTESIAN_POINT('',(5.25000000000004,49.235,4.95495115780016));
#2846=CARTESIAN_POINT('Origin',(5.25000000000004,49.235,2.95495115780016));
#2847=CARTESIAN_POINT('',(-5.24999999999996,49.235,4.95495115780016));
#2848=CARTESIAN_POINT('',(2.62500000000003,49.235,4.95495115780016));
#2849=CARTESIAN_POINT('Origin',(-5.24999999999996,49.235,2.95495115780016));
#2850=CARTESIAN_POINT('',(-6.24999999999996,49.235,-0.57059799488106));
#2851=CARTESIAN_POINT('',(1.63438886786396E-14,49.235,-0.570597994881071));
#2852=CARTESIAN_POINT('',(-6.24999999999996,49.235,2.95495115780016));
#2853=CARTESIAN_POINT('',(-6.24999999999996,49.235,-0.0450488421998407));
#2854=CARTESIAN_POINT('',(-5.24999999999996,49.235,3.95495115780016));
#2855=CARTESIAN_POINT('Origin',(-5.24999999999996,49.235,2.95495115780016));
#2856=CARTESIAN_POINT('',(5.25000000000004,49.235,3.95495115780016));
#2857=CARTESIAN_POINT('',(-2.62499999999997,49.235,3.95495115780016));
#2858=CARTESIAN_POINT('',(6.25000000000004,49.235,2.95495115780016));
#2859=CARTESIAN_POINT('Origin',(5.25000000000004,49.235,2.95495115780016));
#2860=CARTESIAN_POINT('',(6.25000000000004,49.235,1.95495115780016));
#2861=CARTESIAN_POINT('Origin',(7.25000000000004,57.1332938451166,-1.04504884219984));
#2862=CARTESIAN_POINT('',(7.25000000000004,52.0899334120855,2.95495115780016));
#2863=CARTESIAN_POINT('',(7.25000000000004,52.3357029527588,3.25845126474063));
#2864=CARTESIAN_POINT('',(7.25000000000004,57.1332938451166,2.95495115780016));
#2865=CARTESIAN_POINT('Origin',(5.25000000000004,57.1332938451166,2.95495115780016));
#2866=CARTESIAN_POINT('',(5.25000000000004,52.3890593184129,4.95495115780016));
#2867=CARTESIAN_POINT('',(7.17109031366283,52.5403743731225,3.51119930993236));
#2868=CARTESIAN_POINT('Origin',(5.25000000000004,52.5992677889442,2.95495115780016));
#2869=CARTESIAN_POINT('',(5.25000000000004,57.1332938451166,4.95495115780016));
#2870=CARTESIAN_POINT('Origin',(5.25000000000004,52.0899334120855,2.95495115780016));
#2871=CARTESIAN_POINT('Origin',(5.25000000000004,57.1332938451166,4.95495115780016));
#2872=CARTESIAN_POINT('',(-5.24999999999996,52.3890593184129,4.95495115780016));
#2873=CARTESIAN_POINT('',(-12.375,52.3890593184129,4.95495115780016));
#2874=CARTESIAN_POINT('',(-5.24999999999996,57.1332938451166,4.95495115780016));
#2875=CARTESIAN_POINT('Origin',(-5.24999999999996,57.1332938451166,2.95495115780016));
#2876=CARTESIAN_POINT('',(-7.17107739165077,52.540798963593,3.51124393618906));
#2877=CARTESIAN_POINT('Origin',(-5.24999999999996,52.0899334120855,2.95495115780016));
#2878=CARTESIAN_POINT('Origin',(-5.24999999999996,52.5992677889442,2.95495115780016));
#2879=CARTESIAN_POINT('Origin',(5.25000000000004,57.1332938451166,-1.04504884219984));
#2880=CARTESIAN_POINT('',(6.25000000000004,51.4243164110918,-1.04504884219984));
#2881=CARTESIAN_POINT('',(5.25000000000004,50.6145323778968,-2.04504884219984));
#2882=CARTESIAN_POINT('Origin',(5.25000000000004,51.4243164110918,-1.04504884219984));
#2883=CARTESIAN_POINT('',(5.25000000000004,48.0410132461104,-2.04504884219984));
#2884=CARTESIAN_POINT('',(5.25000000000004,57.1332938451166,-2.04504884219984));
#2885=CARTESIAN_POINT('',(6.25000000000004,48.8507972793054,-1.04504884219984));
#2886=CARTESIAN_POINT('Origin',(5.25000000000004,48.8507972793054,-1.04504884219984));
#2887=CARTESIAN_POINT('',(6.25000000000004,57.1332938451166,-1.04504884219984));
#2888=CARTESIAN_POINT('Origin',(-5.24999999999996,57.1332938451166,-2.04504884219984));
#2889=CARTESIAN_POINT('',(-5.24999999999996,50.6145323778968,-2.04504884219984));
#2890=CARTESIAN_POINT('',(-89.2375,50.6145323778968,-2.04504884219984));
#2891=CARTESIAN_POINT('',(-5.24999999999996,48.0410132461104,-2.04504884219984));
#2892=CARTESIAN_POINT('',(-5.24999999999996,57.1332938451166,-2.04504884219984));
#2893=CARTESIAN_POINT('',(-2.62499999999998,48.0410132461104,-2.04504884219984));
#2894=CARTESIAN_POINT('Origin',(-5.24999999999997,57.1332938451166,-1.04504884219984));
#2895=CARTESIAN_POINT('',(-6.24999999999997,51.4243164110918,-1.04504884219984));
#2896=CARTESIAN_POINT('Origin',(-5.24999999999997,51.4243164110918,-1.04504884219984));
#2897=CARTESIAN_POINT('',(-6.24999999999997,48.8507972793054,-1.04504884219984));
#2898=CARTESIAN_POINT('',(-6.24999999999997,57.1332938451166,-1.04504884219984));
#2899=CARTESIAN_POINT('Origin',(-5.24999999999997,48.8507972793054,-1.04504884219984));
#2900=CARTESIAN_POINT('Origin',(-6.24999999999996,57.1332938451166,2.95495115780016));
#2901=CARTESIAN_POINT('',(-6.24999999999996,54.6634525438718,2.95495115780016));
#2902=CARTESIAN_POINT('',(-6.24999999999996,56.3874562995571,5.08391849355162));
#2903=CARTESIAN_POINT('',(-6.24999999999996,57.1332938451166,2.95495115780016));
#2904=CARTESIAN_POINT('',(-6.24999999999996,53.3138505534926,4.4663629555584));
#2905=CARTESIAN_POINT('Origin',(-5.24999999999996,57.1332938451166,2.95495115780016));
#2906=CARTESIAN_POINT('',(-5.24999999999996,55.4732365770668,3.95495115780016));
#2907=CARTESIAN_POINT('Origin',(-5.24999999999996,54.6634525438718,2.95495115780016));
#2908=CARTESIAN_POINT('',(-5.24999999999996,57.1332938451166,3.95495115780016));
#2909=CARTESIAN_POINT('Origin',(5.25000000000004,57.1332938451166,3.95495115780016));
#2910=CARTESIAN_POINT('',(5.25000000000004,55.4732365770668,3.95495115780016));
#2911=CARTESIAN_POINT('',(-83.9875,55.4732365770668,3.95495115780016));
#2912=CARTESIAN_POINT('',(5.25000000000004,57.1332938451166,3.95495115780016));
#2913=CARTESIAN_POINT('Origin',(5.25000000000004,57.1332938451166,2.95495115780016));
#2914=CARTESIAN_POINT('',(6.25000000000004,54.6634525438718,2.95495115780016));
#2915=CARTESIAN_POINT('Origin',(5.25000000000004,54.6634525438718,2.95495115780016));
#2916=CARTESIAN_POINT('',(6.25000000000004,57.1332938451166,2.95495115780016));
#2917=CARTESIAN_POINT('Origin',(6.25000000000004,57.1332938451166,-1.04504884219984));
#2918=CARTESIAN_POINT('',(6.25000000000004,55.4093086988232,3.87600680273386));
#2919=CARTESIAN_POINT('',(6.25000000000004,52.3357029527588,3.25845126474063));
#2920=CARTESIAN_POINT('Origin',(-12.,41.44872352657,-5.41880148471829));
#2921=CARTESIAN_POINT('',(-12.,52.5403742759017,3.51119929971404));
#2922=CARTESIAN_POINT('',(-12.,43.7801614109409,-7.3067626578678));
#2923=CARTESIAN_POINT('',(-15.,48.3209752183813,3.06772258849264));
#2924=CARTESIAN_POINT('Origin',(-12.,48.3209752183813,3.06772258849263));
#2925=CARTESIAN_POINT('',(-15.,41.44872352657,-5.41880148471829));
#2926=CARTESIAN_POINT('Origin',(-8.255,46.6950000000001,-4.005));
#2927=CARTESIAN_POINT('',(-6.005,46.6950000000001,-3.70723677248006));
#2928=CARTESIAN_POINT('',(-6.005,46.6950000000001,-4.005));
#2929=CARTESIAN_POINT('Origin',(-8.255,46.6950000000001,-3.70723677248006));
#2930=CARTESIAN_POINT('Origin',(-8.255,46.6950000000001,-3.70723677248006));
#2931=CARTESIAN_POINT('Origin',(8.25500000000001,46.695,-4.00500000000001));
#2932=CARTESIAN_POINT('',(10.505,46.695,-3.70723677248009));
#2933=CARTESIAN_POINT('',(10.505,46.695,-4.00500000000001));
#2934=CARTESIAN_POINT('Origin',(8.25500000000001,46.695,-3.70723677248009));
#2935=CARTESIAN_POINT('Origin',(8.25500000000001,46.695,-3.70723677248009));
#2936=CARTESIAN_POINT('Origin',(0.,52.5403742759017,3.51119929971404));
#2937=CARTESIAN_POINT('',(12.,52.5403742759017,3.51119929971404));
#2938=CARTESIAN_POINT('',(12.,43.7801614109409,-7.3067626578678));
#2939=CARTESIAN_POINT('',(0.,52.5403742759017,3.51119929971404));
#2940=CARTESIAN_POINT('',(0.,52.5403742759017,3.51119929971404));
#2941=CARTESIAN_POINT('Origin',(12.,41.44872352657,-5.41880148471829));
#2942=CARTESIAN_POINT('',(15.,48.3209752183813,3.06772258849264));
#2943=CARTESIAN_POINT('',(15.,41.44872352657,-5.41880148471829));
#2944=CARTESIAN_POINT('Origin',(12.,48.3209752183813,3.06772258849263));
#2945=CARTESIAN_POINT('Origin',(18.,41.095168292945,0.178217664710305));
#2946=CARTESIAN_POINT('',(15.,41.095168292945,0.178217664710305));
#2947=CARTESIAN_POINT('Origin',(15.,17.1420998595802,-3.64752820132662));
#2948=CARTESIAN_POINT('',(15.,48.3209752183813,3.06772258849263));
#2949=CARTESIAN_POINT('Ctrl Pts',(15.,48.3209752183813,3.06772258849263));
#2950=CARTESIAN_POINT('Ctrl Pts',(15.,52.5403742759017,3.51119929971403));
#2951=CARTESIAN_POINT('Ctrl Pts',(12.,52.5403742759017,3.51119929971403));
#2952=CARTESIAN_POINT('Ctrl Pts',(15.,48.111918291846,5.05676637922918));
#2953=CARTESIAN_POINT('Ctrl Pts',(15.,52.3313173493664,5.50024309045059));
#2954=CARTESIAN_POINT('Ctrl Pts',(12.,52.3313173493664,5.50024309045059));
#2955=CARTESIAN_POINT('',(12.,52.5403742759017,3.51119929971404));
#2956=CARTESIAN_POINT('Origin',(7.17109031662166,52.5403742759017,3.51119929971404));
#2957=CARTESIAN_POINT('',(7.17109031662166,52.5403742759017,3.51119929971404));
#2958=CARTESIAN_POINT('Origin',(-30.,52.3317421342786,5.50028773714393));
#2959=CARTESIAN_POINT('',(-7.17107738869195,52.5407990608139,3.51124394640739));
#2960=CARTESIAN_POINT('Origin',(-12.,52.5403742759017,3.51119929971404));
#2961=CARTESIAN_POINT('',(-12.,52.5403742759017,3.51119929971404));
#2962=CARTESIAN_POINT('Ctrl Pts',(-12.,52.5403742759017,3.51119929971403));
#2963=CARTESIAN_POINT('Ctrl Pts',(-15.,52.5403742759017,3.51119929971403));
#2964=CARTESIAN_POINT('Ctrl Pts',(-15.,48.3209752183813,3.06772258849263));
#2965=CARTESIAN_POINT('Ctrl Pts',(-12.,52.3313173493664,5.50024309045059));
#2966=CARTESIAN_POINT('Ctrl Pts',(-15.,52.3313173493664,5.50024309045059));
#2967=CARTESIAN_POINT('Ctrl Pts',(-15.,48.111918291846,5.05676637922918));
#2968=CARTESIAN_POINT('',(-15.,48.3209752183813,3.06772258849263));
#2969=CARTESIAN_POINT('Origin',(-15.,17.1420998595802,-3.64752820132662));
#2970=CARTESIAN_POINT('',(-15.,41.095168292945,-3.82623967956791));
#2971=CARTESIAN_POINT('Origin',(-18.,41.095168292945,-3.82623967956791));
#2972=CARTESIAN_POINT('',(-18.,38.095168292945,-3.82623967956791));
#2973=CARTESIAN_POINT('Origin',(-20.,38.095168292945,-4.00495115780921));
#2974=CARTESIAN_POINT('',(-147.,38.095168292945,-3.82623967956791));
#2975=CARTESIAN_POINT('Origin',(-147.,35.095168292945,-3.82623967956791));
#2976=CARTESIAN_POINT('',(-150.,35.095168292945,-3.82623967956791));
#2977=CARTESIAN_POINT('Origin',(-150.,17.1420998595802,-3.64752820132662));
#2978=CARTESIAN_POINT('',(-150.,31.0951682929455,-0.347303511619113));
#2979=CARTESIAN_POINT('Origin',(-173.225,57.1332938451166,6.00495115780016));
#2980=CARTESIAN_POINT('',(-173.225,31.5691225014583,-25.5641713436582));
#2981=CARTESIAN_POINT('Origin',(-173.225,-57.1332938451166,-6.00495115780016));
#2982=CARTESIAN_POINT('Origin',(-147.,31.0951682929455,-0.347303511619113));
#2983=UNCERTAINTY_MEASURE_WITH_UNIT(LENGTH_MEASURE(0.01),#2987,
'DISTANCE_ACCURACY_VALUE',
'Maximum model space distance between geometric entities at asserted c
onnectivities');
#2984=UNCERTAINTY_MEASURE_WITH_UNIT(LENGTH_MEASURE(0.01),#2987,
'DISTANCE_ACCURACY_VALUE',
'Maximum model space distance between geometric entities at asserted c
onnectivities');
#2985=(
GEOMETRIC_REPRESENTATION_CONTEXT(3)
GLOBAL_UNCERTAINTY_ASSIGNED_CONTEXT((#2983))
GLOBAL_UNIT_ASSIGNED_CONTEXT((#2987,#2989,#2990))
REPRESENTATION_CONTEXT('','3D')
);
#2986=(
GEOMETRIC_REPRESENTATION_CONTEXT(3)
GLOBAL_UNCERTAINTY_ASSIGNED_CONTEXT((#2984))
GLOBAL_UNIT_ASSIGNED_CONTEXT((#2987,#2989,#2990))
REPRESENTATION_CONTEXT('','3D')
);
#2987=(
LENGTH_UNIT()
NAMED_UNIT(*)
SI_UNIT(.MILLI.,.METRE.)
);
#2988=(
LENGTH_UNIT()
NAMED_UNIT(*)
SI_UNIT($,.METRE.)
);
#2989=(
NAMED_UNIT(*)
PLANE_ANGLE_UNIT()
SI_UNIT($,.RADIAN.)
);
#2990=(
NAMED_UNIT(*)
SI_UNIT($,.STERADIAN.)
SOLID_ANGLE_UNIT()
);
#2991=SHAPE_DEFINITION_REPRESENTATION(#2992,#2993);
#2992=PRODUCT_DEFINITION_SHAPE('',$,#2995);
#2993=SHAPE_REPRESENTATION('',(#1753),#2985);
#2994=PRODUCT_DEFINITION_CONTEXT('part definition',#2999,'design');
#2995=PRODUCT_DEFINITION('[MAIN] Case Stand','[MAIN] Case Stand v42',#2996,
#2994);
#2996=PRODUCT_DEFINITION_FORMATION('',$,#3001);
#2997=PRODUCT_RELATED_PRODUCT_CATEGORY('[MAIN] Case Stand v42',
'[MAIN] Case Stand v42',(#3001));
#2998=APPLICATION_PROTOCOL_DEFINITION('international standard',
'automotive_design',2009,#2999);
#2999=APPLICATION_CONTEXT(
'Core Data for Automotive Mechanical Design Process');
#3000=PRODUCT_CONTEXT('part definition',#2999,'mechanical');
#3001=PRODUCT('[MAIN] Case Stand','[MAIN] Case Stand v42',$,(#3000));
#3002=PRESENTATION_STYLE_ASSIGNMENT((#3004));
#3003=PRESENTATION_STYLE_ASSIGNMENT((#3005));
#3004=SURFACE_STYLE_USAGE(.BOTH.,#3006);
#3005=SURFACE_STYLE_USAGE(.BOTH.,#3007);
#3006=SURFACE_SIDE_STYLE('',(#3008));
#3007=SURFACE_SIDE_STYLE('',(#3009));
#3008=SURFACE_STYLE_FILL_AREA(#3010);
#3009=SURFACE_STYLE_FILL_AREA(#3011);
#3010=FILL_AREA_STYLE('Steel - Satin',(#3012));
#3011=FILL_AREA_STYLE('ABS (White)',(#3013));
#3012=FILL_AREA_STYLE_COLOUR('Steel - Satin',#3014);
#3013=FILL_AREA_STYLE_COLOUR('ABS (White)',#3015);
#3014=COLOUR_RGB('Steel - Satin',0.627450980392157,0.627450980392157,0.627450980392157);
#3015=COLOUR_RGB('ABS (White)',0.372549019607843,0.396078431372549,0.458823529411765);
ENDSEC;
END-ISO-10303-21;
