ISO-10303-21;
HEADER;
/* Generated by software containing ST-Developer
 * from STEP Tools, Inc. (www.steptools.com) 
 */

FILE_DESCRIPTION(
/* description */ (''),
/* implementation_level */ '2;1');

FILE_NAME(
/* name */ '[MAIN] Lower Case v88.step',
/* time_stamp */ '2025-10-21T01:17:27+08:00',
/* author */ (''),
/* organization */ (''),
/* preprocessor_version */ 'ST-DEVELOPER v20.1',
/* originating_system */ 'Autodesk Translation Framework v14.17.0.0',
/* authorisation */ '');

FILE_SCHEMA (('AUTOMOTIVE_DESIGN { 1 0 10303 214 3 1 1 }'));
ENDSEC;

DATA;
#10=MECHANICAL_DESIGN_GEOMETRIC_PRESENTATION_REPRESENTATION('',(#13,#14),
#8272);
#11=SHAPE_REPRESENTATION_RELATIONSHIP('SRR','None',#8279,#12);
#12=ADVANCED_BREP_SHAPE_REPRESENTATION('',(#15,#16),#8271);
#13=STYLED_ITEM('',(#8289),#15);
#14=STYLED_ITEM('',(#8289),#16);
#15=MANIFOLD_SOLID_BREP('LowerCaseRight',#4843);
#16=MANIFOLD_SOLID_BREP('LowerCaseLeft',#4844);
#17=FACE_BOUND('',#659,.T.);
#18=FACE_BOUND('',#662,.T.);
#19=FACE_BOUND('',#665,.T.);
#20=FACE_BOUND('',#668,.T.);
#21=FACE_BOUND('',#671,.T.);
#22=FACE_BOUND('',#674,.T.);
#23=FACE_BOUND('',#677,.T.);
#24=FACE_BOUND('',#680,.T.);
#25=FACE_BOUND('',#683,.T.);
#26=FACE_BOUND('',#696,.T.);
#27=FACE_BOUND('',#702,.T.);
#28=FACE_BOUND('',#706,.T.);
#29=FACE_BOUND('',#711,.T.);
#30=FACE_BOUND('',#717,.T.);
#31=FACE_BOUND('',#722,.T.);
#32=FACE_BOUND('',#726,.T.);
#33=FACE_BOUND('',#731,.T.);
#34=FACE_BOUND('',#732,.T.);
#35=FACE_BOUND('',#733,.T.);
#36=FACE_BOUND('',#734,.T.);
#37=FACE_BOUND('',#735,.T.);
#38=FACE_BOUND('',#736,.T.);
#39=FACE_BOUND('',#737,.T.);
#40=FACE_BOUND('',#738,.T.);
#41=FACE_BOUND('',#739,.T.);
#42=FACE_BOUND('',#740,.T.);
#43=FACE_BOUND('',#741,.T.);
#44=FACE_BOUND('',#742,.T.);
#45=FACE_BOUND('',#743,.T.);
#46=FACE_BOUND('',#744,.T.);
#47=FACE_BOUND('',#745,.T.);
#48=FACE_BOUND('',#746,.T.);
#49=FACE_BOUND('',#747,.T.);
#50=FACE_BOUND('',#749,.T.);
#51=FACE_BOUND('',#753,.T.);
#52=FACE_BOUND('',#756,.T.);
#53=FACE_BOUND('',#759,.T.);
#54=FACE_BOUND('',#762,.T.);
#55=FACE_BOUND('',#765,.T.);
#56=FACE_BOUND('',#768,.T.);
#57=FACE_BOUND('',#771,.T.);
#58=FACE_BOUND('',#774,.T.);
#59=FACE_BOUND('',#777,.T.);
#60=FACE_BOUND('',#778,.T.);
#61=FACE_BOUND('',#779,.T.);
#62=FACE_BOUND('',#780,.T.);
#63=FACE_BOUND('',#781,.T.);
#64=FACE_BOUND('',#782,.T.);
#65=FACE_BOUND('',#783,.T.);
#66=FACE_BOUND('',#784,.T.);
#67=FACE_BOUND('',#785,.T.);
#68=FACE_BOUND('',#788,.T.);
#69=FACE_BOUND('',#789,.T.);
#70=FACE_BOUND('',#790,.T.);
#71=FACE_BOUND('',#791,.T.);
#72=FACE_BOUND('',#792,.T.);
#73=FACE_BOUND('',#793,.T.);
#74=FACE_BOUND('',#794,.T.);
#75=FACE_BOUND('',#795,.T.);
#76=FACE_BOUND('',#796,.T.);
#77=FACE_BOUND('',#797,.T.);
#78=FACE_BOUND('',#798,.T.);
#79=FACE_BOUND('',#799,.T.);
#80=FACE_BOUND('',#800,.T.);
#81=FACE_BOUND('',#801,.T.);
#82=FACE_BOUND('',#803,.T.);
#83=FACE_BOUND('',#804,.T.);
#84=FACE_BOUND('',#805,.T.);
#85=FACE_BOUND('',#806,.T.);
#86=FACE_BOUND('',#812,.T.);
#87=FACE_BOUND('',#813,.T.);
#88=FACE_BOUND('',#814,.T.);
#89=FACE_BOUND('',#815,.T.);
#90=FACE_BOUND('',#816,.T.);
#91=FACE_BOUND('',#817,.T.);
#92=FACE_BOUND('',#818,.T.);
#93=FACE_BOUND('',#819,.T.);
#94=FACE_BOUND('',#820,.T.);
#95=FACE_BOUND('',#826,.T.);
#96=FACE_BOUND('',#829,.T.);
#97=FACE_BOUND('',#832,.T.);
#98=FACE_BOUND('',#835,.T.);
#99=FACE_BOUND('',#839,.T.);
#100=FACE_BOUND('',#844,.T.);
#101=FACE_BOUND('',#849,.T.);
#102=FACE_BOUND('',#854,.T.);
#103=FACE_BOUND('',#857,.T.);
#104=FACE_BOUND('',#858,.T.);
#105=FACE_BOUND('',#865,.T.);
#106=FACE_BOUND('',#868,.T.);
#107=FACE_BOUND('',#871,.T.);
#108=FACE_BOUND('',#874,.T.);
#109=FACE_BOUND('',#877,.T.);
#110=FACE_BOUND('',#880,.T.);
#111=FACE_BOUND('',#904,.T.);
#112=FACE_BOUND('',#905,.T.);
#113=FACE_BOUND('',#906,.T.);
#114=FACE_BOUND('',#907,.T.);
#115=FACE_BOUND('',#908,.T.);
#116=FACE_BOUND('',#909,.T.);
#117=FACE_BOUND('',#910,.T.);
#118=FACE_BOUND('',#911,.T.);
#119=FACE_BOUND('',#912,.T.);
#120=FACE_BOUND('',#916,.T.);
#121=FACE_BOUND('',#917,.T.);
#122=FACE_BOUND('',#918,.T.);
#123=FACE_BOUND('',#919,.T.);
#124=FACE_BOUND('',#920,.T.);
#125=FACE_BOUND('',#921,.T.);
#126=CONICAL_SURFACE('',#4984,3.50000000000001,0.785398163397447);
#127=CONICAL_SURFACE('',#4987,3.5,0.785398163397447);
#128=CONICAL_SURFACE('',#4990,3.50000000000001,0.785398163397447);
#129=CONICAL_SURFACE('',#4993,3.5,0.785398163397447);
#130=CONICAL_SURFACE('',#5309,3.50000000000001,0.785398163397447);
#131=CONICAL_SURFACE('',#5312,3.5,0.785398163397447);
#132=CONICAL_SURFACE('',#5315,3.50000000000001,0.785398163397447);
#133=CONICAL_SURFACE('',#5318,3.5,0.785398163397447);
#134=ELLIPSE('',#4964,7.03855795694478,6.99999999999998);
#135=ELLIPSE('',#5026,2.26239362901797,2.25);
#136=ELLIPSE('',#5038,2.26239362901798,2.25000000000001);
#137=ELLIPSE('',#5042,2.26239362901797,2.25);
#138=ELLIPSE('',#5058,2.26239362901797,2.25);
#139=ELLIPSE('',#5085,1.60881324730167,1.6);
#140=ELLIPSE('',#5258,7.03855795694479,6.99999999999999);
#141=ELLIPSE('',#5259,2.26239362901795,2.24999999999998);
#142=ELLIPSE('',#5260,2.26239362901797,2.25);
#143=PLANE('',#4861);
#144=PLANE('',#4868);
#145=PLANE('',#4869);
#146=PLANE('',#4870);
#147=PLANE('',#4874);
#148=PLANE('',#4881);
#149=PLANE('',#4885);
#150=PLANE('',#4886);
#151=PLANE('',#4890);
#152=PLANE('',#4894);
#153=PLANE('',#4895);
#154=PLANE('',#4896);
#155=PLANE('',#4897);
#156=PLANE('',#4901);
#157=PLANE('',#4908);
#158=PLANE('',#4909);
#159=PLANE('',#4913);
#160=PLANE('',#4917);
#161=PLANE('',#4918);
#162=PLANE('',#4922);
#163=PLANE('',#4926);
#164=PLANE('',#4930);
#165=PLANE('',#4931);
#166=PLANE('',#4932);
#167=PLANE('',#4933);
#168=PLANE('',#4934);
#169=PLANE('',#4935);
#170=PLANE('',#4936);
#171=PLANE('',#4937);
#172=PLANE('',#4940);
#173=PLANE('',#4941);
#174=PLANE('',#4942);
#175=PLANE('',#4943);
#176=PLANE('',#4947);
#177=PLANE('',#4948);
#178=PLANE('',#4951);
#179=PLANE('',#4954);
#180=PLANE('',#4961);
#181=PLANE('',#4962);
#182=PLANE('',#4966);
#183=PLANE('',#4973);
#184=PLANE('',#4974);
#185=PLANE('',#4976);
#186=PLANE('',#4980);
#187=PLANE('',#4986);
#188=PLANE('',#4989);
#189=PLANE('',#4992);
#190=PLANE('',#4995);
#191=PLANE('',#5023);
#192=PLANE('',#5027);
#193=PLANE('',#5031);
#194=PLANE('',#5035);
#195=PLANE('',#5039);
#196=PLANE('',#5043);
#197=PLANE('',#5047);
#198=PLANE('',#5051);
#199=PLANE('',#5055);
#200=PLANE('',#5083);
#201=PLANE('',#5087);
#202=PLANE('',#5093);
#203=PLANE('',#5095);
#204=PLANE('',#5097);
#205=PLANE('',#5103);
#206=PLANE('',#5109);
#207=PLANE('',#5111);
#208=PLANE('',#5117);
#209=PLANE('',#5119);
#210=PLANE('',#5121);
#211=PLANE('',#5127);
#212=PLANE('',#5129);
#213=PLANE('',#5135);
#214=PLANE('',#5141);
#215=PLANE('',#5143);
#216=PLANE('',#5153);
#217=PLANE('',#5158);
#218=PLANE('',#5161);
#219=PLANE('',#5164);
#220=PLANE('',#5167);
#221=PLANE('',#5170);
#222=PLANE('',#5173);
#223=PLANE('',#5176);
#224=PLANE('',#5179);
#225=PLANE('',#5182);
#226=PLANE('',#5183);
#227=PLANE('',#5184);
#228=PLANE('',#5185);
#229=PLANE('',#5186);
#230=PLANE('',#5187);
#231=PLANE('',#5188);
#232=PLANE('',#5189);
#233=PLANE('',#5190);
#234=PLANE('',#5209);
#235=PLANE('',#5210);
#236=PLANE('',#5212);
#237=PLANE('',#5215);
#238=PLANE('',#5219);
#239=PLANE('',#5223);
#240=PLANE('',#5227);
#241=PLANE('',#5234);
#242=PLANE('',#5235);
#243=PLANE('',#5241);
#244=PLANE('',#5242);
#245=PLANE('',#5248);
#246=PLANE('',#5249);
#247=PLANE('',#5255);
#248=PLANE('',#5256);
#249=PLANE('',#5257);
#250=PLANE('',#5272);
#251=PLANE('',#5277);
#252=PLANE('',#5282);
#253=PLANE('',#5286);
#254=PLANE('',#5290);
#255=PLANE('',#5295);
#256=PLANE('',#5311);
#257=PLANE('',#5314);
#258=PLANE('',#5317);
#259=PLANE('',#5320);
#260=PLANE('',#5321);
#261=PLANE('',#5324);
#262=PLANE('',#5327);
#263=PLANE('',#5330);
#264=PLANE('',#5333);
#265=PLANE('',#5337);
#266=PLANE('',#5338);
#267=PLANE('',#5356);
#268=PLANE('',#5359);
#269=PLANE('',#5361);
#270=PLANE('',#5364);
#271=PLANE('',#5367);
#272=PLANE('',#5368);
#273=PLANE('',#5371);
#274=PLANE('',#5374);
#275=PLANE('',#5375);
#276=PLANE('',#5378);
#277=PLANE('',#5381);
#278=PLANE('',#5382);
#279=PLANE('',#5384);
#280=PLANE('',#5387);
#281=PLANE('',#5390);
#282=PLANE('',#5391);
#283=PLANE('',#5394);
#284=PLANE('',#5395);
#285=PLANE('',#5396);
#286=PLANE('',#5397);
#287=PLANE('',#5398);
#288=PLANE('',#5399);
#289=FACE_OUTER_BOUND('',#570,.T.);
#290=FACE_OUTER_BOUND('',#571,.T.);
#291=FACE_OUTER_BOUND('',#572,.T.);
#292=FACE_OUTER_BOUND('',#573,.T.);
#293=FACE_OUTER_BOUND('',#574,.T.);
#294=FACE_OUTER_BOUND('',#575,.T.);
#295=FACE_OUTER_BOUND('',#576,.T.);
#296=FACE_OUTER_BOUND('',#577,.T.);
#297=FACE_OUTER_BOUND('',#578,.T.);
#298=FACE_OUTER_BOUND('',#579,.T.);
#299=FACE_OUTER_BOUND('',#580,.T.);
#300=FACE_OUTER_BOUND('',#581,.T.);
#301=FACE_OUTER_BOUND('',#582,.T.);
#302=FACE_OUTER_BOUND('',#583,.T.);
#303=FACE_OUTER_BOUND('',#584,.T.);
#304=FACE_OUTER_BOUND('',#585,.T.);
#305=FACE_OUTER_BOUND('',#586,.T.);
#306=FACE_OUTER_BOUND('',#587,.T.);
#307=FACE_OUTER_BOUND('',#588,.T.);
#308=FACE_OUTER_BOUND('',#589,.T.);
#309=FACE_OUTER_BOUND('',#590,.T.);
#310=FACE_OUTER_BOUND('',#591,.T.);
#311=FACE_OUTER_BOUND('',#592,.T.);
#312=FACE_OUTER_BOUND('',#593,.T.);
#313=FACE_OUTER_BOUND('',#594,.T.);
#314=FACE_OUTER_BOUND('',#595,.T.);
#315=FACE_OUTER_BOUND('',#596,.T.);
#316=FACE_OUTER_BOUND('',#597,.T.);
#317=FACE_OUTER_BOUND('',#598,.T.);
#318=FACE_OUTER_BOUND('',#599,.T.);
#319=FACE_OUTER_BOUND('',#600,.T.);
#320=FACE_OUTER_BOUND('',#601,.T.);
#321=FACE_OUTER_BOUND('',#602,.T.);
#322=FACE_OUTER_BOUND('',#603,.T.);
#323=FACE_OUTER_BOUND('',#604,.T.);
#324=FACE_OUTER_BOUND('',#605,.T.);
#325=FACE_OUTER_BOUND('',#606,.T.);
#326=FACE_OUTER_BOUND('',#607,.T.);
#327=FACE_OUTER_BOUND('',#608,.T.);
#328=FACE_OUTER_BOUND('',#609,.T.);
#329=FACE_OUTER_BOUND('',#610,.T.);
#330=FACE_OUTER_BOUND('',#611,.T.);
#331=FACE_OUTER_BOUND('',#612,.T.);
#332=FACE_OUTER_BOUND('',#613,.T.);
#333=FACE_OUTER_BOUND('',#614,.T.);
#334=FACE_OUTER_BOUND('',#615,.T.);
#335=FACE_OUTER_BOUND('',#616,.T.);
#336=FACE_OUTER_BOUND('',#617,.T.);
#337=FACE_OUTER_BOUND('',#618,.T.);
#338=FACE_OUTER_BOUND('',#619,.T.);
#339=FACE_OUTER_BOUND('',#620,.T.);
#340=FACE_OUTER_BOUND('',#621,.T.);
#341=FACE_OUTER_BOUND('',#622,.T.);
#342=FACE_OUTER_BOUND('',#623,.T.);
#343=FACE_OUTER_BOUND('',#624,.T.);
#344=FACE_OUTER_BOUND('',#625,.T.);
#345=FACE_OUTER_BOUND('',#626,.T.);
#346=FACE_OUTER_BOUND('',#627,.T.);
#347=FACE_OUTER_BOUND('',#628,.T.);
#348=FACE_OUTER_BOUND('',#629,.T.);
#349=FACE_OUTER_BOUND('',#630,.T.);
#350=FACE_OUTER_BOUND('',#631,.T.);
#351=FACE_OUTER_BOUND('',#632,.T.);
#352=FACE_OUTER_BOUND('',#633,.T.);
#353=FACE_OUTER_BOUND('',#634,.T.);
#354=FACE_OUTER_BOUND('',#635,.T.);
#355=FACE_OUTER_BOUND('',#636,.T.);
#356=FACE_OUTER_BOUND('',#637,.T.);
#357=FACE_OUTER_BOUND('',#638,.T.);
#358=FACE_OUTER_BOUND('',#639,.T.);
#359=FACE_OUTER_BOUND('',#640,.T.);
#360=FACE_OUTER_BOUND('',#641,.T.);
#361=FACE_OUTER_BOUND('',#642,.T.);
#362=FACE_OUTER_BOUND('',#643,.T.);
#363=FACE_OUTER_BOUND('',#644,.T.);
#364=FACE_OUTER_BOUND('',#645,.T.);
#365=FACE_OUTER_BOUND('',#646,.T.);
#366=FACE_OUTER_BOUND('',#647,.T.);
#367=FACE_OUTER_BOUND('',#648,.T.);
#368=FACE_OUTER_BOUND('',#649,.T.);
#369=FACE_OUTER_BOUND('',#650,.T.);
#370=FACE_OUTER_BOUND('',#651,.T.);
#371=FACE_OUTER_BOUND('',#652,.T.);
#372=FACE_OUTER_BOUND('',#653,.T.);
#373=FACE_OUTER_BOUND('',#654,.T.);
#374=FACE_OUTER_BOUND('',#655,.T.);
#375=FACE_OUTER_BOUND('',#656,.T.);
#376=FACE_OUTER_BOUND('',#657,.T.);
#377=FACE_OUTER_BOUND('',#658,.T.);
#378=FACE_OUTER_BOUND('',#660,.T.);
#379=FACE_OUTER_BOUND('',#661,.T.);
#380=FACE_OUTER_BOUND('',#663,.T.);
#381=FACE_OUTER_BOUND('',#664,.T.);
#382=FACE_OUTER_BOUND('',#666,.T.);
#383=FACE_OUTER_BOUND('',#667,.T.);
#384=FACE_OUTER_BOUND('',#669,.T.);
#385=FACE_OUTER_BOUND('',#670,.T.);
#386=FACE_OUTER_BOUND('',#672,.T.);
#387=FACE_OUTER_BOUND('',#673,.T.);
#388=FACE_OUTER_BOUND('',#675,.T.);
#389=FACE_OUTER_BOUND('',#676,.T.);
#390=FACE_OUTER_BOUND('',#678,.T.);
#391=FACE_OUTER_BOUND('',#679,.T.);
#392=FACE_OUTER_BOUND('',#681,.T.);
#393=FACE_OUTER_BOUND('',#682,.T.);
#394=FACE_OUTER_BOUND('',#684,.T.);
#395=FACE_OUTER_BOUND('',#685,.T.);
#396=FACE_OUTER_BOUND('',#686,.T.);
#397=FACE_OUTER_BOUND('',#687,.T.);
#398=FACE_OUTER_BOUND('',#688,.T.);
#399=FACE_OUTER_BOUND('',#689,.T.);
#400=FACE_OUTER_BOUND('',#690,.T.);
#401=FACE_OUTER_BOUND('',#691,.T.);
#402=FACE_OUTER_BOUND('',#692,.T.);
#403=FACE_OUTER_BOUND('',#693,.T.);
#404=FACE_OUTER_BOUND('',#694,.T.);
#405=FACE_OUTER_BOUND('',#695,.T.);
#406=FACE_OUTER_BOUND('',#697,.T.);
#407=FACE_OUTER_BOUND('',#698,.T.);
#408=FACE_OUTER_BOUND('',#699,.T.);
#409=FACE_OUTER_BOUND('',#700,.T.);
#410=FACE_OUTER_BOUND('',#701,.T.);
#411=FACE_OUTER_BOUND('',#703,.T.);
#412=FACE_OUTER_BOUND('',#704,.T.);
#413=FACE_OUTER_BOUND('',#705,.T.);
#414=FACE_OUTER_BOUND('',#707,.T.);
#415=FACE_OUTER_BOUND('',#708,.T.);
#416=FACE_OUTER_BOUND('',#709,.T.);
#417=FACE_OUTER_BOUND('',#710,.T.);
#418=FACE_OUTER_BOUND('',#712,.T.);
#419=FACE_OUTER_BOUND('',#713,.T.);
#420=FACE_OUTER_BOUND('',#714,.T.);
#421=FACE_OUTER_BOUND('',#715,.T.);
#422=FACE_OUTER_BOUND('',#716,.T.);
#423=FACE_OUTER_BOUND('',#718,.T.);
#424=FACE_OUTER_BOUND('',#719,.T.);
#425=FACE_OUTER_BOUND('',#720,.T.);
#426=FACE_OUTER_BOUND('',#721,.T.);
#427=FACE_OUTER_BOUND('',#723,.T.);
#428=FACE_OUTER_BOUND('',#724,.T.);
#429=FACE_OUTER_BOUND('',#725,.T.);
#430=FACE_OUTER_BOUND('',#727,.T.);
#431=FACE_OUTER_BOUND('',#728,.T.);
#432=FACE_OUTER_BOUND('',#729,.T.);
#433=FACE_OUTER_BOUND('',#730,.T.);
#434=FACE_OUTER_BOUND('',#748,.T.);
#435=FACE_OUTER_BOUND('',#750,.T.);
#436=FACE_OUTER_BOUND('',#751,.T.);
#437=FACE_OUTER_BOUND('',#752,.T.);
#438=FACE_OUTER_BOUND('',#754,.T.);
#439=FACE_OUTER_BOUND('',#755,.T.);
#440=FACE_OUTER_BOUND('',#757,.T.);
#441=FACE_OUTER_BOUND('',#758,.T.);
#442=FACE_OUTER_BOUND('',#760,.T.);
#443=FACE_OUTER_BOUND('',#761,.T.);
#444=FACE_OUTER_BOUND('',#763,.T.);
#445=FACE_OUTER_BOUND('',#764,.T.);
#446=FACE_OUTER_BOUND('',#766,.T.);
#447=FACE_OUTER_BOUND('',#767,.T.);
#448=FACE_OUTER_BOUND('',#769,.T.);
#449=FACE_OUTER_BOUND('',#770,.T.);
#450=FACE_OUTER_BOUND('',#772,.T.);
#451=FACE_OUTER_BOUND('',#773,.T.);
#452=FACE_OUTER_BOUND('',#775,.T.);
#453=FACE_OUTER_BOUND('',#776,.T.);
#454=FACE_OUTER_BOUND('',#786,.T.);
#455=FACE_OUTER_BOUND('',#787,.T.);
#456=FACE_OUTER_BOUND('',#802,.T.);
#457=FACE_OUTER_BOUND('',#807,.T.);
#458=FACE_OUTER_BOUND('',#808,.T.);
#459=FACE_OUTER_BOUND('',#809,.T.);
#460=FACE_OUTER_BOUND('',#810,.T.);
#461=FACE_OUTER_BOUND('',#811,.T.);
#462=FACE_OUTER_BOUND('',#821,.T.);
#463=FACE_OUTER_BOUND('',#822,.T.);
#464=FACE_OUTER_BOUND('',#823,.T.);
#465=FACE_OUTER_BOUND('',#824,.T.);
#466=FACE_OUTER_BOUND('',#825,.T.);
#467=FACE_OUTER_BOUND('',#827,.T.);
#468=FACE_OUTER_BOUND('',#828,.T.);
#469=FACE_OUTER_BOUND('',#830,.T.);
#470=FACE_OUTER_BOUND('',#831,.T.);
#471=FACE_OUTER_BOUND('',#833,.T.);
#472=FACE_OUTER_BOUND('',#834,.T.);
#473=FACE_OUTER_BOUND('',#836,.T.);
#474=FACE_OUTER_BOUND('',#837,.T.);
#475=FACE_OUTER_BOUND('',#838,.T.);
#476=FACE_OUTER_BOUND('',#840,.T.);
#477=FACE_OUTER_BOUND('',#841,.T.);
#478=FACE_OUTER_BOUND('',#842,.T.);
#479=FACE_OUTER_BOUND('',#843,.T.);
#480=FACE_OUTER_BOUND('',#845,.T.);
#481=FACE_OUTER_BOUND('',#846,.T.);
#482=FACE_OUTER_BOUND('',#847,.T.);
#483=FACE_OUTER_BOUND('',#848,.T.);
#484=FACE_OUTER_BOUND('',#850,.T.);
#485=FACE_OUTER_BOUND('',#851,.T.);
#486=FACE_OUTER_BOUND('',#852,.T.);
#487=FACE_OUTER_BOUND('',#853,.T.);
#488=FACE_OUTER_BOUND('',#855,.T.);
#489=FACE_OUTER_BOUND('',#856,.T.);
#490=FACE_OUTER_BOUND('',#859,.T.);
#491=FACE_OUTER_BOUND('',#860,.T.);
#492=FACE_OUTER_BOUND('',#861,.T.);
#493=FACE_OUTER_BOUND('',#862,.T.);
#494=FACE_OUTER_BOUND('',#863,.T.);
#495=FACE_OUTER_BOUND('',#864,.T.);
#496=FACE_OUTER_BOUND('',#866,.T.);
#497=FACE_OUTER_BOUND('',#867,.T.);
#498=FACE_OUTER_BOUND('',#869,.T.);
#499=FACE_OUTER_BOUND('',#870,.T.);
#500=FACE_OUTER_BOUND('',#872,.T.);
#501=FACE_OUTER_BOUND('',#873,.T.);
#502=FACE_OUTER_BOUND('',#875,.T.);
#503=FACE_OUTER_BOUND('',#876,.T.);
#504=FACE_OUTER_BOUND('',#878,.T.);
#505=FACE_OUTER_BOUND('',#879,.T.);
#506=FACE_OUTER_BOUND('',#881,.T.);
#507=FACE_OUTER_BOUND('',#882,.T.);
#508=FACE_OUTER_BOUND('',#883,.T.);
#509=FACE_OUTER_BOUND('',#884,.T.);
#510=FACE_OUTER_BOUND('',#885,.T.);
#511=FACE_OUTER_BOUND('',#886,.T.);
#512=FACE_OUTER_BOUND('',#887,.T.);
#513=FACE_OUTER_BOUND('',#888,.T.);
#514=FACE_OUTER_BOUND('',#889,.T.);
#515=FACE_OUTER_BOUND('',#890,.T.);
#516=FACE_OUTER_BOUND('',#891,.T.);
#517=FACE_OUTER_BOUND('',#892,.T.);
#518=FACE_OUTER_BOUND('',#893,.T.);
#519=FACE_OUTER_BOUND('',#894,.T.);
#520=FACE_OUTER_BOUND('',#895,.T.);
#521=FACE_OUTER_BOUND('',#896,.T.);
#522=FACE_OUTER_BOUND('',#897,.T.);
#523=FACE_OUTER_BOUND('',#898,.T.);
#524=FACE_OUTER_BOUND('',#899,.T.);
#525=FACE_OUTER_BOUND('',#900,.T.);
#526=FACE_OUTER_BOUND('',#901,.T.);
#527=FACE_OUTER_BOUND('',#902,.T.);
#528=FACE_OUTER_BOUND('',#903,.T.);
#529=FACE_OUTER_BOUND('',#913,.T.);
#530=FACE_OUTER_BOUND('',#914,.T.);
#531=FACE_OUTER_BOUND('',#915,.T.);
#532=FACE_OUTER_BOUND('',#922,.T.);
#533=FACE_OUTER_BOUND('',#923,.T.);
#534=FACE_OUTER_BOUND('',#924,.T.);
#535=FACE_OUTER_BOUND('',#925,.T.);
#536=FACE_OUTER_BOUND('',#926,.T.);
#537=FACE_OUTER_BOUND('',#927,.T.);
#538=FACE_OUTER_BOUND('',#928,.T.);
#539=FACE_OUTER_BOUND('',#929,.T.);
#540=FACE_OUTER_BOUND('',#930,.T.);
#541=FACE_OUTER_BOUND('',#931,.T.);
#542=FACE_OUTER_BOUND('',#932,.T.);
#543=FACE_OUTER_BOUND('',#933,.T.);
#544=FACE_OUTER_BOUND('',#934,.T.);
#545=FACE_OUTER_BOUND('',#935,.T.);
#546=FACE_OUTER_BOUND('',#936,.T.);
#547=FACE_OUTER_BOUND('',#937,.T.);
#548=FACE_OUTER_BOUND('',#938,.T.);
#549=FACE_OUTER_BOUND('',#939,.T.);
#550=FACE_OUTER_BOUND('',#940,.T.);
#551=FACE_OUTER_BOUND('',#941,.T.);
#552=FACE_OUTER_BOUND('',#942,.T.);
#553=FACE_OUTER_BOUND('',#943,.T.);
#554=FACE_OUTER_BOUND('',#944,.T.);
#555=FACE_OUTER_BOUND('',#945,.T.);
#556=FACE_OUTER_BOUND('',#946,.T.);
#557=FACE_OUTER_BOUND('',#947,.T.);
#558=FACE_OUTER_BOUND('',#948,.T.);
#559=FACE_OUTER_BOUND('',#949,.T.);
#560=FACE_OUTER_BOUND('',#950,.T.);
#561=FACE_OUTER_BOUND('',#951,.T.);
#562=FACE_OUTER_BOUND('',#952,.T.);
#563=FACE_OUTER_BOUND('',#953,.T.);
#564=FACE_OUTER_BOUND('',#954,.T.);
#565=FACE_OUTER_BOUND('',#955,.T.);
#566=FACE_OUTER_BOUND('',#956,.T.);
#567=FACE_OUTER_BOUND('',#957,.T.);
#568=FACE_OUTER_BOUND('',#958,.T.);
#569=FACE_OUTER_BOUND('',#959,.T.);
#570=EDGE_LOOP('',(#3111,#3112,#3113,#3114));
#571=EDGE_LOOP('',(#3115,#3116,#3117,#3118,#3119,#3120,#3121,#3122,#3123,
#3124,#3125,#3126,#3127,#3128,#3129,#3130));
#572=EDGE_LOOP('',(#3131,#3132,#3133,#3134));
#573=EDGE_LOOP('',(#3135,#3136,#3137,#3138));
#574=EDGE_LOOP('',(#3139,#3140,#3141,#3142));
#575=EDGE_LOOP('',(#3143,#3144,#3145,#3146));
#576=EDGE_LOOP('',(#3147,#3148,#3149,#3150));
#577=EDGE_LOOP('',(#3151,#3152,#3153,#3154));
#578=EDGE_LOOP('',(#3155,#3156,#3157,#3158));
#579=EDGE_LOOP('',(#3159,#3160,#3161,#3162));
#580=EDGE_LOOP('',(#3163,#3164,#3165,#3166));
#581=EDGE_LOOP('',(#3167,#3168,#3169,#3170));
#582=EDGE_LOOP('',(#3171,#3172,#3173,#3174));
#583=EDGE_LOOP('',(#3175,#3176,#3177,#3178));
#584=EDGE_LOOP('',(#3179,#3180,#3181,#3182));
#585=EDGE_LOOP('',(#3183,#3184,#3185,#3186));
#586=EDGE_LOOP('',(#3187,#3188,#3189,#3190));
#587=EDGE_LOOP('',(#3191,#3192,#3193,#3194));
#588=EDGE_LOOP('',(#3195,#3196,#3197,#3198));
#589=EDGE_LOOP('',(#3199,#3200,#3201,#3202));
#590=EDGE_LOOP('',(#3203,#3204,#3205,#3206));
#591=EDGE_LOOP('',(#3207,#3208,#3209,#3210));
#592=EDGE_LOOP('',(#3211,#3212,#3213,#3214));
#593=EDGE_LOOP('',(#3215,#3216,#3217,#3218));
#594=EDGE_LOOP('',(#3219,#3220,#3221,#3222));
#595=EDGE_LOOP('',(#3223,#3224,#3225,#3226));
#596=EDGE_LOOP('',(#3227,#3228,#3229,#3230));
#597=EDGE_LOOP('',(#3231,#3232,#3233,#3234));
#598=EDGE_LOOP('',(#3235,#3236,#3237,#3238));
#599=EDGE_LOOP('',(#3239,#3240,#3241,#3242));
#600=EDGE_LOOP('',(#3243,#3244,#3245,#3246));
#601=EDGE_LOOP('',(#3247,#3248,#3249,#3250));
#602=EDGE_LOOP('',(#3251,#3252,#3253,#3254));
#603=EDGE_LOOP('',(#3255,#3256,#3257,#3258));
#604=EDGE_LOOP('',(#3259,#3260,#3261,#3262));
#605=EDGE_LOOP('',(#3263,#3264,#3265,#3266));
#606=EDGE_LOOP('',(#3267,#3268,#3269,#3270));
#607=EDGE_LOOP('',(#3271,#3272,#3273,#3274));
#608=EDGE_LOOP('',(#3275,#3276,#3277,#3278));
#609=EDGE_LOOP('',(#3279,#3280,#3281,#3282,#3283,#3284,#3285,#3286,#3287,
#3288,#3289,#3290,#3291,#3292,#3293,#3294));
#610=EDGE_LOOP('',(#3295,#3296,#3297,#3298,#3299,#3300));
#611=EDGE_LOOP('',(#3301,#3302,#3303,#3304,#3305,#3306));
#612=EDGE_LOOP('',(#3307,#3308,#3309,#3310,#3311,#3312));
#613=EDGE_LOOP('',(#3313,#3314,#3315,#3316,#3317,#3318));
#614=EDGE_LOOP('',(#3319,#3320,#3321,#3322,#3323));
#615=EDGE_LOOP('',(#3324,#3325,#3326,#3327,#3328,#3329));
#616=EDGE_LOOP('',(#3330,#3331,#3332,#3333,#3334,#3335));
#617=EDGE_LOOP('',(#3336,#3337,#3338,#3339,#3340,#3341));
#618=EDGE_LOOP('',(#3342,#3343,#3344,#3345,#3346,#3347));
#619=EDGE_LOOP('',(#3348,#3349,#3350,#3351,#3352));
#620=EDGE_LOOP('',(#3353,#3354,#3355,#3356));
#621=EDGE_LOOP('',(#3357,#3358,#3359,#3360));
#622=EDGE_LOOP('',(#3361,#3362,#3363,#3364));
#623=EDGE_LOOP('',(#3365,#3366,#3367,#3368));
#624=EDGE_LOOP('',(#3369,#3370,#3371,#3372));
#625=EDGE_LOOP('',(#3373,#3374,#3375,#3376));
#626=EDGE_LOOP('',(#3377,#3378,#3379,#3380));
#627=EDGE_LOOP('',(#3381,#3382,#3383,#3384));
#628=EDGE_LOOP('',(#3385,#3386,#3387,#3388));
#629=EDGE_LOOP('',(#3389,#3390,#3391,#3392));
#630=EDGE_LOOP('',(#3393,#3394,#3395,#3396));
#631=EDGE_LOOP('',(#3397,#3398,#3399,#3400));
#632=EDGE_LOOP('',(#3401,#3402,#3403,#3404));
#633=EDGE_LOOP('',(#3405,#3406,#3407,#3408));
#634=EDGE_LOOP('',(#3409,#3410,#3411,#3412));
#635=EDGE_LOOP('',(#3413,#3414,#3415,#3416));
#636=EDGE_LOOP('',(#3417));
#637=EDGE_LOOP('',(#3418,#3419,#3420,#3421));
#638=EDGE_LOOP('',(#3422,#3423,#3424,#3425));
#639=EDGE_LOOP('',(#3426,#3427,#3428,#3429));
#640=EDGE_LOOP('',(#3430,#3431,#3432,#3433));
#641=EDGE_LOOP('',(#3434,#3435,#3436,#3437));
#642=EDGE_LOOP('',(#3438,#3439,#3440,#3441));
#643=EDGE_LOOP('',(#3442,#3443,#3444,#3445));
#644=EDGE_LOOP('',(#3446,#3447,#3448,#3449));
#645=EDGE_LOOP('',(#3450,#3451,#3452,#3453));
#646=EDGE_LOOP('',(#3454,#3455,#3456,#3457));
#647=EDGE_LOOP('',(#3458,#3459,#3460,#3461));
#648=EDGE_LOOP('',(#3462,#3463,#3464,#3465));
#649=EDGE_LOOP('',(#3466,#3467,#3468,#3469));
#650=EDGE_LOOP('',(#3470,#3471,#3472,#3473));
#651=EDGE_LOOP('',(#3474,#3475,#3476,#3477));
#652=EDGE_LOOP('',(#3478,#3479,#3480,#3481));
#653=EDGE_LOOP('',(#3482,#3483,#3484,#3485));
#654=EDGE_LOOP('',(#3486,#3487,#3488,#3489));
#655=EDGE_LOOP('',(#3490,#3491,#3492,#3493));
#656=EDGE_LOOP('',(#3494,#3495,#3496,#3497));
#657=EDGE_LOOP('',(#3498,#3499,#3500,#3501));
#658=EDGE_LOOP('',(#3502));
#659=EDGE_LOOP('',(#3503));
#660=EDGE_LOOP('',(#3504,#3505,#3506,#3507));
#661=EDGE_LOOP('',(#3508));
#662=EDGE_LOOP('',(#3509));
#663=EDGE_LOOP('',(#3510,#3511,#3512,#3513));
#664=EDGE_LOOP('',(#3514));
#665=EDGE_LOOP('',(#3515));
#666=EDGE_LOOP('',(#3516,#3517,#3518,#3519));
#667=EDGE_LOOP('',(#3520));
#668=EDGE_LOOP('',(#3521));
#669=EDGE_LOOP('',(#3522,#3523,#3524,#3525));
#670=EDGE_LOOP('',(#3526));
#671=EDGE_LOOP('',(#3527));
#672=EDGE_LOOP('',(#3528,#3529,#3530,#3531));
#673=EDGE_LOOP('',(#3532));
#674=EDGE_LOOP('',(#3533));
#675=EDGE_LOOP('',(#3534,#3535,#3536,#3537));
#676=EDGE_LOOP('',(#3538));
#677=EDGE_LOOP('',(#3539));
#678=EDGE_LOOP('',(#3540,#3541,#3542,#3543));
#679=EDGE_LOOP('',(#3544));
#680=EDGE_LOOP('',(#3545));
#681=EDGE_LOOP('',(#3546,#3547,#3548,#3549));
#682=EDGE_LOOP('',(#3550));
#683=EDGE_LOOP('',(#3551));
#684=EDGE_LOOP('',(#3552,#3553,#3554,#3555));
#685=EDGE_LOOP('',(#3556,#3557,#3558,#3559));
#686=EDGE_LOOP('',(#3560,#3561,#3562,#3563));
#687=EDGE_LOOP('',(#3564,#3565,#3566,#3567));
#688=EDGE_LOOP('',(#3568,#3569,#3570,#3571));
#689=EDGE_LOOP('',(#3572,#3573,#3574,#3575));
#690=EDGE_LOOP('',(#3576,#3577,#3578,#3579));
#691=EDGE_LOOP('',(#3580,#3581,#3582,#3583));
#692=EDGE_LOOP('',(#3584,#3585,#3586,#3587));
#693=EDGE_LOOP('',(#3588,#3589,#3590,#3591,#3592,#3593,#3594,#3595,#3596,
#3597,#3598,#3599,#3600,#3601));
#694=EDGE_LOOP('',(#3602,#3603));
#695=EDGE_LOOP('',(#3604));
#696=EDGE_LOOP('',(#3605));
#697=EDGE_LOOP('',(#3606,#3607,#3608,#3609));
#698=EDGE_LOOP('',(#3610,#3611,#3612,#3613));
#699=EDGE_LOOP('',(#3614));
#700=EDGE_LOOP('',(#3615));
#701=EDGE_LOOP('',(#3616));
#702=EDGE_LOOP('',(#3617));
#703=EDGE_LOOP('',(#3618,#3619,#3620,#3621));
#704=EDGE_LOOP('',(#3622,#3623,#3624,#3625));
#705=EDGE_LOOP('',(#3626));
#706=EDGE_LOOP('',(#3627));
#707=EDGE_LOOP('',(#3628,#3629,#3630,#3631));
#708=EDGE_LOOP('',(#3632,#3633,#3634,#3635));
#709=EDGE_LOOP('',(#3636));
#710=EDGE_LOOP('',(#3637));
#711=EDGE_LOOP('',(#3638));
#712=EDGE_LOOP('',(#3639,#3640,#3641,#3642));
#713=EDGE_LOOP('',(#3643,#3644,#3645,#3646));
#714=EDGE_LOOP('',(#3647));
#715=EDGE_LOOP('',(#3648));
#716=EDGE_LOOP('',(#3649));
#717=EDGE_LOOP('',(#3650));
#718=EDGE_LOOP('',(#3651,#3652,#3653,#3654));
#719=EDGE_LOOP('',(#3655,#3656,#3657,#3658));
#720=EDGE_LOOP('',(#3659));
#721=EDGE_LOOP('',(#3660));
#722=EDGE_LOOP('',(#3661));
#723=EDGE_LOOP('',(#3662,#3663,#3664,#3665));
#724=EDGE_LOOP('',(#3666,#3667,#3668,#3669));
#725=EDGE_LOOP('',(#3670));
#726=EDGE_LOOP('',(#3671));
#727=EDGE_LOOP('',(#3672,#3673,#3674,#3675));
#728=EDGE_LOOP('',(#3676,#3677,#3678,#3679));
#729=EDGE_LOOP('',(#3680));
#730=EDGE_LOOP('',(#3681,#3682,#3683,#3684,#3685,#3686,#3687,#3688,#3689));
#731=EDGE_LOOP('',(#3690));
#732=EDGE_LOOP('',(#3691));
#733=EDGE_LOOP('',(#3692));
#734=EDGE_LOOP('',(#3693));
#735=EDGE_LOOP('',(#3694));
#736=EDGE_LOOP('',(#3695));
#737=EDGE_LOOP('',(#3696));
#738=EDGE_LOOP('',(#3697));
#739=EDGE_LOOP('',(#3698));
#740=EDGE_LOOP('',(#3699));
#741=EDGE_LOOP('',(#3700));
#742=EDGE_LOOP('',(#3701,#3702,#3703,#3704,#3705,#3706,#3707,#3708));
#743=EDGE_LOOP('',(#3709));
#744=EDGE_LOOP('',(#3710));
#745=EDGE_LOOP('',(#3711));
#746=EDGE_LOOP('',(#3712));
#747=EDGE_LOOP('',(#3713));
#748=EDGE_LOOP('',(#3714));
#749=EDGE_LOOP('',(#3715));
#750=EDGE_LOOP('',(#3716,#3717,#3718,#3719));
#751=EDGE_LOOP('',(#3720,#3721,#3722,#3723));
#752=EDGE_LOOP('',(#3724));
#753=EDGE_LOOP('',(#3725));
#754=EDGE_LOOP('',(#3726,#3727,#3728,#3729));
#755=EDGE_LOOP('',(#3730));
#756=EDGE_LOOP('',(#3731));
#757=EDGE_LOOP('',(#3732,#3733,#3734,#3735));
#758=EDGE_LOOP('',(#3736));
#759=EDGE_LOOP('',(#3737));
#760=EDGE_LOOP('',(#3738,#3739,#3740,#3741));
#761=EDGE_LOOP('',(#3742));
#762=EDGE_LOOP('',(#3743));
#763=EDGE_LOOP('',(#3744,#3745,#3746,#3747));
#764=EDGE_LOOP('',(#3748));
#765=EDGE_LOOP('',(#3749));
#766=EDGE_LOOP('',(#3750,#3751,#3752,#3753));
#767=EDGE_LOOP('',(#3754));
#768=EDGE_LOOP('',(#3755));
#769=EDGE_LOOP('',(#3756,#3757,#3758,#3759));
#770=EDGE_LOOP('',(#3760));
#771=EDGE_LOOP('',(#3761));
#772=EDGE_LOOP('',(#3762,#3763,#3764,#3765));
#773=EDGE_LOOP('',(#3766));
#774=EDGE_LOOP('',(#3767));
#775=EDGE_LOOP('',(#3768,#3769,#3770,#3771));
#776=EDGE_LOOP('',(#3772,#3773,#3774,#3775,#3776,#3777,#3778,#3779,#3780,
#3781,#3782,#3783,#3784,#3785,#3786,#3787,#3788,#3789,#3790,#3791,#3792,
#3793,#3794,#3795,#3796,#3797,#3798,#3799,#3800,#3801,#3802,#3803,#3804,
#3805,#3806,#3807,#3808,#3809,#3810,#3811,#3812,#3813,#3814,#3815,#3816,
#3817,#3818,#3819,#3820,#3821,#3822,#3823,#3824,#3825,#3826,#3827,#3828,
#3829,#3830,#3831,#3832,#3833,#3834,#3835,#3836,#3837));
#777=EDGE_LOOP('',(#3838));
#778=EDGE_LOOP('',(#3839));
#779=EDGE_LOOP('',(#3840));
#780=EDGE_LOOP('',(#3841));
#781=EDGE_LOOP('',(#3842));
#782=EDGE_LOOP('',(#3843));
#783=EDGE_LOOP('',(#3844));
#784=EDGE_LOOP('',(#3845));
#785=EDGE_LOOP('',(#3846));
#786=EDGE_LOOP('',(#3847,#3848,#3849,#3850));
#787=EDGE_LOOP('',(#3851,#3852,#3853,#3854,#3855,#3856,#3857));
#788=EDGE_LOOP('',(#3858));
#789=EDGE_LOOP('',(#3859,#3860,#3861,#3862,#3863,#3864,#3865,#3866));
#790=EDGE_LOOP('',(#3867));
#791=EDGE_LOOP('',(#3868));
#792=EDGE_LOOP('',(#3869));
#793=EDGE_LOOP('',(#3870));
#794=EDGE_LOOP('',(#3871));
#795=EDGE_LOOP('',(#3872));
#796=EDGE_LOOP('',(#3873));
#797=EDGE_LOOP('',(#3874));
#798=EDGE_LOOP('',(#3875));
#799=EDGE_LOOP('',(#3876));
#800=EDGE_LOOP('',(#3877));
#801=EDGE_LOOP('',(#3878));
#802=EDGE_LOOP('',(#3879,#3880,#3881,#3882,#3883,#3884,#3885));
#803=EDGE_LOOP('',(#3886));
#804=EDGE_LOOP('',(#3887));
#805=EDGE_LOOP('',(#3888));
#806=EDGE_LOOP('',(#3889));
#807=EDGE_LOOP('',(#3890,#3891,#3892,#3893));
#808=EDGE_LOOP('',(#3894,#3895,#3896,#3897,#3898,#3899,#3900,#3901,#3902,
#3903,#3904));
#809=EDGE_LOOP('',(#3905,#3906,#3907,#3908,#3909,#3910,#3911,#3912,#3913,
#3914,#3915));
#810=EDGE_LOOP('',(#3916,#3917,#3918,#3919));
#811=EDGE_LOOP('',(#3920,#3921,#3922,#3923,#3924,#3925,#3926,#3927,#3928,
#3929,#3930,#3931));
#812=EDGE_LOOP('',(#3932));
#813=EDGE_LOOP('',(#3933,#3934,#3935,#3936,#3937,#3938,#3939,#3940));
#814=EDGE_LOOP('',(#3941));
#815=EDGE_LOOP('',(#3942));
#816=EDGE_LOOP('',(#3943));
#817=EDGE_LOOP('',(#3944));
#818=EDGE_LOOP('',(#3945));
#819=EDGE_LOOP('',(#3946));
#820=EDGE_LOOP('',(#3947));
#821=EDGE_LOOP('',(#3948,#3949,#3950,#3951,#3952,#3953));
#822=EDGE_LOOP('',(#3954,#3955,#3956,#3957,#3958));
#823=EDGE_LOOP('',(#3959,#3960,#3961,#3962));
#824=EDGE_LOOP('',(#3963,#3964,#3965,#3966));
#825=EDGE_LOOP('',(#3967));
#826=EDGE_LOOP('',(#3968));
#827=EDGE_LOOP('',(#3969,#3970,#3971,#3972));
#828=EDGE_LOOP('',(#3973));
#829=EDGE_LOOP('',(#3974));
#830=EDGE_LOOP('',(#3975,#3976,#3977,#3978));
#831=EDGE_LOOP('',(#3979));
#832=EDGE_LOOP('',(#3980));
#833=EDGE_LOOP('',(#3981,#3982,#3983,#3984));
#834=EDGE_LOOP('',(#3985));
#835=EDGE_LOOP('',(#3986));
#836=EDGE_LOOP('',(#3987,#3988,#3989,#3990));
#837=EDGE_LOOP('',(#3991,#3992,#3993,#3994));
#838=EDGE_LOOP('',(#3995));
#839=EDGE_LOOP('',(#3996));
#840=EDGE_LOOP('',(#3997));
#841=EDGE_LOOP('',(#3998,#3999,#4000,#4001));
#842=EDGE_LOOP('',(#4002,#4003,#4004,#4005));
#843=EDGE_LOOP('',(#4006));
#844=EDGE_LOOP('',(#4007));
#845=EDGE_LOOP('',(#4008));
#846=EDGE_LOOP('',(#4009,#4010,#4011,#4012));
#847=EDGE_LOOP('',(#4013,#4014,#4015,#4016));
#848=EDGE_LOOP('',(#4017));
#849=EDGE_LOOP('',(#4018));
#850=EDGE_LOOP('',(#4019));
#851=EDGE_LOOP('',(#4020,#4021,#4022,#4023));
#852=EDGE_LOOP('',(#4024,#4025,#4026,#4027));
#853=EDGE_LOOP('',(#4028));
#854=EDGE_LOOP('',(#4029));
#855=EDGE_LOOP('',(#4030));
#856=EDGE_LOOP('',(#4031,#4032,#4033,#4034,#4035));
#857=EDGE_LOOP('',(#4036));
#858=EDGE_LOOP('',(#4037));
#859=EDGE_LOOP('',(#4038,#4039,#4040,#4041));
#860=EDGE_LOOP('',(#4042,#4043,#4044,#4045));
#861=EDGE_LOOP('',(#4046,#4047,#4048,#4049));
#862=EDGE_LOOP('',(#4050,#4051,#4052,#4053));
#863=EDGE_LOOP('',(#4054,#4055,#4056,#4057));
#864=EDGE_LOOP('',(#4058));
#865=EDGE_LOOP('',(#4059));
#866=EDGE_LOOP('',(#4060,#4061,#4062,#4063));
#867=EDGE_LOOP('',(#4064));
#868=EDGE_LOOP('',(#4065));
#869=EDGE_LOOP('',(#4066,#4067,#4068,#4069));
#870=EDGE_LOOP('',(#4070));
#871=EDGE_LOOP('',(#4071));
#872=EDGE_LOOP('',(#4072,#4073,#4074,#4075));
#873=EDGE_LOOP('',(#4076));
#874=EDGE_LOOP('',(#4077));
#875=EDGE_LOOP('',(#4078,#4079,#4080,#4081));
#876=EDGE_LOOP('',(#4082));
#877=EDGE_LOOP('',(#4083));
#878=EDGE_LOOP('',(#4084,#4085,#4086,#4087));
#879=EDGE_LOOP('',(#4088));
#880=EDGE_LOOP('',(#4089));
#881=EDGE_LOOP('',(#4090,#4091,#4092,#4093));
#882=EDGE_LOOP('',(#4094,#4095,#4096,#4097));
#883=EDGE_LOOP('',(#4098,#4099,#4100,#4101));
#884=EDGE_LOOP('',(#4102,#4103,#4104,#4105));
#885=EDGE_LOOP('',(#4106,#4107,#4108,#4109));
#886=EDGE_LOOP('',(#4110,#4111,#4112,#4113));
#887=EDGE_LOOP('',(#4114,#4115,#4116,#4117));
#888=EDGE_LOOP('',(#4118,#4119,#4120,#4121));
#889=EDGE_LOOP('',(#4122,#4123,#4124,#4125));
#890=EDGE_LOOP('',(#4126,#4127,#4128,#4129));
#891=EDGE_LOOP('',(#4130,#4131,#4132,#4133));
#892=EDGE_LOOP('',(#4134,#4135,#4136,#4137));
#893=EDGE_LOOP('',(#4138,#4139,#4140,#4141));
#894=EDGE_LOOP('',(#4142,#4143,#4144,#4145));
#895=EDGE_LOOP('',(#4146,#4147,#4148,#4149));
#896=EDGE_LOOP('',(#4150,#4151,#4152,#4153));
#897=EDGE_LOOP('',(#4154,#4155,#4156,#4157));
#898=EDGE_LOOP('',(#4158,#4159,#4160,#4161));
#899=EDGE_LOOP('',(#4162,#4163,#4164,#4165));
#900=EDGE_LOOP('',(#4166,#4167,#4168,#4169));
#901=EDGE_LOOP('',(#4170,#4171,#4172,#4173));
#902=EDGE_LOOP('',(#4174,#4175,#4176,#4177));
#903=EDGE_LOOP('',(#4178,#4179,#4180,#4181,#4182));
#904=EDGE_LOOP('',(#4183));
#905=EDGE_LOOP('',(#4184));
#906=EDGE_LOOP('',(#4185));
#907=EDGE_LOOP('',(#4186));
#908=EDGE_LOOP('',(#4187));
#909=EDGE_LOOP('',(#4188));
#910=EDGE_LOOP('',(#4189));
#911=EDGE_LOOP('',(#4190));
#912=EDGE_LOOP('',(#4191,#4192,#4193,#4194,#4195,#4196,#4197,#4198));
#913=EDGE_LOOP('',(#4199,#4200,#4201,#4202));
#914=EDGE_LOOP('',(#4203,#4204,#4205,#4206));
#915=EDGE_LOOP('',(#4207,#4208,#4209,#4210,#4211,#4212,#4213,#4214,#4215,
#4216,#4217,#4218,#4219,#4220,#4221,#4222,#4223,#4224,#4225,#4226,#4227,
#4228,#4229,#4230,#4231,#4232,#4233,#4234,#4235,#4236,#4237,#4238,#4239,
#4240,#4241,#4242,#4243,#4244,#4245,#4246,#4247,#4248,#4249,#4250,#4251));
#916=EDGE_LOOP('',(#4252));
#917=EDGE_LOOP('',(#4253));
#918=EDGE_LOOP('',(#4254));
#919=EDGE_LOOP('',(#4255));
#920=EDGE_LOOP('',(#4256));
#921=EDGE_LOOP('',(#4257));
#922=EDGE_LOOP('',(#4258,#4259,#4260,#4261));
#923=EDGE_LOOP('',(#4262,#4263,#4264,#4265));
#924=EDGE_LOOP('',(#4266,#4267,#4268,#4269));
#925=EDGE_LOOP('',(#4270,#4271,#4272,#4273));
#926=EDGE_LOOP('',(#4274,#4275,#4276,#4277));
#927=EDGE_LOOP('',(#4278,#4279,#4280,#4281));
#928=EDGE_LOOP('',(#4282,#4283,#4284,#4285));
#929=EDGE_LOOP('',(#4286,#4287,#4288,#4289));
#930=EDGE_LOOP('',(#4290,#4291,#4292,#4293));
#931=EDGE_LOOP('',(#4294,#4295,#4296,#4297));
#932=EDGE_LOOP('',(#4298,#4299,#4300,#4301));
#933=EDGE_LOOP('',(#4302,#4303,#4304,#4305));
#934=EDGE_LOOP('',(#4306,#4307,#4308,#4309));
#935=EDGE_LOOP('',(#4310,#4311,#4312,#4313));
#936=EDGE_LOOP('',(#4314,#4315,#4316,#4317));
#937=EDGE_LOOP('',(#4318,#4319,#4320,#4321));
#938=EDGE_LOOP('',(#4322,#4323,#4324,#4325));
#939=EDGE_LOOP('',(#4326,#4327,#4328,#4329));
#940=EDGE_LOOP('',(#4330,#4331,#4332,#4333));
#941=EDGE_LOOP('',(#4334,#4335,#4336,#4337));
#942=EDGE_LOOP('',(#4338,#4339,#4340,#4341));
#943=EDGE_LOOP('',(#4342,#4343,#4344,#4345,#4346,#4347,#4348,#4349,#4350,
#4351,#4352,#4353,#4354,#4355,#4356,#4357));
#944=EDGE_LOOP('',(#4358,#4359,#4360,#4361));
#945=EDGE_LOOP('',(#4362,#4363,#4364,#4365));
#946=EDGE_LOOP('',(#4366,#4367,#4368,#4369));
#947=EDGE_LOOP('',(#4370,#4371,#4372,#4373));
#948=EDGE_LOOP('',(#4374,#4375,#4376,#4377));
#949=EDGE_LOOP('',(#4378,#4379,#4380,#4381));
#950=EDGE_LOOP('',(#4382,#4383,#4384,#4385,#4386,#4387,#4388,#4389));
#951=EDGE_LOOP('',(#4390,#4391,#4392,#4393));
#952=EDGE_LOOP('',(#4394,#4395,#4396,#4397));
#953=EDGE_LOOP('',(#4398,#4399,#4400,#4401));
#954=EDGE_LOOP('',(#4402,#4403,#4404,#4405,#4406,#4407));
#955=EDGE_LOOP('',(#4408,#4409,#4410,#4411,#4412,#4413));
#956=EDGE_LOOP('',(#4414,#4415,#4416,#4417,#4418,#4419));
#957=EDGE_LOOP('',(#4420,#4421,#4422,#4423,#4424,#4425));
#958=EDGE_LOOP('',(#4426,#4427,#4428,#4429,#4430));
#959=EDGE_LOOP('',(#4431,#4432,#4433,#4434));
#960=LINE('',#6895,#1360);
#961=LINE('',#6898,#1361);
#962=LINE('',#6901,#1362);
#963=LINE('',#6903,#1363);
#964=LINE('',#6905,#1364);
#965=LINE('',#6907,#1365);
#966=LINE('',#6909,#1366);
#967=LINE('',#6911,#1367);
#968=LINE('',#6913,#1368);
#969=LINE('',#6915,#1369);
#970=LINE('',#6917,#1370);
#971=LINE('',#6919,#1371);
#972=LINE('',#6921,#1372);
#973=LINE('',#6923,#1373);
#974=LINE('',#6925,#1374);
#975=LINE('',#6927,#1375);
#976=LINE('',#6928,#1376);
#977=LINE('',#6934,#1377);
#978=LINE('',#6940,#1378);
#979=LINE('',#6943,#1379);
#980=LINE('',#6946,#1380);
#981=LINE('',#6948,#1381);
#982=LINE('',#6949,#1382);
#983=LINE('',#6952,#1383);
#984=LINE('',#6954,#1384);
#985=LINE('',#6955,#1385);
#986=LINE('',#6958,#1386);
#987=LINE('',#6960,#1387);
#988=LINE('',#6961,#1388);
#989=LINE('',#6967,#1389);
#990=LINE('',#6970,#1390);
#991=LINE('',#6972,#1391);
#992=LINE('',#6973,#1392);
#993=LINE('',#6982,#1393);
#994=LINE('',#6985,#1394);
#995=LINE('',#6988,#1395);
#996=LINE('',#6990,#1396);
#997=LINE('',#6991,#1397);
#998=LINE('',#6997,#1398);
#999=LINE('',#6999,#1399);
#1000=LINE('',#7000,#1400);
#1001=LINE('',#7002,#1401);
#1002=LINE('',#7003,#1402);
#1003=LINE('',#7009,#1403);
#1004=LINE('',#7012,#1404);
#1005=LINE('',#7015,#1405);
#1006=LINE('',#7017,#1406);
#1007=LINE('',#7018,#1407);
#1008=LINE('',#7024,#1408);
#1009=LINE('',#7027,#1409);
#1010=LINE('',#7029,#1410);
#1011=LINE('',#7030,#1411);
#1012=LINE('',#7033,#1412);
#1013=LINE('',#7035,#1413);
#1014=LINE('',#7036,#1414);
#1015=LINE('',#7039,#1415);
#1016=LINE('',#7041,#1416);
#1017=LINE('',#7042,#1417);
#1018=LINE('',#7045,#1418);
#1019=LINE('',#7047,#1419);
#1020=LINE('',#7048,#1420);
#1021=LINE('',#7054,#1421);
#1022=LINE('',#7057,#1422);
#1023=LINE('',#7059,#1423);
#1024=LINE('',#7060,#1424);
#1025=LINE('',#7069,#1425);
#1026=LINE('',#7072,#1426);
#1027=LINE('',#7075,#1427);
#1028=LINE('',#7077,#1428);
#1029=LINE('',#7078,#1429);
#1030=LINE('',#7082,#1430);
#1031=LINE('',#7084,#1431);
#1032=LINE('',#7086,#1432);
#1033=LINE('',#7087,#1433);
#1034=LINE('',#7093,#1434);
#1035=LINE('',#7095,#1435);
#1036=LINE('',#7096,#1436);
#1037=LINE('',#7102,#1437);
#1038=LINE('',#7105,#1438);
#1039=LINE('',#7108,#1439);
#1040=LINE('',#7110,#1440);
#1041=LINE('',#7111,#1441);
#1042=LINE('',#7115,#1442);
#1043=LINE('',#7117,#1443);
#1044=LINE('',#7119,#1444);
#1045=LINE('',#7120,#1445);
#1046=LINE('',#7126,#1446);
#1047=LINE('',#7128,#1447);
#1048=LINE('',#7129,#1448);
#1049=LINE('',#7135,#1449);
#1050=LINE('',#7138,#1450);
#1051=LINE('',#7142,#1451);
#1052=LINE('',#7144,#1452);
#1053=LINE('',#7146,#1453);
#1054=LINE('',#7147,#1454);
#1055=LINE('',#7153,#1455);
#1056=LINE('',#7155,#1456);
#1057=LINE('',#7156,#1457);
#1058=LINE('',#7158,#1458);
#1059=LINE('',#7160,#1459);
#1060=LINE('',#7162,#1460);
#1061=LINE('',#7164,#1461);
#1062=LINE('',#7166,#1462);
#1063=LINE('',#7168,#1463);
#1064=LINE('',#7170,#1464);
#1065=LINE('',#7172,#1465);
#1066=LINE('',#7174,#1466);
#1067=LINE('',#7175,#1467);
#1068=LINE('',#7176,#1468);
#1069=LINE('',#7177,#1469);
#1070=LINE('',#7180,#1470);
#1071=LINE('',#7183,#1471);
#1072=LINE('',#7187,#1472);
#1073=LINE('',#7188,#1473);
#1074=LINE('',#7189,#1474);
#1075=LINE('',#7195,#1475);
#1076=LINE('',#7198,#1476);
#1077=LINE('',#7199,#1477);
#1078=LINE('',#7203,#1478);
#1079=LINE('',#7207,#1479);
#1080=LINE('',#7209,#1480);
#1081=LINE('',#7211,#1481);
#1082=LINE('',#7213,#1482);
#1083=LINE('',#7214,#1483);
#1084=LINE('',#7220,#1484);
#1085=LINE('',#7222,#1485);
#1086=LINE('',#7225,#1486);
#1087=LINE('',#7226,#1487);
#1088=LINE('',#7230,#1488);
#1089=LINE('',#7233,#1489);
#1090=LINE('',#7234,#1490);
#1091=LINE('',#7238,#1491);
#1092=LINE('',#7240,#1492);
#1093=LINE('',#7246,#1493);
#1094=LINE('',#7252,#1494);
#1095=LINE('',#7256,#1495);
#1096=LINE('',#7257,#1496);
#1097=LINE('',#7258,#1497);
#1098=LINE('',#7261,#1498);
#1099=LINE('',#7262,#1499);
#1100=LINE('',#7268,#1500);
#1101=LINE('',#7272,#1501);
#1102=LINE('',#7274,#1502);
#1103=LINE('',#7276,#1503);
#1104=LINE('',#7277,#1504);
#1105=LINE('',#7283,#1505);
#1106=LINE('',#7289,#1506);
#1107=LINE('',#7292,#1507);
#1108=LINE('',#7294,#1508);
#1109=LINE('',#7295,#1509);
#1110=LINE('',#7301,#1510);
#1111=LINE('',#7303,#1511);
#1112=LINE('',#7304,#1512);
#1113=LINE('',#7310,#1513);
#1114=LINE('',#7313,#1514);
#1115=LINE('',#7315,#1515);
#1116=LINE('',#7316,#1516);
#1117=LINE('',#7322,#1517);
#1118=LINE('',#7325,#1518);
#1119=LINE('',#7328,#1519);
#1120=LINE('',#7329,#1520);
#1121=LINE('',#7333,#1521);
#1122=LINE('',#7336,#1522);
#1123=LINE('',#7337,#1523);
#1124=LINE('',#7341,#1524);
#1125=LINE('',#7344,#1525);
#1126=LINE('',#7345,#1526);
#1127=LINE('',#7349,#1527);
#1128=LINE('',#7351,#1528);
#1129=LINE('',#7356,#1529);
#1130=LINE('',#7362,#1530);
#1131=LINE('',#7368,#1531);
#1132=LINE('',#7374,#1532);
#1133=LINE('',#7380,#1533);
#1134=LINE('',#7386,#1534);
#1135=LINE('',#7392,#1535);
#1136=LINE('',#7398,#1536);
#1137=LINE('',#7404,#1537);
#1138=LINE('',#7412,#1538);
#1139=LINE('',#7419,#1539);
#1140=LINE('',#7426,#1540);
#1141=LINE('',#7433,#1541);
#1142=LINE('',#7440,#1542);
#1143=LINE('',#7447,#1543);
#1144=LINE('',#7454,#1544);
#1145=LINE('',#7461,#1545);
#1146=LINE('',#7468,#1546);
#1147=LINE('',#7473,#1547);
#1148=LINE('',#7479,#1548);
#1149=LINE('',#7485,#1549);
#1150=LINE('',#7491,#1550);
#1151=LINE('',#7497,#1551);
#1152=LINE('',#7503,#1552);
#1153=LINE('',#7509,#1553);
#1154=LINE('',#7515,#1554);
#1155=LINE('',#7519,#1555);
#1156=LINE('',#7520,#1556);
#1157=LINE('',#7521,#1557);
#1158=LINE('',#7522,#1558);
#1159=LINE('',#7523,#1559);
#1160=LINE('',#7536,#1560);
#1161=LINE('',#7539,#1561);
#1162=LINE('',#7553,#1562);
#1163=LINE('',#7556,#1563);
#1164=LINE('',#7564,#1564);
#1165=LINE('',#7567,#1565);
#1166=LINE('',#7578,#1566);
#1167=LINE('',#7581,#1567);
#1168=LINE('',#7595,#1568);
#1169=LINE('',#7598,#1569);
#1170=LINE('',#7609,#1570);
#1171=LINE('',#7612,#1571);
#1172=LINE('',#7620,#1572);
#1173=LINE('',#7623,#1573);
#1174=LINE('',#7628,#1574);
#1175=LINE('',#7653,#1575);
#1176=LINE('',#7655,#1576);
#1177=LINE('',#7660,#1577);
#1178=LINE('',#7665,#1578);
#1179=LINE('',#7670,#1579);
#1180=LINE('',#7675,#1580);
#1181=LINE('',#7680,#1581);
#1182=LINE('',#7685,#1582);
#1183=LINE('',#7690,#1583);
#1184=LINE('',#7695,#1584);
#1185=LINE('',#7698,#1585);
#1186=LINE('',#7699,#1586);
#1187=LINE('',#7701,#1587);
#1188=LINE('',#7702,#1588);
#1189=LINE('',#7705,#1589);
#1190=LINE('',#7706,#1590);
#1191=LINE('',#7709,#1591);
#1192=LINE('',#7710,#1592);
#1193=LINE('',#7711,#1593);
#1194=LINE('',#7714,#1594);
#1195=LINE('',#7715,#1595);
#1196=LINE('',#7717,#1596);
#1197=LINE('',#7722,#1597);
#1198=LINE('',#7724,#1598);
#1199=LINE('',#7726,#1599);
#1200=LINE('',#7728,#1600);
#1201=LINE('',#7730,#1601);
#1202=LINE('',#7732,#1602);
#1203=LINE('',#7734,#1603);
#1204=LINE('',#7736,#1604);
#1205=LINE('',#7738,#1605);
#1206=LINE('',#7740,#1606);
#1207=LINE('',#7741,#1607);
#1208=LINE('',#7744,#1608);
#1209=LINE('',#7746,#1609);
#1210=LINE('',#7747,#1610);
#1211=LINE('',#7750,#1611);
#1212=LINE('',#7756,#1612);
#1213=LINE('',#7760,#1613);
#1214=LINE('',#7764,#1614);
#1215=LINE('',#7774,#1615);
#1216=LINE('',#7778,#1616);
#1217=LINE('',#7782,#1617);
#1218=LINE('',#7785,#1618);
#1219=LINE('',#7802,#1619);
#1220=LINE('',#7804,#1620);
#1221=LINE('',#7806,#1621);
#1222=LINE('',#7807,#1622);
#1223=LINE('',#7810,#1623);
#1224=LINE('',#7813,#1624);
#1225=LINE('',#7816,#1625);
#1226=LINE('',#7817,#1626);
#1227=LINE('',#7820,#1627);
#1228=LINE('',#7827,#1628);
#1229=LINE('',#7834,#1629);
#1230=LINE('',#7841,#1630);
#1231=LINE('',#7850,#1631);
#1232=LINE('',#7855,#1632);
#1233=LINE('',#7862,#1633);
#1234=LINE('',#7867,#1634);
#1235=LINE('',#7874,#1635);
#1236=LINE('',#7879,#1636);
#1237=LINE('',#7886,#1637);
#1238=LINE('',#7891,#1638);
#1239=LINE('',#7896,#1639);
#1240=LINE('',#7900,#1640);
#1241=LINE('',#7901,#1641);
#1242=LINE('',#7909,#1642);
#1243=LINE('',#7913,#1643);
#1244=LINE('',#7917,#1644);
#1245=LINE('',#7921,#1645);
#1246=LINE('',#7926,#1646);
#1247=LINE('',#7935,#1647);
#1248=LINE('',#7944,#1648);
#1249=LINE('',#7951,#1649);
#1250=LINE('',#7958,#1650);
#1251=LINE('',#7967,#1651);
#1252=LINE('',#7975,#1652);
#1253=LINE('',#7979,#1653);
#1254=LINE('',#7983,#1654);
#1255=LINE('',#7987,#1655);
#1256=LINE('',#7991,#1656);
#1257=LINE('',#7995,#1657);
#1258=LINE('',#7998,#1658);
#1259=LINE('',#8000,#1659);
#1260=LINE('',#8004,#1660);
#1261=LINE('',#8005,#1661);
#1262=LINE('',#8008,#1662);
#1263=LINE('',#8012,#1663);
#1264=LINE('',#8013,#1664);
#1265=LINE('',#8016,#1665);
#1266=LINE('',#8020,#1666);
#1267=LINE('',#8021,#1667);
#1268=LINE('',#8024,#1668);
#1269=LINE('',#8027,#1669);
#1270=LINE('',#8030,#1670);
#1271=LINE('',#8032,#1671);
#1272=LINE('',#8033,#1672);
#1273=LINE('',#8036,#1673);
#1274=LINE('',#8040,#1674);
#1275=LINE('',#8041,#1675);
#1276=LINE('',#8044,#1676);
#1277=LINE('',#8048,#1677);
#1278=LINE('',#8050,#1678);
#1279=LINE('',#8051,#1679);
#1280=LINE('',#8055,#1680);
#1281=LINE('',#8057,#1681);
#1282=LINE('',#8062,#1682);
#1283=LINE('',#8065,#1683);
#1284=LINE('',#8068,#1684);
#1285=LINE('',#8071,#1685);
#1286=LINE('',#8073,#1686);
#1287=LINE('',#8080,#1687);
#1288=LINE('',#8082,#1688);
#1289=LINE('',#8086,#1689);
#1290=LINE('',#8090,#1690);
#1291=LINE('',#8092,#1691);
#1292=LINE('',#8096,#1692);
#1293=LINE('',#8098,#1693);
#1294=LINE('',#8102,#1694);
#1295=LINE('',#8106,#1695);
#1296=LINE('',#8108,#1696);
#1297=LINE('',#8110,#1697);
#1298=LINE('',#8114,#1698);
#1299=LINE('',#8118,#1699);
#1300=LINE('',#8120,#1700);
#1301=LINE('',#8122,#1701);
#1302=LINE('',#8126,#1702);
#1303=LINE('',#8130,#1703);
#1304=LINE('',#8132,#1704);
#1305=LINE('',#8136,#1705);
#1306=LINE('',#8141,#1706);
#1307=LINE('',#8144,#1707);
#1308=LINE('',#8147,#1708);
#1309=LINE('',#8149,#1709);
#1310=LINE('',#8152,#1710);
#1311=LINE('',#8154,#1711);
#1312=LINE('',#8156,#1712);
#1313=LINE('',#8158,#1713);
#1314=LINE('',#8161,#1714);
#1315=LINE('',#8163,#1715);
#1316=LINE('',#8164,#1716);
#1317=LINE('',#8167,#1717);
#1318=LINE('',#8171,#1718);
#1319=LINE('',#8172,#1719);
#1320=LINE('',#8175,#1720);
#1321=LINE('',#8179,#1721);
#1322=LINE('',#8180,#1722);
#1323=LINE('',#8183,#1723);
#1324=LINE('',#8185,#1724);
#1325=LINE('',#8186,#1725);
#1326=LINE('',#8189,#1726);
#1327=LINE('',#8193,#1727);
#1328=LINE('',#8194,#1728);
#1329=LINE('',#8197,#1729);
#1330=LINE('',#8201,#1730);
#1331=LINE('',#8202,#1731);
#1332=LINE('',#8205,#1732);
#1333=LINE('',#8207,#1733);
#1334=LINE('',#8208,#1734);
#1335=LINE('',#8211,#1735);
#1336=LINE('',#8215,#1736);
#1337=LINE('',#8216,#1737);
#1338=LINE('',#8219,#1738);
#1339=LINE('',#8223,#1739);
#1340=LINE('',#8224,#1740);
#1341=LINE('',#8226,#1741);
#1342=LINE('',#8227,#1742);
#1343=LINE('',#8228,#1743);
#1344=LINE('',#8229,#1744);
#1345=LINE('',#8231,#1745);
#1346=LINE('',#8234,#1746);
#1347=LINE('',#8236,#1747);
#1348=LINE('',#8237,#1748);
#1349=LINE('',#8240,#1749);
#1350=LINE('',#8244,#1750);
#1351=LINE('',#8245,#1751);
#1352=LINE('',#8248,#1752);
#1353=LINE('',#8252,#1753);
#1354=LINE('',#8253,#1754);
#1355=LINE('',#8255,#1755);
#1356=LINE('',#8256,#1756);
#1357=LINE('',#8258,#1757);
#1358=LINE('',#8261,#1758);
#1359=LINE('',#8267,#1759);
#1360=VECTOR('',#5407,10.);
#1361=VECTOR('',#5410,10.);
#1362=VECTOR('',#5413,10.);
#1363=VECTOR('',#5414,10.);
#1364=VECTOR('',#5415,10.);
#1365=VECTOR('',#5416,10.);
#1366=VECTOR('',#5417,10.);
#1367=VECTOR('',#5418,10.);
#1368=VECTOR('',#5419,10.);
#1369=VECTOR('',#5420,10.);
#1370=VECTOR('',#5421,10.);
#1371=VECTOR('',#5422,10.);
#1372=VECTOR('',#5423,10.);
#1373=VECTOR('',#5424,10.);
#1374=VECTOR('',#5425,10.);
#1375=VECTOR('',#5426,10.);
#1376=VECTOR('',#5427,10.);
#1377=VECTOR('',#5434,10.);
#1378=VECTOR('',#5439,10.);
#1379=VECTOR('',#5442,10.);
#1380=VECTOR('',#5445,10.);
#1381=VECTOR('',#5446,10.);
#1382=VECTOR('',#5447,10.);
#1383=VECTOR('',#5450,10.);
#1384=VECTOR('',#5451,10.);
#1385=VECTOR('',#5452,10.);
#1386=VECTOR('',#5455,10.);
#1387=VECTOR('',#5456,10.);
#1388=VECTOR('',#5457,10.);
#1389=VECTOR('',#5464,10.);
#1390=VECTOR('',#5467,10.);
#1391=VECTOR('',#5468,10.);
#1392=VECTOR('',#5469,10.);
#1393=VECTOR('',#5480,10.);
#1394=VECTOR('',#5483,10.);
#1395=VECTOR('',#5486,10.);
#1396=VECTOR('',#5487,10.);
#1397=VECTOR('',#5488,10.);
#1398=VECTOR('',#5495,10.);
#1399=VECTOR('',#5498,10.);
#1400=VECTOR('',#5499,10.);
#1401=VECTOR('',#5502,10.);
#1402=VECTOR('',#5503,10.);
#1403=VECTOR('',#5508,10.);
#1404=VECTOR('',#5511,10.);
#1405=VECTOR('',#5514,10.);
#1406=VECTOR('',#5515,10.);
#1407=VECTOR('',#5516,10.);
#1408=VECTOR('',#5523,10.);
#1409=VECTOR('',#5526,10.);
#1410=VECTOR('',#5527,10.);
#1411=VECTOR('',#5528,10.);
#1412=VECTOR('',#5531,10.);
#1413=VECTOR('',#5532,10.);
#1414=VECTOR('',#5533,10.);
#1415=VECTOR('',#5536,10.);
#1416=VECTOR('',#5537,10.);
#1417=VECTOR('',#5538,10.);
#1418=VECTOR('',#5541,10.);
#1419=VECTOR('',#5542,10.);
#1420=VECTOR('',#5543,10.);
#1421=VECTOR('',#5550,10.);
#1422=VECTOR('',#5553,10.);
#1423=VECTOR('',#5554,10.);
#1424=VECTOR('',#5555,10.);
#1425=VECTOR('',#5566,10.);
#1426=VECTOR('',#5569,10.);
#1427=VECTOR('',#5572,10.);
#1428=VECTOR('',#5573,10.);
#1429=VECTOR('',#5574,10.);
#1430=VECTOR('',#5577,10.);
#1431=VECTOR('',#5578,10.);
#1432=VECTOR('',#5579,10.);
#1433=VECTOR('',#5580,10.);
#1434=VECTOR('',#5587,10.);
#1435=VECTOR('',#5590,10.);
#1436=VECTOR('',#5591,10.);
#1437=VECTOR('',#5596,10.);
#1438=VECTOR('',#5599,10.);
#1439=VECTOR('',#5602,10.);
#1440=VECTOR('',#5603,10.);
#1441=VECTOR('',#5604,10.);
#1442=VECTOR('',#5607,10.);
#1443=VECTOR('',#5608,10.);
#1444=VECTOR('',#5609,10.);
#1445=VECTOR('',#5610,10.);
#1446=VECTOR('',#5617,10.);
#1447=VECTOR('',#5620,10.);
#1448=VECTOR('',#5621,10.);
#1449=VECTOR('',#5626,10.);
#1450=VECTOR('',#5629,10.);
#1451=VECTOR('',#5632,10.);
#1452=VECTOR('',#5633,10.);
#1453=VECTOR('',#5634,10.);
#1454=VECTOR('',#5635,10.);
#1455=VECTOR('',#5642,10.);
#1456=VECTOR('',#5645,10.);
#1457=VECTOR('',#5646,10.);
#1458=VECTOR('',#5649,10.);
#1459=VECTOR('',#5650,10.);
#1460=VECTOR('',#5651,10.);
#1461=VECTOR('',#5652,10.);
#1462=VECTOR('',#5653,10.);
#1463=VECTOR('',#5654,10.);
#1464=VECTOR('',#5655,10.);
#1465=VECTOR('',#5656,10.);
#1466=VECTOR('',#5657,10.);
#1467=VECTOR('',#5658,10.);
#1468=VECTOR('',#5659,10.);
#1469=VECTOR('',#5660,10.);
#1470=VECTOR('',#5665,10.);
#1471=VECTOR('',#5670,10.);
#1472=VECTOR('',#5673,10.);
#1473=VECTOR('',#5674,10.);
#1474=VECTOR('',#5675,10.);
#1475=VECTOR('',#5680,10.);
#1476=VECTOR('',#5683,10.);
#1477=VECTOR('',#5684,10.);
#1478=VECTOR('',#5691,10.);
#1479=VECTOR('',#5694,10.);
#1480=VECTOR('',#5695,10.);
#1481=VECTOR('',#5696,10.);
#1482=VECTOR('',#5697,10.);
#1483=VECTOR('',#5698,10.);
#1484=VECTOR('',#5705,10.);
#1485=VECTOR('',#5708,10.);
#1486=VECTOR('',#5711,10.);
#1487=VECTOR('',#5712,10.);
#1488=VECTOR('',#5717,10.);
#1489=VECTOR('',#5720,10.);
#1490=VECTOR('',#5721,10.);
#1491=VECTOR('',#5726,10.);
#1492=VECTOR('',#5729,10.);
#1493=VECTOR('',#5736,10.);
#1494=VECTOR('',#5743,10.);
#1495=VECTOR('',#5746,10.);
#1496=VECTOR('',#5747,10.);
#1497=VECTOR('',#5748,10.);
#1498=VECTOR('',#5751,10.);
#1499=VECTOR('',#5752,10.);
#1500=VECTOR('',#5759,10.);
#1501=VECTOR('',#5762,10.);
#1502=VECTOR('',#5763,10.);
#1503=VECTOR('',#5764,10.);
#1504=VECTOR('',#5765,10.);
#1505=VECTOR('',#5772,10.);
#1506=VECTOR('',#5777,10.);
#1507=VECTOR('',#5780,10.);
#1508=VECTOR('',#5783,10.);
#1509=VECTOR('',#5784,10.);
#1510=VECTOR('',#5791,10.);
#1511=VECTOR('',#5792,10.);
#1512=VECTOR('',#5793,10.);
#1513=VECTOR('',#5800,10.);
#1514=VECTOR('',#5803,10.);
#1515=VECTOR('',#5804,10.);
#1516=VECTOR('',#5805,10.);
#1517=VECTOR('',#5814,10.);
#1518=VECTOR('',#5817,10.);
#1519=VECTOR('',#5820,10.);
#1520=VECTOR('',#5821,10.);
#1521=VECTOR('',#5826,10.);
#1522=VECTOR('',#5829,10.);
#1523=VECTOR('',#5830,10.);
#1524=VECTOR('',#5835,10.);
#1525=VECTOR('',#5838,10.);
#1526=VECTOR('',#5839,10.);
#1527=VECTOR('',#5844,10.);
#1528=VECTOR('',#5847,10.);
#1529=VECTOR('',#5852,1.25);
#1530=VECTOR('',#5859,1.24999999999999);
#1531=VECTOR('',#5866,1.25);
#1532=VECTOR('',#5873,1.25);
#1533=VECTOR('',#5880,1.25);
#1534=VECTOR('',#5887,1.25);
#1535=VECTOR('',#5894,1.25);
#1536=VECTOR('',#5901,1.25);
#1537=VECTOR('',#5908,1.25);
#1538=VECTOR('',#5919,2.25);
#1539=VECTOR('',#5928,2.24999999999998);
#1540=VECTOR('',#5937,2.25000000000001);
#1541=VECTOR('',#5946,2.25000000000001);
#1542=VECTOR('',#5955,2.25);
#1543=VECTOR('',#5964,2.24999999999998);
#1544=VECTOR('',#5973,2.25);
#1545=VECTOR('',#5982,2.25000000000001);
#1546=VECTOR('',#5991,2.25);
#1547=VECTOR('',#5996,1.25);
#1548=VECTOR('',#6003,1.25);
#1549=VECTOR('',#6010,1.25);
#1550=VECTOR('',#6017,1.25);
#1551=VECTOR('',#6024,1.25);
#1552=VECTOR('',#6031,1.25);
#1553=VECTOR('',#6038,1.25);
#1554=VECTOR('',#6045,1.25);
#1555=VECTOR('',#6050,10.);
#1556=VECTOR('',#6051,10.);
#1557=VECTOR('',#6052,10.);
#1558=VECTOR('',#6053,10.);
#1559=VECTOR('',#6054,10.);
#1560=VECTOR('',#6069,3.6);
#1561=VECTOR('',#6074,1.6);
#1562=VECTOR('',#6091,3.59999999999999);
#1563=VECTOR('',#6096,1.6);
#1564=VECTOR('',#6105,3.59999999999999);
#1565=VECTOR('',#6110,1.6);
#1566=VECTOR('',#6123,3.59999999999999);
#1567=VECTOR('',#6128,1.6);
#1568=VECTOR('',#6145,3.6);
#1569=VECTOR('',#6150,1.6);
#1570=VECTOR('',#6163,3.59999999999999);
#1571=VECTOR('',#6168,1.6);
#1572=VECTOR('',#6177,3.59999999999999);
#1573=VECTOR('',#6182,1.6);
#1574=VECTOR('',#6189,10.);
#1575=VECTOR('',#6216,3.59999999999999);
#1576=VECTOR('',#6219,1.6);
#1577=VECTOR('',#6226,2.25000000000001);
#1578=VECTOR('',#6233,2.25000000000001);
#1579=VECTOR('',#6240,2.25000000000001);
#1580=VECTOR('',#6247,2.25000000000001);
#1581=VECTOR('',#6254,2.25000000000001);
#1582=VECTOR('',#6261,2.25000000000001);
#1583=VECTOR('',#6268,2.25000000000001);
#1584=VECTOR('',#6275,2.25000000000001);
#1585=VECTOR('',#6278,10.);
#1586=VECTOR('',#6279,10.);
#1587=VECTOR('',#6280,10.);
#1588=VECTOR('',#6281,10.);
#1589=VECTOR('',#6284,10.);
#1590=VECTOR('',#6285,10.);
#1591=VECTOR('',#6288,10.);
#1592=VECTOR('',#6289,10.);
#1593=VECTOR('',#6290,10.);
#1594=VECTOR('',#6293,10.);
#1595=VECTOR('',#6294,10.);
#1596=VECTOR('',#6297,10.);
#1597=VECTOR('',#6302,10.);
#1598=VECTOR('',#6303,10.);
#1599=VECTOR('',#6304,10.);
#1600=VECTOR('',#6305,10.);
#1601=VECTOR('',#6306,10.);
#1602=VECTOR('',#6307,10.);
#1603=VECTOR('',#6308,10.);
#1604=VECTOR('',#6309,10.);
#1605=VECTOR('',#6310,10.);
#1606=VECTOR('',#6311,10.);
#1607=VECTOR('',#6312,10.);
#1608=VECTOR('',#6315,10.);
#1609=VECTOR('',#6316,10.);
#1610=VECTOR('',#6317,10.);
#1611=VECTOR('',#6320,10.);
#1612=VECTOR('',#6325,10.);
#1613=VECTOR('',#6328,10.);
#1614=VECTOR('',#6331,10.);
#1615=VECTOR('',#6340,10.);
#1616=VECTOR('',#6343,10.);
#1617=VECTOR('',#6346,10.);
#1618=VECTOR('',#6349,10.);
#1619=VECTOR('',#6366,10.);
#1620=VECTOR('',#6367,10.);
#1621=VECTOR('',#6368,10.);
#1622=VECTOR('',#6369,10.);
#1623=VECTOR('',#6372,10.);
#1624=VECTOR('',#6375,10.);
#1625=VECTOR('',#6378,10.);
#1626=VECTOR('',#6379,10.);
#1627=VECTOR('',#6382,2.25000000000001);
#1628=VECTOR('',#6391,2.25000000000001);
#1629=VECTOR('',#6400,2.25000000000001);
#1630=VECTOR('',#6409,2.25000000000001);
#1631=VECTOR('',#6420,1.6);
#1632=VECTOR('',#6427,3.59999999999999);
#1633=VECTOR('',#6436,1.6);
#1634=VECTOR('',#6443,3.6);
#1635=VECTOR('',#6452,1.6);
#1636=VECTOR('',#6459,3.59999999999999);
#1637=VECTOR('',#6468,1.6);
#1638=VECTOR('',#6475,3.59999999999999);
#1639=VECTOR('',#6482,10.);
#1640=VECTOR('',#6485,10.);
#1641=VECTOR('',#6486,10.);
#1642=VECTOR('',#6495,1.25);
#1643=VECTOR('',#6500,1.25);
#1644=VECTOR('',#6505,1.25);
#1645=VECTOR('',#6510,1.25);
#1646=VECTOR('',#6515,2.24999999999998);
#1647=VECTOR('',#6526,2.24999999999998);
#1648=VECTOR('',#6537,2.25000000000001);
#1649=VECTOR('',#6546,2.25);
#1650=VECTOR('',#6555,2.24999999999998);
#1651=VECTOR('',#6566,2.25);
#1652=VECTOR('',#6577,1.25);
#1653=VECTOR('',#6582,1.25);
#1654=VECTOR('',#6587,1.25);
#1655=VECTOR('',#6592,1.25);
#1656=VECTOR('',#6597,1.25);
#1657=VECTOR('',#6602,1.25);
#1658=VECTOR('',#6605,10.);
#1659=VECTOR('',#6606,10.);
#1660=VECTOR('',#6611,10.);
#1661=VECTOR('',#6612,10.);
#1662=VECTOR('',#6615,10.);
#1663=VECTOR('',#6620,10.);
#1664=VECTOR('',#6621,10.);
#1665=VECTOR('',#6624,10.);
#1666=VECTOR('',#6629,10.);
#1667=VECTOR('',#6630,10.);
#1668=VECTOR('',#6633,10.);
#1669=VECTOR('',#6638,10.);
#1670=VECTOR('',#6641,10.);
#1671=VECTOR('',#6642,10.);
#1672=VECTOR('',#6643,10.);
#1673=VECTOR('',#6646,10.);
#1674=VECTOR('',#6651,10.);
#1675=VECTOR('',#6652,10.);
#1676=VECTOR('',#6655,10.);
#1677=VECTOR('',#6660,10.);
#1678=VECTOR('',#6661,10.);
#1679=VECTOR('',#6662,10.);
#1680=VECTOR('',#6667,10.);
#1681=VECTOR('',#6670,10.);
#1682=VECTOR('',#6677,10.);
#1683=VECTOR('',#6680,10.);
#1684=VECTOR('',#6683,10.);
#1685=VECTOR('',#6686,10.);
#1686=VECTOR('',#6689,10.);
#1687=VECTOR('',#6696,10.);
#1688=VECTOR('',#6697,10.);
#1689=VECTOR('',#6700,10.);
#1690=VECTOR('',#6703,10.);
#1691=VECTOR('',#6704,10.);
#1692=VECTOR('',#6707,10.);
#1693=VECTOR('',#6708,10.);
#1694=VECTOR('',#6711,10.);
#1695=VECTOR('',#6714,10.);
#1696=VECTOR('',#6715,10.);
#1697=VECTOR('',#6716,10.);
#1698=VECTOR('',#6719,10.);
#1699=VECTOR('',#6722,10.);
#1700=VECTOR('',#6723,10.);
#1701=VECTOR('',#6724,10.);
#1702=VECTOR('',#6727,10.);
#1703=VECTOR('',#6730,10.);
#1704=VECTOR('',#6731,10.);
#1705=VECTOR('',#6734,10.);
#1706=VECTOR('',#6739,10.);
#1707=VECTOR('',#6742,10.);
#1708=VECTOR('',#6745,10.);
#1709=VECTOR('',#6748,10.);
#1710=VECTOR('',#6753,10.);
#1711=VECTOR('',#6756,10.);
#1712=VECTOR('',#6759,10.);
#1713=VECTOR('',#6762,10.);
#1714=VECTOR('',#6765,10.);
#1715=VECTOR('',#6766,10.);
#1716=VECTOR('',#6767,10.);
#1717=VECTOR('',#6770,10.);
#1718=VECTOR('',#6775,10.);
#1719=VECTOR('',#6776,10.);
#1720=VECTOR('',#6779,10.);
#1721=VECTOR('',#6784,10.);
#1722=VECTOR('',#6785,10.);
#1723=VECTOR('',#6788,10.);
#1724=VECTOR('',#6789,10.);
#1725=VECTOR('',#6790,10.);
#1726=VECTOR('',#6793,10.);
#1727=VECTOR('',#6798,10.);
#1728=VECTOR('',#6799,10.);
#1729=VECTOR('',#6802,10.);
#1730=VECTOR('',#6807,10.);
#1731=VECTOR('',#6808,10.);
#1732=VECTOR('',#6811,10.);
#1733=VECTOR('',#6812,10.);
#1734=VECTOR('',#6813,10.);
#1735=VECTOR('',#6816,10.);
#1736=VECTOR('',#6821,10.);
#1737=VECTOR('',#6822,10.);
#1738=VECTOR('',#6825,10.);
#1739=VECTOR('',#6830,10.);
#1740=VECTOR('',#6831,10.);
#1741=VECTOR('',#6834,10.);
#1742=VECTOR('',#6835,10.);
#1743=VECTOR('',#6836,10.);
#1744=VECTOR('',#6837,10.);
#1745=VECTOR('',#6840,10.);
#1746=VECTOR('',#6843,10.);
#1747=VECTOR('',#6844,10.);
#1748=VECTOR('',#6845,10.);
#1749=VECTOR('',#6848,10.);
#1750=VECTOR('',#6853,10.);
#1751=VECTOR('',#6854,10.);
#1752=VECTOR('',#6857,10.);
#1753=VECTOR('',#6862,10.);
#1754=VECTOR('',#6863,10.);
#1755=VECTOR('',#6866,10.);
#1756=VECTOR('',#6867,10.);
#1757=VECTOR('',#6870,10.);
#1758=VECTOR('',#6875,10.);
#1759=VECTOR('',#6886,10.);
#1760=CIRCLE('',#4859,2.5);
#1761=CIRCLE('',#4860,2.50000000000004);
#1762=CIRCLE('',#4863,2.49999999999996);
#1763=CIRCLE('',#4864,2.49999999999996);
#1764=CIRCLE('',#4866,0.999999999999994);
#1765=CIRCLE('',#4867,0.999999999999994);
#1766=CIRCLE('',#4872,1.00000000000001);
#1767=CIRCLE('',#4873,1.00000000000001);
#1768=CIRCLE('',#4876,1.00000000000001);
#1769=CIRCLE('',#4877,1.00000000000001);
#1770=CIRCLE('',#4879,1.00000000000001);
#1771=CIRCLE('',#4880,1.00000000000001);
#1772=CIRCLE('',#4883,1.00000000000001);
#1773=CIRCLE('',#4884,1.00000000000001);
#1774=CIRCLE('',#4888,0.999999999999988);
#1775=CIRCLE('',#4889,0.999999999999988);
#1776=CIRCLE('',#4892,0.999999999999996);
#1777=CIRCLE('',#4893,0.999999999999996);
#1778=CIRCLE('',#4899,1.00000000000001);
#1779=CIRCLE('',#4900,1.00000000000001);
#1780=CIRCLE('',#4903,1.00000000000002);
#1781=CIRCLE('',#4904,1.00000000000002);
#1782=CIRCLE('',#4906,0.999999999999996);
#1783=CIRCLE('',#4907,0.999999999999996);
#1784=CIRCLE('',#4911,1.00000000000002);
#1785=CIRCLE('',#4912,1.00000000000002);
#1786=CIRCLE('',#4915,0.999999999999996);
#1787=CIRCLE('',#4916,0.999999999999996);
#1788=CIRCLE('',#4920,0.999999999999996);
#1789=CIRCLE('',#4921,0.999999999999996);
#1790=CIRCLE('',#4924,0.999999999999996);
#1791=CIRCLE('',#4925,0.999999999999996);
#1792=CIRCLE('',#4928,0.999999999999996);
#1793=CIRCLE('',#4929,0.999999999999996);
#1794=CIRCLE('',#4938,0.999999999999992);
#1795=CIRCLE('',#4939,0.999999999999996);
#1796=CIRCLE('',#4945,7.00000000000003);
#1797=CIRCLE('',#4946,7.00000000000003);
#1798=CIRCLE('',#4950,0.999999999999996);
#1799=CIRCLE('',#4953,0.999999999999992);
#1800=CIRCLE('',#4956,0.750000000000002);
#1801=CIRCLE('',#4957,0.750000000000002);
#1802=CIRCLE('',#4959,2.75);
#1803=CIRCLE('',#4960,2.75);
#1804=CIRCLE('',#4965,6.99999999999998);
#1805=CIRCLE('',#4968,3.);
#1806=CIRCLE('',#4969,3.);
#1807=CIRCLE('',#4971,3.00000000000001);
#1808=CIRCLE('',#4972,3.00000000000001);
#1809=CIRCLE('',#4975,1.6);
#1810=CIRCLE('',#4978,3.);
#1811=CIRCLE('',#4979,3.);
#1812=CIRCLE('',#4982,3.00000000000001);
#1813=CIRCLE('',#4983,3.00000000000001);
#1814=CIRCLE('',#4985,4.);
#1815=CIRCLE('',#4988,4.);
#1816=CIRCLE('',#4991,4.00000000000001);
#1817=CIRCLE('',#4994,4.);
#1818=CIRCLE('',#4997,1.25);
#1819=CIRCLE('',#4998,1.25);
#1820=CIRCLE('',#5000,1.24999999999999);
#1821=CIRCLE('',#5001,1.24999999999999);
#1822=CIRCLE('',#5003,1.25);
#1823=CIRCLE('',#5004,1.25);
#1824=CIRCLE('',#5006,1.25);
#1825=CIRCLE('',#5007,1.25);
#1826=CIRCLE('',#5009,1.25);
#1827=CIRCLE('',#5010,1.25);
#1828=CIRCLE('',#5012,1.25);
#1829=CIRCLE('',#5013,1.25);
#1830=CIRCLE('',#5015,1.25);
#1831=CIRCLE('',#5016,1.25);
#1832=CIRCLE('',#5018,1.25);
#1833=CIRCLE('',#5019,1.25);
#1834=CIRCLE('',#5021,1.25);
#1835=CIRCLE('',#5022,1.25);
#1836=CIRCLE('',#5024,2.25);
#1837=CIRCLE('',#5028,2.24999999999998);
#1838=CIRCLE('',#5030,2.24999999999998);
#1839=CIRCLE('',#5032,2.25000000000001);
#1840=CIRCLE('',#5034,2.25000000000001);
#1841=CIRCLE('',#5036,2.25000000000001);
#1842=CIRCLE('',#5040,2.25);
#1843=CIRCLE('',#5044,2.24999999999998);
#1844=CIRCLE('',#5046,2.24999999999998);
#1845=CIRCLE('',#5048,2.25);
#1846=CIRCLE('',#5050,2.25);
#1847=CIRCLE('',#5052,2.25000000000001);
#1848=CIRCLE('',#5054,2.25000000000001);
#1849=CIRCLE('',#5056,2.25);
#1850=CIRCLE('',#5060,1.25);
#1851=CIRCLE('',#5061,1.25);
#1852=CIRCLE('',#5063,1.25);
#1853=CIRCLE('',#5064,1.25);
#1854=CIRCLE('',#5066,1.25);
#1855=CIRCLE('',#5067,1.25);
#1856=CIRCLE('',#5069,1.25);
#1857=CIRCLE('',#5070,1.25);
#1858=CIRCLE('',#5072,1.25);
#1859=CIRCLE('',#5073,1.25);
#1860=CIRCLE('',#5075,1.25);
#1861=CIRCLE('',#5076,1.25);
#1862=CIRCLE('',#5078,1.25);
#1863=CIRCLE('',#5079,1.25);
#1864=CIRCLE('',#5081,1.25);
#1865=CIRCLE('',#5082,1.25);
#1866=CIRCLE('',#5086,1.6);
#1867=CIRCLE('',#5088,3.6);
#1868=CIRCLE('',#5089,1.6);
#1869=CIRCLE('',#5091,3.6);
#1870=CIRCLE('',#5094,1.6);
#1871=CIRCLE('',#5096,1.6);
#1872=CIRCLE('',#5098,3.59999999999999);
#1873=CIRCLE('',#5099,1.6);
#1874=CIRCLE('',#5101,3.59999999999999);
#1875=CIRCLE('',#5104,3.59999999999999);
#1876=CIRCLE('',#5105,1.6);
#1877=CIRCLE('',#5107,3.59999999999999);
#1878=CIRCLE('',#5110,1.6);
#1879=CIRCLE('',#5112,3.59999999999999);
#1880=CIRCLE('',#5113,1.6);
#1881=CIRCLE('',#5115,3.59999999999999);
#1882=CIRCLE('',#5118,1.6);
#1883=CIRCLE('',#5120,1.6);
#1884=CIRCLE('',#5122,3.6);
#1885=CIRCLE('',#5123,1.6);
#1886=CIRCLE('',#5125,3.6);
#1887=CIRCLE('',#5128,1.6);
#1888=CIRCLE('',#5130,3.59999999999999);
#1889=CIRCLE('',#5131,1.6);
#1890=CIRCLE('',#5133,3.59999999999999);
#1891=CIRCLE('',#5136,3.59999999999999);
#1892=CIRCLE('',#5137,1.6);
#1893=CIRCLE('',#5139,3.59999999999999);
#1894=CIRCLE('',#5142,1.6);
#1895=CIRCLE('',#5144,2.25000000000001);
#1896=CIRCLE('',#5145,2.25000000000001);
#1897=CIRCLE('',#5146,2.25000000000001);
#1898=CIRCLE('',#5147,2.25000000000001);
#1899=CIRCLE('',#5148,2.25000000000001);
#1900=CIRCLE('',#5149,2.25000000000001);
#1901=CIRCLE('',#5150,2.25000000000001);
#1902=CIRCLE('',#5151,2.25000000000001);
#1903=CIRCLE('',#5152,3.59999999999999);
#1904=CIRCLE('',#5154,3.59999999999999);
#1905=CIRCLE('',#5155,1.6);
#1906=CIRCLE('',#5159,2.25000000000001);
#1907=CIRCLE('',#5162,2.25000000000001);
#1908=CIRCLE('',#5165,2.25000000000001);
#1909=CIRCLE('',#5168,2.25000000000001);
#1910=CIRCLE('',#5171,2.25000000000001);
#1911=CIRCLE('',#5174,2.25000000000001);
#1912=CIRCLE('',#5177,2.25000000000001);
#1913=CIRCLE('',#5180,2.25000000000001);
#1914=CIRCLE('',#5191,3.50000000000001);
#1915=CIRCLE('',#5192,5.50000000000001);
#1916=CIRCLE('',#5193,2.49999999999996);
#1917=CIRCLE('',#5194,2.49999999999996);
#1918=CIRCLE('',#5195,0.749999999999993);
#1919=CIRCLE('',#5196,2.74999999999999);
#1920=CIRCLE('',#5197,3.59999999999999);
#1921=CIRCLE('',#5198,4.);
#1922=CIRCLE('',#5199,4.);
#1923=CIRCLE('',#5200,4.00000000000001);
#1924=CIRCLE('',#5201,4.);
#1925=CIRCLE('',#5202,3.59999999999999);
#1926=CIRCLE('',#5203,3.6);
#1927=CIRCLE('',#5204,3.59999999999999);
#1928=CIRCLE('',#5205,2.25000000000001);
#1929=CIRCLE('',#5206,2.25000000000001);
#1930=CIRCLE('',#5207,2.25000000000001);
#1931=CIRCLE('',#5208,2.25000000000001);
#1932=CIRCLE('',#5211,0.999999999999996);
#1933=CIRCLE('',#5214,2.25000000000001);
#1934=CIRCLE('',#5216,1.25);
#1935=CIRCLE('',#5218,2.25000000000001);
#1936=CIRCLE('',#5220,1.25);
#1937=CIRCLE('',#5222,2.25000000000001);
#1938=CIRCLE('',#5224,1.25);
#1939=CIRCLE('',#5226,2.25000000000001);
#1940=CIRCLE('',#5228,1.25);
#1941=CIRCLE('',#5230,1.6);
#1942=CIRCLE('',#5231,1.6);
#1943=CIRCLE('',#5233,3.59999999999999);
#1944=CIRCLE('',#5237,1.6);
#1945=CIRCLE('',#5238,1.6);
#1946=CIRCLE('',#5240,3.6);
#1947=CIRCLE('',#5244,1.6);
#1948=CIRCLE('',#5245,1.6);
#1949=CIRCLE('',#5247,3.59999999999999);
#1950=CIRCLE('',#5251,1.6);
#1951=CIRCLE('',#5252,1.6);
#1952=CIRCLE('',#5254,3.59999999999999);
#1953=CIRCLE('',#5262,1.25);
#1954=CIRCLE('',#5264,1.25);
#1955=CIRCLE('',#5266,1.25);
#1956=CIRCLE('',#5268,1.25);
#1957=CIRCLE('',#5270,2.24999999999998);
#1958=CIRCLE('',#5271,2.24999999999998);
#1959=CIRCLE('',#5273,1.25);
#1960=CIRCLE('',#5275,2.24999999999998);
#1961=CIRCLE('',#5276,2.24999999999998);
#1962=CIRCLE('',#5278,1.25);
#1963=CIRCLE('',#5280,2.25000000000001);
#1964=CIRCLE('',#5281,2.25000000000001);
#1965=CIRCLE('',#5283,1.25);
#1966=CIRCLE('',#5285,2.25);
#1967=CIRCLE('',#5287,1.25);
#1968=CIRCLE('',#5289,2.24999999999998);
#1969=CIRCLE('',#5291,1.25);
#1970=CIRCLE('',#5293,2.25);
#1971=CIRCLE('',#5294,2.25);
#1972=CIRCLE('',#5296,1.25);
#1973=CIRCLE('',#5298,1.25);
#1974=CIRCLE('',#5300,1.25);
#1975=CIRCLE('',#5302,1.25);
#1976=CIRCLE('',#5304,1.25);
#1977=CIRCLE('',#5306,1.25);
#1978=CIRCLE('',#5308,1.25);
#1979=CIRCLE('',#5310,3.00000000000001);
#1980=CIRCLE('',#5313,3.);
#1981=CIRCLE('',#5316,3.00000000000001);
#1982=CIRCLE('',#5319,3.);
#1983=CIRCLE('',#5323,3.);
#1984=CIRCLE('',#5326,3.00000000000001);
#1985=CIRCLE('',#5329,3.);
#1986=CIRCLE('',#5332,3.00000000000001);
#1987=CIRCLE('',#5334,6.99999999999999);
#1988=CIRCLE('',#5336,6.99999999999999);
#1989=CIRCLE('',#5339,2.74999999999999);
#1990=CIRCLE('',#5340,0.749999999999993);
#1991=CIRCLE('',#5341,0.999999999999988);
#1992=CIRCLE('',#5342,0.999999999999979);
#1993=CIRCLE('',#5343,2.49999999999996);
#1994=CIRCLE('',#5344,1.00000000000005);
#1995=CIRCLE('',#5345,1.00000000000006);
#1996=CIRCLE('',#5346,1.00000000000005);
#1997=CIRCLE('',#5347,1.00000000000005);
#1998=CIRCLE('',#5348,1.00000000000005);
#1999=CIRCLE('',#5349,1.00000000000006);
#2000=CIRCLE('',#5350,2.49999999999996);
#2001=CIRCLE('',#5351,5.50000000000001);
#2002=CIRCLE('',#5352,3.50000000000001);
#2003=CIRCLE('',#5353,0.999999999999996);
#2004=CIRCLE('',#5354,6.99999999999999);
#2005=CIRCLE('',#5363,1.00000000000006);
#2006=CIRCLE('',#5366,1.00000000000005);
#2007=CIRCLE('',#5370,1.00000000000005);
#2008=CIRCLE('',#5373,1.00000000000005);
#2009=CIRCLE('',#5377,1.00000000000006);
#2010=CIRCLE('',#5380,1.00000000000005);
#2011=CIRCLE('',#5386,0.999999999999979);
#2012=CIRCLE('',#5389,0.999999999999988);
#2013=VERTEX_POINT('',#6891);
#2014=VERTEX_POINT('',#6892);
#2015=VERTEX_POINT('',#6894);
#2016=VERTEX_POINT('',#6896);
#2017=VERTEX_POINT('',#6900);
#2018=VERTEX_POINT('',#6902);
#2019=VERTEX_POINT('',#6904);
#2020=VERTEX_POINT('',#6906);
#2021=VERTEX_POINT('',#6908);
#2022=VERTEX_POINT('',#6910);
#2023=VERTEX_POINT('',#6912);
#2024=VERTEX_POINT('',#6914);
#2025=VERTEX_POINT('',#6916);
#2026=VERTEX_POINT('',#6918);
#2027=VERTEX_POINT('',#6920);
#2028=VERTEX_POINT('',#6922);
#2029=VERTEX_POINT('',#6924);
#2030=VERTEX_POINT('',#6926);
#2031=VERTEX_POINT('',#6930);
#2032=VERTEX_POINT('',#6932);
#2033=VERTEX_POINT('',#6936);
#2034=VERTEX_POINT('',#6937);
#2035=VERTEX_POINT('',#6939);
#2036=VERTEX_POINT('',#6941);
#2037=VERTEX_POINT('',#6945);
#2038=VERTEX_POINT('',#6947);
#2039=VERTEX_POINT('',#6951);
#2040=VERTEX_POINT('',#6953);
#2041=VERTEX_POINT('',#6957);
#2042=VERTEX_POINT('',#6959);
#2043=VERTEX_POINT('',#6963);
#2044=VERTEX_POINT('',#6965);
#2045=VERTEX_POINT('',#6969);
#2046=VERTEX_POINT('',#6971);
#2047=VERTEX_POINT('',#6978);
#2048=VERTEX_POINT('',#6979);
#2049=VERTEX_POINT('',#6981);
#2050=VERTEX_POINT('',#6983);
#2051=VERTEX_POINT('',#6987);
#2052=VERTEX_POINT('',#6989);
#2053=VERTEX_POINT('',#6993);
#2054=VERTEX_POINT('',#6995);
#2055=VERTEX_POINT('',#7005);
#2056=VERTEX_POINT('',#7006);
#2057=VERTEX_POINT('',#7008);
#2058=VERTEX_POINT('',#7010);
#2059=VERTEX_POINT('',#7014);
#2060=VERTEX_POINT('',#7016);
#2061=VERTEX_POINT('',#7020);
#2062=VERTEX_POINT('',#7022);
#2063=VERTEX_POINT('',#7026);
#2064=VERTEX_POINT('',#7028);
#2065=VERTEX_POINT('',#7032);
#2066=VERTEX_POINT('',#7034);
#2067=VERTEX_POINT('',#7038);
#2068=VERTEX_POINT('',#7040);
#2069=VERTEX_POINT('',#7044);
#2070=VERTEX_POINT('',#7046);
#2071=VERTEX_POINT('',#7050);
#2072=VERTEX_POINT('',#7052);
#2073=VERTEX_POINT('',#7056);
#2074=VERTEX_POINT('',#7058);
#2075=VERTEX_POINT('',#7065);
#2076=VERTEX_POINT('',#7066);
#2077=VERTEX_POINT('',#7068);
#2078=VERTEX_POINT('',#7070);
#2079=VERTEX_POINT('',#7074);
#2080=VERTEX_POINT('',#7076);
#2081=VERTEX_POINT('',#7080);
#2082=VERTEX_POINT('',#7081);
#2083=VERTEX_POINT('',#7083);
#2084=VERTEX_POINT('',#7085);
#2085=VERTEX_POINT('',#7089);
#2086=VERTEX_POINT('',#7091);
#2087=VERTEX_POINT('',#7098);
#2088=VERTEX_POINT('',#7099);
#2089=VERTEX_POINT('',#7101);
#2090=VERTEX_POINT('',#7103);
#2091=VERTEX_POINT('',#7107);
#2092=VERTEX_POINT('',#7109);
#2093=VERTEX_POINT('',#7113);
#2094=VERTEX_POINT('',#7114);
#2095=VERTEX_POINT('',#7116);
#2096=VERTEX_POINT('',#7118);
#2097=VERTEX_POINT('',#7122);
#2098=VERTEX_POINT('',#7124);
#2099=VERTEX_POINT('',#7131);
#2100=VERTEX_POINT('',#7132);
#2101=VERTEX_POINT('',#7134);
#2102=VERTEX_POINT('',#7136);
#2103=VERTEX_POINT('',#7140);
#2104=VERTEX_POINT('',#7141);
#2105=VERTEX_POINT('',#7143);
#2106=VERTEX_POINT('',#7145);
#2107=VERTEX_POINT('',#7149);
#2108=VERTEX_POINT('',#7151);
#2109=VERTEX_POINT('',#7159);
#2110=VERTEX_POINT('',#7161);
#2111=VERTEX_POINT('',#7163);
#2112=VERTEX_POINT('',#7165);
#2113=VERTEX_POINT('',#7167);
#2114=VERTEX_POINT('',#7169);
#2115=VERTEX_POINT('',#7171);
#2116=VERTEX_POINT('',#7173);
#2117=VERTEX_POINT('',#7185);
#2118=VERTEX_POINT('',#7186);
#2119=VERTEX_POINT('',#7191);
#2120=VERTEX_POINT('',#7192);
#2121=VERTEX_POINT('',#7194);
#2122=VERTEX_POINT('',#7196);
#2123=VERTEX_POINT('',#7205);
#2124=VERTEX_POINT('',#7206);
#2125=VERTEX_POINT('',#7208);
#2126=VERTEX_POINT('',#7210);
#2127=VERTEX_POINT('',#7212);
#2128=VERTEX_POINT('',#7216);
#2129=VERTEX_POINT('',#7218);
#2130=VERTEX_POINT('',#7224);
#2131=VERTEX_POINT('',#7228);
#2132=VERTEX_POINT('',#7232);
#2133=VERTEX_POINT('',#7236);
#2134=VERTEX_POINT('',#7242);
#2135=VERTEX_POINT('',#7244);
#2136=VERTEX_POINT('',#7248);
#2137=VERTEX_POINT('',#7250);
#2138=VERTEX_POINT('',#7254);
#2139=VERTEX_POINT('',#7255);
#2140=VERTEX_POINT('',#7260);
#2141=VERTEX_POINT('',#7264);
#2142=VERTEX_POINT('',#7266);
#2143=VERTEX_POINT('',#7270);
#2144=VERTEX_POINT('',#7271);
#2145=VERTEX_POINT('',#7273);
#2146=VERTEX_POINT('',#7275);
#2147=VERTEX_POINT('',#7279);
#2148=VERTEX_POINT('',#7281);
#2149=VERTEX_POINT('',#7285);
#2150=VERTEX_POINT('',#7286);
#2151=VERTEX_POINT('',#7288);
#2152=VERTEX_POINT('',#7290);
#2153=VERTEX_POINT('',#7297);
#2154=VERTEX_POINT('',#7300);
#2155=VERTEX_POINT('',#7302);
#2156=VERTEX_POINT('',#7306);
#2157=VERTEX_POINT('',#7308);
#2158=VERTEX_POINT('',#7312);
#2159=VERTEX_POINT('',#7314);
#2160=VERTEX_POINT('',#7321);
#2161=VERTEX_POINT('',#7323);
#2162=VERTEX_POINT('',#7327);
#2163=VERTEX_POINT('',#7331);
#2164=VERTEX_POINT('',#7335);
#2165=VERTEX_POINT('',#7339);
#2166=VERTEX_POINT('',#7343);
#2167=VERTEX_POINT('',#7347);
#2168=VERTEX_POINT('',#7353);
#2169=VERTEX_POINT('',#7355);
#2170=VERTEX_POINT('',#7359);
#2171=VERTEX_POINT('',#7361);
#2172=VERTEX_POINT('',#7365);
#2173=VERTEX_POINT('',#7367);
#2174=VERTEX_POINT('',#7371);
#2175=VERTEX_POINT('',#7373);
#2176=VERTEX_POINT('',#7377);
#2177=VERTEX_POINT('',#7379);
#2178=VERTEX_POINT('',#7383);
#2179=VERTEX_POINT('',#7385);
#2180=VERTEX_POINT('',#7389);
#2181=VERTEX_POINT('',#7391);
#2182=VERTEX_POINT('',#7395);
#2183=VERTEX_POINT('',#7397);
#2184=VERTEX_POINT('',#7401);
#2185=VERTEX_POINT('',#7403);
#2186=VERTEX_POINT('',#7407);
#2187=VERTEX_POINT('',#7410);
#2188=VERTEX_POINT('',#7414);
#2189=VERTEX_POINT('',#7417);
#2190=VERTEX_POINT('',#7421);
#2191=VERTEX_POINT('',#7424);
#2192=VERTEX_POINT('',#7428);
#2193=VERTEX_POINT('',#7431);
#2194=VERTEX_POINT('',#7435);
#2195=VERTEX_POINT('',#7438);
#2196=VERTEX_POINT('',#7442);
#2197=VERTEX_POINT('',#7445);
#2198=VERTEX_POINT('',#7449);
#2199=VERTEX_POINT('',#7452);
#2200=VERTEX_POINT('',#7456);
#2201=VERTEX_POINT('',#7459);
#2202=VERTEX_POINT('',#7463);
#2203=VERTEX_POINT('',#7466);
#2204=VERTEX_POINT('',#7470);
#2205=VERTEX_POINT('',#7472);
#2206=VERTEX_POINT('',#7476);
#2207=VERTEX_POINT('',#7478);
#2208=VERTEX_POINT('',#7482);
#2209=VERTEX_POINT('',#7484);
#2210=VERTEX_POINT('',#7488);
#2211=VERTEX_POINT('',#7490);
#2212=VERTEX_POINT('',#7494);
#2213=VERTEX_POINT('',#7496);
#2214=VERTEX_POINT('',#7500);
#2215=VERTEX_POINT('',#7502);
#2216=VERTEX_POINT('',#7506);
#2217=VERTEX_POINT('',#7508);
#2218=VERTEX_POINT('',#7512);
#2219=VERTEX_POINT('',#7514);
#2220=VERTEX_POINT('',#7518);
#2221=VERTEX_POINT('',#7525);
#2222=VERTEX_POINT('',#7526);
#2223=VERTEX_POINT('',#7530);
#2224=VERTEX_POINT('',#7532);
#2225=VERTEX_POINT('',#7535);
#2226=VERTEX_POINT('',#7541);
#2227=VERTEX_POINT('',#7544);
#2228=VERTEX_POINT('',#7547);
#2229=VERTEX_POINT('',#7549);
#2230=VERTEX_POINT('',#7552);
#2231=VERTEX_POINT('',#7558);
#2232=VERTEX_POINT('',#7560);
#2233=VERTEX_POINT('',#7563);
#2234=VERTEX_POINT('',#7569);
#2235=VERTEX_POINT('',#7572);
#2236=VERTEX_POINT('',#7574);
#2237=VERTEX_POINT('',#7577);
#2238=VERTEX_POINT('',#7583);
#2239=VERTEX_POINT('',#7586);
#2240=VERTEX_POINT('',#7589);
#2241=VERTEX_POINT('',#7591);
#2242=VERTEX_POINT('',#7594);
#2243=VERTEX_POINT('',#7600);
#2244=VERTEX_POINT('',#7603);
#2245=VERTEX_POINT('',#7605);
#2246=VERTEX_POINT('',#7608);
#2247=VERTEX_POINT('',#7614);
#2248=VERTEX_POINT('',#7616);
#2249=VERTEX_POINT('',#7619);
#2250=VERTEX_POINT('',#7625);
#2251=VERTEX_POINT('',#7629);
#2252=VERTEX_POINT('',#7631);
#2253=VERTEX_POINT('',#7633);
#2254=VERTEX_POINT('',#7635);
#2255=VERTEX_POINT('',#7637);
#2256=VERTEX_POINT('',#7639);
#2257=VERTEX_POINT('',#7641);
#2258=VERTEX_POINT('',#7643);
#2259=VERTEX_POINT('',#7645);
#2260=VERTEX_POINT('',#7648);
#2261=VERTEX_POINT('',#7650);
#2262=VERTEX_POINT('',#7657);
#2263=VERTEX_POINT('',#7662);
#2264=VERTEX_POINT('',#7667);
#2265=VERTEX_POINT('',#7672);
#2266=VERTEX_POINT('',#7677);
#2267=VERTEX_POINT('',#7682);
#2268=VERTEX_POINT('',#7687);
#2269=VERTEX_POINT('',#7692);
#2270=VERTEX_POINT('',#7697);
#2271=VERTEX_POINT('',#7700);
#2272=VERTEX_POINT('',#7704);
#2273=VERTEX_POINT('',#7708);
#2274=VERTEX_POINT('',#7713);
#2275=VERTEX_POINT('',#7720);
#2276=VERTEX_POINT('',#7721);
#2277=VERTEX_POINT('',#7723);
#2278=VERTEX_POINT('',#7725);
#2279=VERTEX_POINT('',#7727);
#2280=VERTEX_POINT('',#7729);
#2281=VERTEX_POINT('',#7731);
#2282=VERTEX_POINT('',#7733);
#2283=VERTEX_POINT('',#7735);
#2284=VERTEX_POINT('',#7737);
#2285=VERTEX_POINT('',#7739);
#2286=VERTEX_POINT('',#7743);
#2287=VERTEX_POINT('',#7745);
#2288=VERTEX_POINT('',#7749);
#2289=VERTEX_POINT('',#7751);
#2290=VERTEX_POINT('',#7753);
#2291=VERTEX_POINT('',#7755);
#2292=VERTEX_POINT('',#7757);
#2293=VERTEX_POINT('',#7759);
#2294=VERTEX_POINT('',#7761);
#2295=VERTEX_POINT('',#7763);
#2296=VERTEX_POINT('',#7765);
#2297=VERTEX_POINT('',#7768);
#2298=VERTEX_POINT('',#7770);
#2299=VERTEX_POINT('',#7771);
#2300=VERTEX_POINT('',#7773);
#2301=VERTEX_POINT('',#7775);
#2302=VERTEX_POINT('',#7777);
#2303=VERTEX_POINT('',#7779);
#2304=VERTEX_POINT('',#7781);
#2305=VERTEX_POINT('',#7783);
#2306=VERTEX_POINT('',#7786);
#2307=VERTEX_POINT('',#7788);
#2308=VERTEX_POINT('',#7790);
#2309=VERTEX_POINT('',#7792);
#2310=VERTEX_POINT('',#7794);
#2311=VERTEX_POINT('',#7796);
#2312=VERTEX_POINT('',#7798);
#2313=VERTEX_POINT('',#7801);
#2314=VERTEX_POINT('',#7803);
#2315=VERTEX_POINT('',#7805);
#2316=VERTEX_POINT('',#7809);
#2317=VERTEX_POINT('',#7811);
#2318=VERTEX_POINT('',#7815);
#2319=VERTEX_POINT('',#7819);
#2320=VERTEX_POINT('',#7823);
#2321=VERTEX_POINT('',#7826);
#2322=VERTEX_POINT('',#7830);
#2323=VERTEX_POINT('',#7833);
#2324=VERTEX_POINT('',#7837);
#2325=VERTEX_POINT('',#7840);
#2326=VERTEX_POINT('',#7844);
#2327=VERTEX_POINT('',#7847);
#2328=VERTEX_POINT('',#7849);
#2329=VERTEX_POINT('',#7853);
#2330=VERTEX_POINT('',#7859);
#2331=VERTEX_POINT('',#7861);
#2332=VERTEX_POINT('',#7865);
#2333=VERTEX_POINT('',#7871);
#2334=VERTEX_POINT('',#7873);
#2335=VERTEX_POINT('',#7877);
#2336=VERTEX_POINT('',#7883);
#2337=VERTEX_POINT('',#7885);
#2338=VERTEX_POINT('',#7889);
#2339=VERTEX_POINT('',#7895);
#2340=VERTEX_POINT('',#7897);
#2341=VERTEX_POINT('',#7899);
#2342=VERTEX_POINT('',#7902);
#2343=VERTEX_POINT('',#7904);
#2344=VERTEX_POINT('',#7907);
#2345=VERTEX_POINT('',#7911);
#2346=VERTEX_POINT('',#7915);
#2347=VERTEX_POINT('',#7919);
#2348=VERTEX_POINT('',#7923);
#2349=VERTEX_POINT('',#7925);
#2350=VERTEX_POINT('',#7929);
#2351=VERTEX_POINT('',#7932);
#2352=VERTEX_POINT('',#7934);
#2353=VERTEX_POINT('',#7938);
#2354=VERTEX_POINT('',#7941);
#2355=VERTEX_POINT('',#7943);
#2356=VERTEX_POINT('',#7947);
#2357=VERTEX_POINT('',#7950);
#2358=VERTEX_POINT('',#7954);
#2359=VERTEX_POINT('',#7957);
#2360=VERTEX_POINT('',#7961);
#2361=VERTEX_POINT('',#7964);
#2362=VERTEX_POINT('',#7966);
#2363=VERTEX_POINT('',#7970);
#2364=VERTEX_POINT('',#7973);
#2365=VERTEX_POINT('',#7977);
#2366=VERTEX_POINT('',#7981);
#2367=VERTEX_POINT('',#7985);
#2368=VERTEX_POINT('',#7989);
#2369=VERTEX_POINT('',#7993);
#2370=VERTEX_POINT('',#7997);
#2371=VERTEX_POINT('',#7999);
#2372=VERTEX_POINT('',#8003);
#2373=VERTEX_POINT('',#8007);
#2374=VERTEX_POINT('',#8011);
#2375=VERTEX_POINT('',#8015);
#2376=VERTEX_POINT('',#8019);
#2377=VERTEX_POINT('',#8023);
#2378=VERTEX_POINT('',#8029);
#2379=VERTEX_POINT('',#8031);
#2380=VERTEX_POINT('',#8035);
#2381=VERTEX_POINT('',#8039);
#2382=VERTEX_POINT('',#8043);
#2383=VERTEX_POINT('',#8047);
#2384=VERTEX_POINT('',#8049);
#2385=VERTEX_POINT('',#8053);
#2386=VERTEX_POINT('',#8061);
#2387=VERTEX_POINT('',#8063);
#2388=VERTEX_POINT('',#8067);
#2389=VERTEX_POINT('',#8069);
#2390=VERTEX_POINT('',#8075);
#2391=VERTEX_POINT('',#8077);
#2392=VERTEX_POINT('',#8079);
#2393=VERTEX_POINT('',#8081);
#2394=VERTEX_POINT('',#8083);
#2395=VERTEX_POINT('',#8085);
#2396=VERTEX_POINT('',#8087);
#2397=VERTEX_POINT('',#8089);
#2398=VERTEX_POINT('',#8091);
#2399=VERTEX_POINT('',#8093);
#2400=VERTEX_POINT('',#8095);
#2401=VERTEX_POINT('',#8097);
#2402=VERTEX_POINT('',#8099);
#2403=VERTEX_POINT('',#8101);
#2404=VERTEX_POINT('',#8103);
#2405=VERTEX_POINT('',#8105);
#2406=VERTEX_POINT('',#8107);
#2407=VERTEX_POINT('',#8109);
#2408=VERTEX_POINT('',#8111);
#2409=VERTEX_POINT('',#8113);
#2410=VERTEX_POINT('',#8115);
#2411=VERTEX_POINT('',#8117);
#2412=VERTEX_POINT('',#8119);
#2413=VERTEX_POINT('',#8121);
#2414=VERTEX_POINT('',#8123);
#2415=VERTEX_POINT('',#8125);
#2416=VERTEX_POINT('',#8127);
#2417=VERTEX_POINT('',#8129);
#2418=VERTEX_POINT('',#8131);
#2419=VERTEX_POINT('',#8133);
#2420=VERTEX_POINT('',#8135);
#2421=VERTEX_POINT('',#8137);
#2422=VERTEX_POINT('',#8140);
#2423=VERTEX_POINT('',#8143);
#2424=VERTEX_POINT('',#8145);
#2425=VERTEX_POINT('',#8160);
#2426=VERTEX_POINT('',#8162);
#2427=VERTEX_POINT('',#8166);
#2428=VERTEX_POINT('',#8170);
#2429=VERTEX_POINT('',#8174);
#2430=VERTEX_POINT('',#8178);
#2431=VERTEX_POINT('',#8182);
#2432=VERTEX_POINT('',#8184);
#2433=VERTEX_POINT('',#8188);
#2434=VERTEX_POINT('',#8192);
#2435=VERTEX_POINT('',#8196);
#2436=VERTEX_POINT('',#8200);
#2437=VERTEX_POINT('',#8204);
#2438=VERTEX_POINT('',#8206);
#2439=VERTEX_POINT('',#8210);
#2440=VERTEX_POINT('',#8214);
#2441=VERTEX_POINT('',#8218);
#2442=VERTEX_POINT('',#8222);
#2443=VERTEX_POINT('',#8233);
#2444=VERTEX_POINT('',#8235);
#2445=VERTEX_POINT('',#8239);
#2446=VERTEX_POINT('',#8243);
#2447=VERTEX_POINT('',#8247);
#2448=VERTEX_POINT('',#8251);
#2449=EDGE_CURVE('',#2013,#2014,#1760,.T.);
#2450=EDGE_CURVE('',#2015,#2014,#960,.T.);
#2451=EDGE_CURVE('',#2016,#2015,#1761,.T.);
#2452=EDGE_CURVE('',#2016,#2013,#961,.T.);
#2453=EDGE_CURVE('',#2017,#2013,#962,.T.);
#2454=EDGE_CURVE('',#2018,#2016,#963,.T.);
#2455=EDGE_CURVE('',#2018,#2019,#964,.T.);
#2456=EDGE_CURVE('',#2019,#2020,#965,.T.);
#2457=EDGE_CURVE('',#2020,#2021,#966,.T.);
#2458=EDGE_CURVE('',#2021,#2022,#967,.T.);
#2459=EDGE_CURVE('',#2022,#2023,#968,.T.);
#2460=EDGE_CURVE('',#2023,#2024,#969,.T.);
#2461=EDGE_CURVE('',#2024,#2025,#970,.T.);
#2462=EDGE_CURVE('',#2025,#2026,#971,.T.);
#2463=EDGE_CURVE('',#2026,#2027,#972,.T.);
#2464=EDGE_CURVE('',#2027,#2028,#973,.T.);
#2465=EDGE_CURVE('',#2028,#2029,#974,.T.);
#2466=EDGE_CURVE('',#2029,#2030,#975,.T.);
#2467=EDGE_CURVE('',#2030,#2017,#976,.T.);
#2468=EDGE_CURVE('',#2031,#2019,#1762,.T.);
#2469=EDGE_CURVE('',#2032,#2018,#1763,.T.);
#2470=EDGE_CURVE('',#2032,#2031,#977,.T.);
#2471=EDGE_CURVE('',#2033,#2034,#1764,.T.);
#2472=EDGE_CURVE('',#2034,#2035,#978,.T.);
#2473=EDGE_CURVE('',#2035,#2036,#1765,.T.);
#2474=EDGE_CURVE('',#2033,#2036,#979,.T.);
#2475=EDGE_CURVE('',#2037,#2033,#980,.T.);
#2476=EDGE_CURVE('',#2036,#2038,#981,.T.);
#2477=EDGE_CURVE('',#2037,#2038,#982,.T.);
#2478=EDGE_CURVE('',#2024,#2039,#983,.T.);
#2479=EDGE_CURVE('',#2039,#2040,#984,.T.);
#2480=EDGE_CURVE('',#2040,#2025,#985,.T.);
#2481=EDGE_CURVE('',#2041,#2027,#986,.T.);
#2482=EDGE_CURVE('',#2026,#2042,#987,.T.);
#2483=EDGE_CURVE('',#2041,#2042,#988,.T.);
#2484=EDGE_CURVE('',#2043,#2041,#1766,.T.);
#2485=EDGE_CURVE('',#2042,#2044,#1767,.T.);
#2486=EDGE_CURVE('',#2043,#2044,#989,.T.);
#2487=EDGE_CURVE('',#2045,#2043,#990,.T.);
#2488=EDGE_CURVE('',#2044,#2046,#991,.T.);
#2489=EDGE_CURVE('',#2045,#2046,#992,.T.);
#2490=EDGE_CURVE('',#2039,#2045,#1768,.T.);
#2491=EDGE_CURVE('',#2046,#2040,#1769,.T.);
#2492=EDGE_CURVE('',#2047,#2048,#1770,.T.);
#2493=EDGE_CURVE('',#2048,#2049,#993,.T.);
#2494=EDGE_CURVE('',#2049,#2050,#1771,.T.);
#2495=EDGE_CURVE('',#2047,#2050,#994,.T.);
#2496=EDGE_CURVE('',#2051,#2047,#995,.T.);
#2497=EDGE_CURVE('',#2050,#2052,#996,.T.);
#2498=EDGE_CURVE('',#2051,#2052,#997,.T.);
#2499=EDGE_CURVE('',#2053,#2051,#1772,.T.);
#2500=EDGE_CURVE('',#2052,#2054,#1773,.T.);
#2501=EDGE_CURVE('',#2053,#2054,#998,.T.);
#2502=EDGE_CURVE('',#2020,#2053,#999,.T.);
#2503=EDGE_CURVE('',#2054,#2021,#1000,.T.);
#2504=EDGE_CURVE('',#2048,#2023,#1001,.T.);
#2505=EDGE_CURVE('',#2022,#2049,#1002,.T.);
#2506=EDGE_CURVE('',#2055,#2056,#1774,.T.);
#2507=EDGE_CURVE('',#2056,#2057,#1003,.T.);
#2508=EDGE_CURVE('',#2057,#2058,#1775,.T.);
#2509=EDGE_CURVE('',#2055,#2058,#1004,.T.);
#2510=EDGE_CURVE('',#2059,#2055,#1005,.T.);
#2511=EDGE_CURVE('',#2058,#2060,#1006,.T.);
#2512=EDGE_CURVE('',#2059,#2060,#1007,.T.);
#2513=EDGE_CURVE('',#2061,#2059,#1776,.T.);
#2514=EDGE_CURVE('',#2060,#2062,#1777,.T.);
#2515=EDGE_CURVE('',#2061,#2062,#1008,.T.);
#2516=EDGE_CURVE('',#2063,#2061,#1009,.T.);
#2517=EDGE_CURVE('',#2062,#2064,#1010,.T.);
#2518=EDGE_CURVE('',#2063,#2064,#1011,.T.);
#2519=EDGE_CURVE('',#2056,#2065,#1012,.T.);
#2520=EDGE_CURVE('',#2066,#2065,#1013,.T.);
#2521=EDGE_CURVE('',#2066,#2057,#1014,.T.);
#2522=EDGE_CURVE('',#2028,#2067,#1015,.T.);
#2523=EDGE_CURVE('',#2067,#2068,#1016,.T.);
#2524=EDGE_CURVE('',#2068,#2029,#1017,.T.);
#2525=EDGE_CURVE('',#2069,#2017,#1018,.T.);
#2526=EDGE_CURVE('',#2030,#2070,#1019,.T.);
#2527=EDGE_CURVE('',#2069,#2070,#1020,.T.);
#2528=EDGE_CURVE('',#2071,#2069,#1778,.T.);
#2529=EDGE_CURVE('',#2070,#2072,#1779,.T.);
#2530=EDGE_CURVE('',#2071,#2072,#1021,.T.);
#2531=EDGE_CURVE('',#2073,#2071,#1022,.T.);
#2532=EDGE_CURVE('',#2072,#2074,#1023,.T.);
#2533=EDGE_CURVE('',#2073,#2074,#1024,.T.);
#2534=EDGE_CURVE('',#2067,#2073,#1780,.T.);
#2535=EDGE_CURVE('',#2074,#2068,#1781,.T.);
#2536=EDGE_CURVE('',#2075,#2076,#1782,.T.);
#2537=EDGE_CURVE('',#2076,#2077,#1025,.T.);
#2538=EDGE_CURVE('',#2077,#2078,#1783,.T.);
#2539=EDGE_CURVE('',#2075,#2078,#1026,.T.);
#2540=EDGE_CURVE('',#2079,#2075,#1027,.T.);
#2541=EDGE_CURVE('',#2078,#2080,#1028,.T.);
#2542=EDGE_CURVE('',#2079,#2080,#1029,.T.);
#2543=EDGE_CURVE('',#2081,#2082,#1030,.T.);
#2544=EDGE_CURVE('',#2083,#2082,#1031,.T.);
#2545=EDGE_CURVE('',#2083,#2084,#1032,.T.);
#2546=EDGE_CURVE('',#2081,#2084,#1033,.T.);
#2547=EDGE_CURVE('',#2085,#2081,#1784,.T.);
#2548=EDGE_CURVE('',#2084,#2086,#1785,.T.);
#2549=EDGE_CURVE('',#2085,#2086,#1034,.T.);
#2550=EDGE_CURVE('',#2076,#2085,#1035,.T.);
#2551=EDGE_CURVE('',#2086,#2077,#1036,.T.);
#2552=EDGE_CURVE('',#2087,#2088,#1786,.T.);
#2553=EDGE_CURVE('',#2088,#2089,#1037,.T.);
#2554=EDGE_CURVE('',#2089,#2090,#1787,.T.);
#2555=EDGE_CURVE('',#2087,#2090,#1038,.T.);
#2556=EDGE_CURVE('',#2091,#2087,#1039,.T.);
#2557=EDGE_CURVE('',#2090,#2092,#1040,.T.);
#2558=EDGE_CURVE('',#2091,#2092,#1041,.T.);
#2559=EDGE_CURVE('',#2093,#2094,#1042,.T.);
#2560=EDGE_CURVE('',#2095,#2094,#1043,.T.);
#2561=EDGE_CURVE('',#2095,#2096,#1044,.T.);
#2562=EDGE_CURVE('',#2093,#2096,#1045,.T.);
#2563=EDGE_CURVE('',#2097,#2093,#1788,.T.);
#2564=EDGE_CURVE('',#2096,#2098,#1789,.T.);
#2565=EDGE_CURVE('',#2097,#2098,#1046,.T.);
#2566=EDGE_CURVE('',#2088,#2097,#1047,.T.);
#2567=EDGE_CURVE('',#2098,#2089,#1048,.T.);
#2568=EDGE_CURVE('',#2099,#2100,#1790,.T.);
#2569=EDGE_CURVE('',#2100,#2101,#1049,.T.);
#2570=EDGE_CURVE('',#2101,#2102,#1791,.T.);
#2571=EDGE_CURVE('',#2099,#2102,#1050,.T.);
#2572=EDGE_CURVE('',#2103,#2104,#1051,.T.);
#2573=EDGE_CURVE('',#2105,#2104,#1052,.T.);
#2574=EDGE_CURVE('',#2105,#2106,#1053,.T.);
#2575=EDGE_CURVE('',#2103,#2106,#1054,.T.);
#2576=EDGE_CURVE('',#2107,#2103,#1792,.T.);
#2577=EDGE_CURVE('',#2106,#2108,#1793,.T.);
#2578=EDGE_CURVE('',#2107,#2108,#1055,.T.);
#2579=EDGE_CURVE('',#2100,#2107,#1056,.T.);
#2580=EDGE_CURVE('',#2108,#2101,#1057,.T.);
#2581=EDGE_CURVE('',#2082,#2031,#1058,.T.);
#2582=EDGE_CURVE('',#2109,#2032,#1059,.T.);
#2583=EDGE_CURVE('',#2109,#2110,#1060,.T.);
#2584=EDGE_CURVE('',#2110,#2111,#1061,.T.);
#2585=EDGE_CURVE('',#2111,#2112,#1062,.T.);
#2586=EDGE_CURVE('',#2112,#2113,#1063,.T.);
#2587=EDGE_CURVE('',#2113,#2114,#1064,.T.);
#2588=EDGE_CURVE('',#2114,#2115,#1065,.T.);
#2589=EDGE_CURVE('',#2115,#2116,#1066,.T.);
#2590=EDGE_CURVE('',#2116,#2105,#1067,.T.);
#2591=EDGE_CURVE('',#2104,#2079,#1068,.T.);
#2592=EDGE_CURVE('',#2080,#2083,#1069,.T.);
#2593=EDGE_CURVE('',#2092,#2095,#1070,.T.);
#2594=EDGE_CURVE('',#2102,#2116,#1071,.T.);
#2595=EDGE_CURVE('',#2117,#2118,#1072,.T.);
#2596=EDGE_CURVE('',#2038,#2117,#1073,.T.);
#2597=EDGE_CURVE('',#2118,#2035,#1074,.T.);
#2598=EDGE_CURVE('',#2119,#2120,#1794,.T.);
#2599=EDGE_CURVE('',#2121,#2119,#1075,.T.);
#2600=EDGE_CURVE('',#2122,#2121,#1795,.T.);
#2601=EDGE_CURVE('',#2113,#2122,#1076,.T.);
#2602=EDGE_CURVE('',#2120,#2112,#1077,.T.);
#2603=EDGE_CURVE('',#2064,#2066,#1078,.T.);
#2604=EDGE_CURVE('',#2123,#2124,#1079,.T.);
#2605=EDGE_CURVE('',#2125,#2124,#1080,.T.);
#2606=EDGE_CURVE('',#2125,#2126,#1081,.T.);
#2607=EDGE_CURVE('',#2126,#2127,#1082,.T.);
#2608=EDGE_CURVE('',#2123,#2127,#1083,.T.);
#2609=EDGE_CURVE('',#2128,#2126,#1796,.T.);
#2610=EDGE_CURVE('',#2125,#2129,#1797,.T.);
#2611=EDGE_CURVE('',#2129,#2128,#1084,.T.);
#2612=EDGE_CURVE('',#2115,#2099,#1085,.T.);
#2613=EDGE_CURVE('',#2130,#2114,#1086,.T.);
#2614=EDGE_CURVE('',#2130,#2122,#1087,.T.);
#2615=EDGE_CURVE('',#2131,#2130,#1798,.T.);
#2616=EDGE_CURVE('',#2131,#2121,#1088,.T.);
#2617=EDGE_CURVE('',#2132,#2131,#1089,.T.);
#2618=EDGE_CURVE('',#2132,#2119,#1090,.T.);
#2619=EDGE_CURVE('',#2133,#2132,#1799,.T.);
#2620=EDGE_CURVE('',#2133,#2120,#1091,.T.);
#2621=EDGE_CURVE('',#2111,#2133,#1092,.T.);
#2622=EDGE_CURVE('',#2134,#2110,#1800,.T.);
#2623=EDGE_CURVE('',#2135,#2109,#1801,.T.);
#2624=EDGE_CURVE('',#2135,#2134,#1093,.T.);
#2625=EDGE_CURVE('',#2136,#2134,#1802,.T.);
#2626=EDGE_CURVE('',#2137,#2135,#1803,.T.);
#2627=EDGE_CURVE('',#2137,#2136,#1094,.T.);
#2628=EDGE_CURVE('',#2138,#2139,#1095,.T.);
#2629=EDGE_CURVE('',#2138,#2136,#1096,.T.);
#2630=EDGE_CURVE('',#2139,#2137,#1097,.T.);
#2631=EDGE_CURVE('',#2118,#2140,#1098,.T.);
#2632=EDGE_CURVE('',#2034,#2140,#1099,.T.);
#2633=EDGE_CURVE('',#2141,#2123,#134,.T.);
#2634=EDGE_CURVE('',#2127,#2142,#1804,.T.);
#2635=EDGE_CURVE('',#2141,#2142,#1100,.T.);
#2636=EDGE_CURVE('',#2143,#2144,#1101,.T.);
#2637=EDGE_CURVE('',#2143,#2145,#1102,.T.);
#2638=EDGE_CURVE('',#2146,#2145,#1103,.T.);
#2639=EDGE_CURVE('',#2144,#2146,#1104,.T.);
#2640=EDGE_CURVE('',#2144,#2147,#1805,.T.);
#2641=EDGE_CURVE('',#2148,#2146,#1806,.T.);
#2642=EDGE_CURVE('',#2147,#2148,#1105,.T.);
#2643=EDGE_CURVE('',#2149,#2150,#1807,.T.);
#2644=EDGE_CURVE('',#2149,#2151,#1106,.T.);
#2645=EDGE_CURVE('',#2152,#2151,#1808,.T.);
#2646=EDGE_CURVE('',#2150,#2152,#1107,.T.);
#2647=EDGE_CURVE('',#2147,#2149,#1108,.T.);
#2648=EDGE_CURVE('',#2151,#2148,#1109,.T.);
#2649=EDGE_CURVE('',#2153,#2153,#1809,.T.);
#2650=EDGE_CURVE('',#2150,#2154,#1110,.T.);
#2651=EDGE_CURVE('',#2155,#2152,#1111,.T.);
#2652=EDGE_CURVE('',#2154,#2155,#1112,.T.);
#2653=EDGE_CURVE('',#2154,#2156,#1810,.T.);
#2654=EDGE_CURVE('',#2157,#2155,#1811,.T.);
#2655=EDGE_CURVE('',#2156,#2157,#1113,.T.);
#2656=EDGE_CURVE('',#2156,#2158,#1114,.T.);
#2657=EDGE_CURVE('',#2159,#2157,#1115,.T.);
#2658=EDGE_CURVE('',#2158,#2159,#1116,.T.);
#2659=EDGE_CURVE('',#2158,#2143,#1812,.T.);
#2660=EDGE_CURVE('',#2145,#2159,#1813,.T.);
#2661=EDGE_CURVE('',#2160,#2150,#1117,.T.);
#2662=EDGE_CURVE('',#2160,#2161,#1814,.T.);
#2663=EDGE_CURVE('',#2149,#2161,#1118,.T.);
#2664=EDGE_CURVE('',#2161,#2162,#1119,.T.);
#2665=EDGE_CURVE('',#2147,#2162,#1120,.T.);
#2666=EDGE_CURVE('',#2162,#2163,#1815,.T.);
#2667=EDGE_CURVE('',#2144,#2163,#1121,.T.);
#2668=EDGE_CURVE('',#2163,#2164,#1122,.T.);
#2669=EDGE_CURVE('',#2143,#2164,#1123,.T.);
#2670=EDGE_CURVE('',#2164,#2165,#1816,.T.);
#2671=EDGE_CURVE('',#2158,#2165,#1124,.T.);
#2672=EDGE_CURVE('',#2165,#2166,#1125,.T.);
#2673=EDGE_CURVE('',#2156,#2166,#1126,.T.);
#2674=EDGE_CURVE('',#2166,#2167,#1817,.T.);
#2675=EDGE_CURVE('',#2154,#2167,#1127,.T.);
#2676=EDGE_CURVE('',#2167,#2160,#1128,.T.);
#2677=EDGE_CURVE('',#2168,#2168,#1818,.T.);
#2678=EDGE_CURVE('',#2168,#2169,#1129,.T.);
#2679=EDGE_CURVE('',#2169,#2169,#1819,.T.);
#2680=EDGE_CURVE('',#2170,#2170,#1820,.T.);
#2681=EDGE_CURVE('',#2170,#2171,#1130,.T.);
#2682=EDGE_CURVE('',#2171,#2171,#1821,.T.);
#2683=EDGE_CURVE('',#2172,#2172,#1822,.T.);
#2684=EDGE_CURVE('',#2172,#2173,#1131,.T.);
#2685=EDGE_CURVE('',#2173,#2173,#1823,.T.);
#2686=EDGE_CURVE('',#2174,#2174,#1824,.T.);
#2687=EDGE_CURVE('',#2174,#2175,#1132,.T.);
#2688=EDGE_CURVE('',#2175,#2175,#1825,.T.);
#2689=EDGE_CURVE('',#2176,#2176,#1826,.T.);
#2690=EDGE_CURVE('',#2176,#2177,#1133,.T.);
#2691=EDGE_CURVE('',#2177,#2177,#1827,.T.);
#2692=EDGE_CURVE('',#2178,#2178,#1828,.T.);
#2693=EDGE_CURVE('',#2178,#2179,#1134,.T.);
#2694=EDGE_CURVE('',#2179,#2179,#1829,.T.);
#2695=EDGE_CURVE('',#2180,#2180,#1830,.T.);
#2696=EDGE_CURVE('',#2180,#2181,#1135,.T.);
#2697=EDGE_CURVE('',#2181,#2181,#1831,.T.);
#2698=EDGE_CURVE('',#2182,#2182,#1832,.T.);
#2699=EDGE_CURVE('',#2182,#2183,#1136,.T.);
#2700=EDGE_CURVE('',#2183,#2183,#1833,.T.);
#2701=EDGE_CURVE('',#2184,#2184,#1834,.T.);
#2702=EDGE_CURVE('',#2184,#2185,#1137,.T.);
#2703=EDGE_CURVE('',#2185,#2185,#1835,.T.);
#2704=EDGE_CURVE('',#2186,#2186,#1836,.T.);
#2705=EDGE_CURVE('',#2187,#2187,#135,.T.);
#2706=EDGE_CURVE('',#2187,#2186,#1138,.T.);
#2707=EDGE_CURVE('',#2188,#2188,#1837,.T.);
#2708=EDGE_CURVE('',#2189,#2189,#1838,.T.);
#2709=EDGE_CURVE('',#2189,#2188,#1139,.T.);
#2710=EDGE_CURVE('',#2190,#2190,#1839,.T.);
#2711=EDGE_CURVE('',#2191,#2191,#1840,.T.);
#2712=EDGE_CURVE('',#2191,#2190,#1140,.T.);
#2713=EDGE_CURVE('',#2192,#2192,#1841,.T.);
#2714=EDGE_CURVE('',#2193,#2193,#136,.T.);
#2715=EDGE_CURVE('',#2193,#2192,#1141,.T.);
#2716=EDGE_CURVE('',#2194,#2194,#1842,.T.);
#2717=EDGE_CURVE('',#2195,#2195,#137,.T.);
#2718=EDGE_CURVE('',#2195,#2194,#1142,.T.);
#2719=EDGE_CURVE('',#2196,#2196,#1843,.T.);
#2720=EDGE_CURVE('',#2197,#2197,#1844,.T.);
#2721=EDGE_CURVE('',#2197,#2196,#1143,.T.);
#2722=EDGE_CURVE('',#2198,#2198,#1845,.T.);
#2723=EDGE_CURVE('',#2199,#2199,#1846,.T.);
#2724=EDGE_CURVE('',#2199,#2198,#1144,.T.);
#2725=EDGE_CURVE('',#2200,#2200,#1847,.T.);
#2726=EDGE_CURVE('',#2201,#2201,#1848,.T.);
#2727=EDGE_CURVE('',#2201,#2200,#1145,.T.);
#2728=EDGE_CURVE('',#2202,#2202,#1849,.T.);
#2729=EDGE_CURVE('',#2203,#2203,#138,.T.);
#2730=EDGE_CURVE('',#2203,#2202,#1146,.T.);
#2731=EDGE_CURVE('',#2204,#2204,#1850,.T.);
#2732=EDGE_CURVE('',#2204,#2205,#1147,.T.);
#2733=EDGE_CURVE('',#2205,#2205,#1851,.T.);
#2734=EDGE_CURVE('',#2206,#2206,#1852,.T.);
#2735=EDGE_CURVE('',#2206,#2207,#1148,.T.);
#2736=EDGE_CURVE('',#2207,#2207,#1853,.T.);
#2737=EDGE_CURVE('',#2208,#2208,#1854,.T.);
#2738=EDGE_CURVE('',#2208,#2209,#1149,.T.);
#2739=EDGE_CURVE('',#2209,#2209,#1855,.T.);
#2740=EDGE_CURVE('',#2210,#2210,#1856,.T.);
#2741=EDGE_CURVE('',#2210,#2211,#1150,.T.);
#2742=EDGE_CURVE('',#2211,#2211,#1857,.T.);
#2743=EDGE_CURVE('',#2212,#2212,#1858,.T.);
#2744=EDGE_CURVE('',#2212,#2213,#1151,.T.);
#2745=EDGE_CURVE('',#2213,#2213,#1859,.T.);
#2746=EDGE_CURVE('',#2214,#2214,#1860,.T.);
#2747=EDGE_CURVE('',#2214,#2215,#1152,.T.);
#2748=EDGE_CURVE('',#2215,#2215,#1861,.T.);
#2749=EDGE_CURVE('',#2216,#2216,#1862,.T.);
#2750=EDGE_CURVE('',#2216,#2217,#1153,.T.);
#2751=EDGE_CURVE('',#2217,#2217,#1863,.T.);
#2752=EDGE_CURVE('',#2218,#2218,#1864,.T.);
#2753=EDGE_CURVE('',#2218,#2219,#1154,.T.);
#2754=EDGE_CURVE('',#2219,#2219,#1865,.T.);
#2755=EDGE_CURVE('',#2220,#2117,#1155,.T.);
#2756=EDGE_CURVE('',#2015,#2220,#1156,.T.);
#2757=EDGE_CURVE('',#2014,#2091,#1157,.T.);
#2758=EDGE_CURVE('',#2094,#2063,#1158,.T.);
#2759=EDGE_CURVE('',#2065,#2037,#1159,.T.);
#2760=EDGE_CURVE('',#2221,#2222,#139,.T.);
#2761=EDGE_CURVE('',#2222,#2221,#1866,.T.);
#2762=EDGE_CURVE('',#2223,#2223,#1867,.T.);
#2763=EDGE_CURVE('',#2224,#2224,#1868,.T.);
#2764=EDGE_CURVE('',#2223,#2225,#1160,.T.);
#2765=EDGE_CURVE('',#2225,#2225,#1869,.T.);
#2766=EDGE_CURVE('',#2224,#2153,#1161,.T.);
#2767=EDGE_CURVE('',#2226,#2226,#1870,.T.);
#2768=EDGE_CURVE('',#2227,#2227,#1871,.T.);
#2769=EDGE_CURVE('',#2228,#2228,#1872,.T.);
#2770=EDGE_CURVE('',#2229,#2229,#1873,.T.);
#2771=EDGE_CURVE('',#2228,#2230,#1162,.T.);
#2772=EDGE_CURVE('',#2230,#2230,#1874,.T.);
#2773=EDGE_CURVE('',#2229,#2226,#1163,.T.);
#2774=EDGE_CURVE('',#2231,#2231,#1875,.T.);
#2775=EDGE_CURVE('',#2232,#2232,#1876,.T.);
#2776=EDGE_CURVE('',#2231,#2233,#1164,.T.);
#2777=EDGE_CURVE('',#2233,#2233,#1877,.T.);
#2778=EDGE_CURVE('',#2232,#2227,#1165,.T.);
#2779=EDGE_CURVE('',#2234,#2234,#1878,.T.);
#2780=EDGE_CURVE('',#2235,#2235,#1879,.T.);
#2781=EDGE_CURVE('',#2236,#2236,#1880,.T.);
#2782=EDGE_CURVE('',#2235,#2237,#1166,.T.);
#2783=EDGE_CURVE('',#2237,#2237,#1881,.T.);
#2784=EDGE_CURVE('',#2236,#2234,#1167,.T.);
#2785=EDGE_CURVE('',#2238,#2238,#1882,.T.);
#2786=EDGE_CURVE('',#2239,#2239,#1883,.T.);
#2787=EDGE_CURVE('',#2240,#2240,#1884,.T.);
#2788=EDGE_CURVE('',#2241,#2241,#1885,.T.);
#2789=EDGE_CURVE('',#2240,#2242,#1168,.T.);
#2790=EDGE_CURVE('',#2242,#2242,#1886,.T.);
#2791=EDGE_CURVE('',#2241,#2238,#1169,.T.);
#2792=EDGE_CURVE('',#2243,#2243,#1887,.T.);
#2793=EDGE_CURVE('',#2244,#2244,#1888,.T.);
#2794=EDGE_CURVE('',#2245,#2245,#1889,.T.);
#2795=EDGE_CURVE('',#2244,#2246,#1170,.T.);
#2796=EDGE_CURVE('',#2246,#2246,#1890,.T.);
#2797=EDGE_CURVE('',#2245,#2239,#1171,.T.);
#2798=EDGE_CURVE('',#2247,#2247,#1891,.T.);
#2799=EDGE_CURVE('',#2248,#2248,#1892,.T.);
#2800=EDGE_CURVE('',#2247,#2249,#1172,.T.);
#2801=EDGE_CURVE('',#2249,#2249,#1893,.T.);
#2802=EDGE_CURVE('',#2248,#2243,#1173,.T.);
#2803=EDGE_CURVE('',#2250,#2250,#1894,.T.);
#2804=EDGE_CURVE('',#2139,#2220,#1174,.T.);
#2805=EDGE_CURVE('',#2251,#2251,#1895,.T.);
#2806=EDGE_CURVE('',#2252,#2252,#1896,.T.);
#2807=EDGE_CURVE('',#2253,#2253,#1897,.T.);
#2808=EDGE_CURVE('',#2254,#2254,#1898,.T.);
#2809=EDGE_CURVE('',#2255,#2255,#1899,.T.);
#2810=EDGE_CURVE('',#2256,#2256,#1900,.T.);
#2811=EDGE_CURVE('',#2257,#2257,#1901,.T.);
#2812=EDGE_CURVE('',#2258,#2258,#1902,.T.);
#2813=EDGE_CURVE('',#2259,#2259,#1903,.T.);
#2814=EDGE_CURVE('',#2260,#2260,#1904,.T.);
#2815=EDGE_CURVE('',#2261,#2261,#1905,.T.);
#2816=EDGE_CURVE('',#2260,#2259,#1175,.T.);
#2817=EDGE_CURVE('',#2261,#2250,#1176,.T.);
#2818=EDGE_CURVE('',#2262,#2262,#1906,.T.);
#2819=EDGE_CURVE('',#2258,#2262,#1177,.T.);
#2820=EDGE_CURVE('',#2263,#2263,#1907,.T.);
#2821=EDGE_CURVE('',#2257,#2263,#1178,.T.);
#2822=EDGE_CURVE('',#2264,#2264,#1908,.T.);
#2823=EDGE_CURVE('',#2256,#2264,#1179,.T.);
#2824=EDGE_CURVE('',#2265,#2265,#1909,.T.);
#2825=EDGE_CURVE('',#2255,#2265,#1180,.T.);
#2826=EDGE_CURVE('',#2266,#2266,#1910,.T.);
#2827=EDGE_CURVE('',#2254,#2266,#1181,.T.);
#2828=EDGE_CURVE('',#2267,#2267,#1911,.T.);
#2829=EDGE_CURVE('',#2253,#2267,#1182,.T.);
#2830=EDGE_CURVE('',#2268,#2268,#1912,.T.);
#2831=EDGE_CURVE('',#2252,#2268,#1183,.T.);
#2832=EDGE_CURVE('',#2269,#2269,#1913,.T.);
#2833=EDGE_CURVE('',#2251,#2269,#1184,.T.);
#2834=EDGE_CURVE('',#2270,#2138,#1185,.T.);
#2835=EDGE_CURVE('',#2142,#2270,#1186,.T.);
#2836=EDGE_CURVE('',#2271,#2128,#1187,.T.);
#2837=EDGE_CURVE('',#2140,#2271,#1188,.T.);
#2838=EDGE_CURVE('',#2271,#2272,#1189,.T.);
#2839=EDGE_CURVE('',#2272,#2129,#1190,.T.);
#2840=EDGE_CURVE('',#2272,#2273,#1191,.T.);
#2841=EDGE_CURVE('',#2124,#2222,#1192,.T.);
#2842=EDGE_CURVE('',#2221,#2273,#1193,.T.);
#2843=EDGE_CURVE('',#2273,#2274,#1194,.T.);
#2844=EDGE_CURVE('',#2274,#2141,#1195,.T.);
#2845=EDGE_CURVE('',#2274,#2270,#1196,.T.);
#2846=EDGE_CURVE('',#2275,#2276,#1197,.T.);
#2847=EDGE_CURVE('',#2277,#2275,#1198,.T.);
#2848=EDGE_CURVE('',#2278,#2277,#1199,.T.);
#2849=EDGE_CURVE('',#2279,#2278,#1200,.T.);
#2850=EDGE_CURVE('',#2280,#2279,#1201,.T.);
#2851=EDGE_CURVE('',#2281,#2280,#1202,.T.);
#2852=EDGE_CURVE('',#2282,#2281,#1203,.T.);
#2853=EDGE_CURVE('',#2283,#2282,#1204,.T.);
#2854=EDGE_CURVE('',#2284,#2283,#1205,.T.);
#2855=EDGE_CURVE('',#2285,#2284,#1206,.T.);
#2856=EDGE_CURVE('',#2276,#2285,#1207,.T.);
#2857=EDGE_CURVE('',#2286,#2280,#1208,.T.);
#2858=EDGE_CURVE('',#2286,#2287,#1209,.T.);
#2859=EDGE_CURVE('',#2287,#2281,#1210,.T.);
#2860=EDGE_CURVE('',#2279,#2288,#1211,.T.);
#2861=EDGE_CURVE('',#2288,#2289,#1914,.T.);
#2862=EDGE_CURVE('',#2289,#2290,#1915,.T.);
#2863=EDGE_CURVE('',#2290,#2291,#1212,.T.);
#2864=EDGE_CURVE('',#2291,#2292,#1916,.T.);
#2865=EDGE_CURVE('',#2292,#2293,#1213,.T.);
#2866=EDGE_CURVE('',#2293,#2294,#1917,.T.);
#2867=EDGE_CURVE('',#2294,#2295,#1214,.T.);
#2868=EDGE_CURVE('',#2295,#2296,#1918,.T.);
#2869=EDGE_CURVE('',#2296,#2286,#1919,.T.);
#2870=EDGE_CURVE('',#2297,#2297,#1920,.T.);
#2871=EDGE_CURVE('',#2298,#2299,#1921,.T.);
#2872=EDGE_CURVE('',#2300,#2298,#1215,.T.);
#2873=EDGE_CURVE('',#2301,#2300,#1922,.T.);
#2874=EDGE_CURVE('',#2302,#2301,#1216,.T.);
#2875=EDGE_CURVE('',#2303,#2302,#1923,.T.);
#2876=EDGE_CURVE('',#2304,#2303,#1217,.T.);
#2877=EDGE_CURVE('',#2305,#2304,#1924,.T.);
#2878=EDGE_CURVE('',#2299,#2305,#1218,.T.);
#2879=EDGE_CURVE('',#2306,#2306,#1925,.T.);
#2880=EDGE_CURVE('',#2307,#2307,#1926,.T.);
#2881=EDGE_CURVE('',#2308,#2308,#1927,.T.);
#2882=EDGE_CURVE('',#2309,#2309,#1928,.T.);
#2883=EDGE_CURVE('',#2310,#2310,#1929,.T.);
#2884=EDGE_CURVE('',#2311,#2311,#1930,.T.);
#2885=EDGE_CURVE('',#2312,#2312,#1931,.T.);
#2886=EDGE_CURVE('',#2278,#2313,#1219,.T.);
#2887=EDGE_CURVE('',#2313,#2314,#1220,.T.);
#2888=EDGE_CURVE('',#2314,#2315,#1221,.T.);
#2889=EDGE_CURVE('',#2288,#2315,#1222,.T.);
#2890=EDGE_CURVE('',#2316,#2277,#1223,.T.);
#2891=EDGE_CURVE('',#2317,#2316,#1932,.T.);
#2892=EDGE_CURVE('',#2313,#2317,#1224,.T.);
#2893=EDGE_CURVE('',#2275,#2318,#1225,.T.);
#2894=EDGE_CURVE('',#2318,#2316,#1226,.T.);
#2895=EDGE_CURVE('',#2312,#2319,#1227,.T.);
#2896=EDGE_CURVE('',#2319,#2319,#1933,.T.);
#2897=EDGE_CURVE('',#2320,#2320,#1934,.T.);
#2898=EDGE_CURVE('',#2311,#2321,#1228,.T.);
#2899=EDGE_CURVE('',#2321,#2321,#1935,.T.);
#2900=EDGE_CURVE('',#2322,#2322,#1936,.T.);
#2901=EDGE_CURVE('',#2310,#2323,#1229,.T.);
#2902=EDGE_CURVE('',#2323,#2323,#1937,.T.);
#2903=EDGE_CURVE('',#2324,#2324,#1938,.T.);
#2904=EDGE_CURVE('',#2309,#2325,#1230,.T.);
#2905=EDGE_CURVE('',#2325,#2325,#1939,.T.);
#2906=EDGE_CURVE('',#2326,#2326,#1940,.T.);
#2907=EDGE_CURVE('',#2327,#2327,#1941,.T.);
#2908=EDGE_CURVE('',#2327,#2328,#1231,.T.);
#2909=EDGE_CURVE('',#2328,#2328,#1942,.T.);
#2910=EDGE_CURVE('',#2329,#2329,#1943,.T.);
#2911=EDGE_CURVE('',#2329,#2308,#1232,.T.);
#2912=EDGE_CURVE('',#2330,#2330,#1944,.T.);
#2913=EDGE_CURVE('',#2330,#2331,#1233,.T.);
#2914=EDGE_CURVE('',#2331,#2331,#1945,.T.);
#2915=EDGE_CURVE('',#2332,#2332,#1946,.T.);
#2916=EDGE_CURVE('',#2332,#2307,#1234,.T.);
#2917=EDGE_CURVE('',#2333,#2333,#1947,.T.);
#2918=EDGE_CURVE('',#2333,#2334,#1235,.T.);
#2919=EDGE_CURVE('',#2334,#2334,#1948,.T.);
#2920=EDGE_CURVE('',#2335,#2335,#1949,.T.);
#2921=EDGE_CURVE('',#2335,#2306,#1236,.T.);
#2922=EDGE_CURVE('',#2336,#2336,#1950,.T.);
#2923=EDGE_CURVE('',#2336,#2337,#1237,.T.);
#2924=EDGE_CURVE('',#2337,#2337,#1951,.T.);
#2925=EDGE_CURVE('',#2338,#2338,#1952,.T.);
#2926=EDGE_CURVE('',#2338,#2297,#1238,.T.);
#2927=EDGE_CURVE('',#2339,#2283,#1239,.T.);
#2928=EDGE_CURVE('',#2340,#2339,#140,.T.);
#2929=EDGE_CURVE('',#2341,#2340,#1240,.T.);
#2930=EDGE_CURVE('',#2284,#2341,#1241,.T.);
#2931=EDGE_CURVE('',#2342,#2342,#141,.T.);
#2932=EDGE_CURVE('',#2343,#2343,#142,.T.);
#2933=EDGE_CURVE('',#2344,#2344,#1953,.T.);
#2934=EDGE_CURVE('',#2344,#2324,#1242,.T.);
#2935=EDGE_CURVE('',#2345,#2345,#1954,.T.);
#2936=EDGE_CURVE('',#2345,#2326,#1243,.T.);
#2937=EDGE_CURVE('',#2346,#2346,#1955,.T.);
#2938=EDGE_CURVE('',#2346,#2320,#1244,.T.);
#2939=EDGE_CURVE('',#2347,#2347,#1956,.T.);
#2940=EDGE_CURVE('',#2347,#2322,#1245,.T.);
#2941=EDGE_CURVE('',#2348,#2348,#1957,.T.);
#2942=EDGE_CURVE('',#2348,#2349,#1246,.T.);
#2943=EDGE_CURVE('',#2349,#2349,#1958,.T.);
#2944=EDGE_CURVE('',#2350,#2350,#1959,.T.);
#2945=EDGE_CURVE('',#2351,#2351,#1960,.T.);
#2946=EDGE_CURVE('',#2351,#2352,#1247,.T.);
#2947=EDGE_CURVE('',#2352,#2352,#1961,.T.);
#2948=EDGE_CURVE('',#2353,#2353,#1962,.T.);
#2949=EDGE_CURVE('',#2354,#2354,#1963,.T.);
#2950=EDGE_CURVE('',#2354,#2355,#1248,.T.);
#2951=EDGE_CURVE('',#2355,#2355,#1964,.T.);
#2952=EDGE_CURVE('',#2356,#2356,#1965,.T.);
#2953=EDGE_CURVE('',#2343,#2357,#1249,.T.);
#2954=EDGE_CURVE('',#2357,#2357,#1966,.T.);
#2955=EDGE_CURVE('',#2358,#2358,#1967,.T.);
#2956=EDGE_CURVE('',#2342,#2359,#1250,.T.);
#2957=EDGE_CURVE('',#2359,#2359,#1968,.T.);
#2958=EDGE_CURVE('',#2360,#2360,#1969,.T.);
#2959=EDGE_CURVE('',#2361,#2361,#1970,.T.);
#2960=EDGE_CURVE('',#2361,#2362,#1251,.T.);
#2961=EDGE_CURVE('',#2362,#2362,#1971,.T.);
#2962=EDGE_CURVE('',#2363,#2363,#1972,.T.);
#2963=EDGE_CURVE('',#2364,#2364,#1973,.T.);
#2964=EDGE_CURVE('',#2364,#2358,#1252,.T.);
#2965=EDGE_CURVE('',#2365,#2365,#1974,.T.);
#2966=EDGE_CURVE('',#2365,#2356,#1253,.T.);
#2967=EDGE_CURVE('',#2366,#2366,#1975,.T.);
#2968=EDGE_CURVE('',#2366,#2360,#1254,.T.);
#2969=EDGE_CURVE('',#2367,#2367,#1976,.T.);
#2970=EDGE_CURVE('',#2367,#2350,#1255,.T.);
#2971=EDGE_CURVE('',#2368,#2368,#1977,.T.);
#2972=EDGE_CURVE('',#2368,#2353,#1256,.T.);
#2973=EDGE_CURVE('',#2369,#2369,#1978,.T.);
#2974=EDGE_CURVE('',#2369,#2363,#1257,.T.);
#2975=EDGE_CURVE('',#2370,#2298,#1258,.T.);
#2976=EDGE_CURVE('',#2299,#2371,#1259,.T.);
#2977=EDGE_CURVE('',#2371,#2370,#1979,.T.);
#2978=EDGE_CURVE('',#2372,#2300,#1260,.T.);
#2979=EDGE_CURVE('',#2370,#2372,#1261,.T.);
#2980=EDGE_CURVE('',#2373,#2301,#1262,.T.);
#2981=EDGE_CURVE('',#2372,#2373,#1980,.T.);
#2982=EDGE_CURVE('',#2374,#2302,#1263,.T.);
#2983=EDGE_CURVE('',#2373,#2374,#1264,.T.);
#2984=EDGE_CURVE('',#2375,#2303,#1265,.T.);
#2985=EDGE_CURVE('',#2374,#2375,#1981,.T.);
#2986=EDGE_CURVE('',#2376,#2304,#1266,.T.);
#2987=EDGE_CURVE('',#2375,#2376,#1267,.T.);
#2988=EDGE_CURVE('',#2377,#2305,#1268,.T.);
#2989=EDGE_CURVE('',#2376,#2377,#1982,.T.);
#2990=EDGE_CURVE('',#2377,#2371,#1269,.T.);
#2991=EDGE_CURVE('',#2373,#2378,#1270,.T.);
#2992=EDGE_CURVE('',#2379,#2378,#1271,.T.);
#2993=EDGE_CURVE('',#2374,#2379,#1272,.T.);
#2994=EDGE_CURVE('',#2372,#2380,#1273,.T.);
#2995=EDGE_CURVE('',#2378,#2380,#1983,.T.);
#2996=EDGE_CURVE('',#2370,#2381,#1274,.T.);
#2997=EDGE_CURVE('',#2380,#2381,#1275,.T.);
#2998=EDGE_CURVE('',#2371,#2382,#1276,.T.);
#2999=EDGE_CURVE('',#2381,#2382,#1984,.T.);
#3000=EDGE_CURVE('',#2375,#2383,#1277,.T.);
#3001=EDGE_CURVE('',#2384,#2383,#1278,.T.);
#3002=EDGE_CURVE('',#2376,#2384,#1279,.T.);
#3003=EDGE_CURVE('',#2385,#2384,#1985,.T.);
#3004=EDGE_CURVE('',#2377,#2385,#1280,.T.);
#3005=EDGE_CURVE('',#2382,#2385,#1281,.T.);
#3006=EDGE_CURVE('',#2383,#2379,#1986,.T.);
#3007=EDGE_CURVE('',#2341,#2386,#1282,.T.);
#3008=EDGE_CURVE('',#2387,#2386,#1987,.T.);
#3009=EDGE_CURVE('',#2387,#2285,#1283,.T.);
#3010=EDGE_CURVE('',#2339,#2388,#1284,.T.);
#3011=EDGE_CURVE('',#2388,#2389,#1988,.T.);
#3012=EDGE_CURVE('',#2340,#2389,#1285,.T.);
#3013=EDGE_CURVE('',#2282,#2388,#1286,.T.);
#3014=EDGE_CURVE('',#2390,#2287,#1989,.T.);
#3015=EDGE_CURVE('',#2391,#2390,#1990,.T.);
#3016=EDGE_CURVE('',#2392,#2391,#1287,.T.);
#3017=EDGE_CURVE('',#2393,#2392,#1288,.T.);
#3018=EDGE_CURVE('',#2394,#2393,#1991,.T.);
#3019=EDGE_CURVE('',#2395,#2394,#1289,.T.);
#3020=EDGE_CURVE('',#2396,#2395,#1992,.T.);
#3021=EDGE_CURVE('',#2397,#2396,#1290,.T.);
#3022=EDGE_CURVE('',#2398,#2397,#1291,.T.);
#3023=EDGE_CURVE('',#2399,#2398,#1993,.T.);
#3024=EDGE_CURVE('',#2400,#2399,#1292,.T.);
#3025=EDGE_CURVE('',#2401,#2400,#1293,.T.);
#3026=EDGE_CURVE('',#2402,#2401,#1994,.T.);
#3027=EDGE_CURVE('',#2403,#2402,#1294,.T.);
#3028=EDGE_CURVE('',#2404,#2403,#1995,.T.);
#3029=EDGE_CURVE('',#2405,#2404,#1295,.T.);
#3030=EDGE_CURVE('',#2406,#2405,#1296,.T.);
#3031=EDGE_CURVE('',#2407,#2406,#1297,.T.);
#3032=EDGE_CURVE('',#2408,#2407,#1996,.T.);
#3033=EDGE_CURVE('',#2409,#2408,#1298,.T.);
#3034=EDGE_CURVE('',#2410,#2409,#1997,.T.);
#3035=EDGE_CURVE('',#2411,#2410,#1299,.T.);
#3036=EDGE_CURVE('',#2412,#2411,#1300,.T.);
#3037=EDGE_CURVE('',#2413,#2412,#1301,.T.);
#3038=EDGE_CURVE('',#2414,#2413,#1998,.T.);
#3039=EDGE_CURVE('',#2415,#2414,#1302,.T.);
#3040=EDGE_CURVE('',#2416,#2415,#1999,.T.);
#3041=EDGE_CURVE('',#2417,#2416,#1303,.T.);
#3042=EDGE_CURVE('',#2418,#2417,#1304,.T.);
#3043=EDGE_CURVE('',#2419,#2418,#2000,.T.);
#3044=EDGE_CURVE('',#2420,#2419,#1305,.T.);
#3045=EDGE_CURVE('',#2421,#2420,#2001,.T.);
#3046=EDGE_CURVE('',#2315,#2421,#2002,.T.);
#3047=EDGE_CURVE('',#2422,#2314,#1306,.T.);
#3048=EDGE_CURVE('',#2318,#2422,#2003,.T.);
#3049=EDGE_CURVE('',#2423,#2276,#1307,.T.);
#3050=EDGE_CURVE('',#2424,#2423,#2004,.T.);
#3051=EDGE_CURVE('',#2389,#2424,#1308,.T.);
#3052=EDGE_CURVE('',#2422,#2317,#1309,.T.);
#3053=EDGE_CURVE('',#2289,#2421,#1310,.T.);
#3054=EDGE_CURVE('',#2290,#2420,#1311,.T.);
#3055=EDGE_CURVE('',#2291,#2419,#1312,.T.);
#3056=EDGE_CURVE('',#2292,#2418,#1313,.T.);
#3057=EDGE_CURVE('',#2416,#2425,#1314,.T.);
#3058=EDGE_CURVE('',#2425,#2426,#1315,.T.);
#3059=EDGE_CURVE('',#2417,#2426,#1316,.T.);
#3060=EDGE_CURVE('',#2415,#2427,#1317,.T.);
#3061=EDGE_CURVE('',#2427,#2425,#2005,.T.);
#3062=EDGE_CURVE('',#2414,#2428,#1318,.T.);
#3063=EDGE_CURVE('',#2428,#2427,#1319,.T.);
#3064=EDGE_CURVE('',#2413,#2429,#1320,.T.);
#3065=EDGE_CURVE('',#2429,#2428,#2006,.T.);
#3066=EDGE_CURVE('',#2430,#2412,#1321,.T.);
#3067=EDGE_CURVE('',#2430,#2429,#1322,.T.);
#3068=EDGE_CURVE('',#2410,#2431,#1323,.T.);
#3069=EDGE_CURVE('',#2431,#2432,#1324,.T.);
#3070=EDGE_CURVE('',#2411,#2432,#1325,.T.);
#3071=EDGE_CURVE('',#2409,#2433,#1326,.T.);
#3072=EDGE_CURVE('',#2433,#2431,#2007,.T.);
#3073=EDGE_CURVE('',#2408,#2434,#1327,.T.);
#3074=EDGE_CURVE('',#2434,#2433,#1328,.T.);
#3075=EDGE_CURVE('',#2407,#2435,#1329,.T.);
#3076=EDGE_CURVE('',#2435,#2434,#2008,.T.);
#3077=EDGE_CURVE('',#2436,#2406,#1330,.T.);
#3078=EDGE_CURVE('',#2436,#2435,#1331,.T.);
#3079=EDGE_CURVE('',#2404,#2437,#1332,.T.);
#3080=EDGE_CURVE('',#2437,#2438,#1333,.T.);
#3081=EDGE_CURVE('',#2405,#2438,#1334,.T.);
#3082=EDGE_CURVE('',#2403,#2439,#1335,.T.);
#3083=EDGE_CURVE('',#2439,#2437,#2009,.T.);
#3084=EDGE_CURVE('',#2402,#2440,#1336,.T.);
#3085=EDGE_CURVE('',#2440,#2439,#1337,.T.);
#3086=EDGE_CURVE('',#2401,#2441,#1338,.T.);
#3087=EDGE_CURVE('',#2441,#2440,#2010,.T.);
#3088=EDGE_CURVE('',#2442,#2400,#1339,.T.);
#3089=EDGE_CURVE('',#2442,#2441,#1340,.T.);
#3090=EDGE_CURVE('',#2426,#2430,#1341,.T.);
#3091=EDGE_CURVE('',#2432,#2436,#1342,.T.);
#3092=EDGE_CURVE('',#2438,#2442,#1343,.T.);
#3093=EDGE_CURVE('',#2293,#2399,#1344,.T.);
#3094=EDGE_CURVE('',#2294,#2398,#1345,.T.);
#3095=EDGE_CURVE('',#2396,#2443,#1346,.T.);
#3096=EDGE_CURVE('',#2443,#2444,#1347,.T.);
#3097=EDGE_CURVE('',#2397,#2444,#1348,.T.);
#3098=EDGE_CURVE('',#2395,#2445,#1349,.T.);
#3099=EDGE_CURVE('',#2445,#2443,#2011,.T.);
#3100=EDGE_CURVE('',#2394,#2446,#1350,.T.);
#3101=EDGE_CURVE('',#2446,#2445,#1351,.T.);
#3102=EDGE_CURVE('',#2393,#2447,#1352,.T.);
#3103=EDGE_CURVE('',#2447,#2446,#2012,.T.);
#3104=EDGE_CURVE('',#2448,#2392,#1353,.T.);
#3105=EDGE_CURVE('',#2448,#2447,#1354,.T.);
#3106=EDGE_CURVE('',#2444,#2448,#1355,.T.);
#3107=EDGE_CURVE('',#2295,#2391,#1356,.T.);
#3108=EDGE_CURVE('',#2296,#2390,#1357,.T.);
#3109=EDGE_CURVE('',#2387,#2423,#1358,.T.);
#3110=EDGE_CURVE('',#2386,#2424,#1359,.T.);
#3111=ORIENTED_EDGE('',*,*,#2449,.T.);
#3112=ORIENTED_EDGE('',*,*,#2450,.F.);
#3113=ORIENTED_EDGE('',*,*,#2451,.F.);
#3114=ORIENTED_EDGE('',*,*,#2452,.T.);
#3115=ORIENTED_EDGE('',*,*,#2453,.T.);
#3116=ORIENTED_EDGE('',*,*,#2452,.F.);
#3117=ORIENTED_EDGE('',*,*,#2454,.F.);
#3118=ORIENTED_EDGE('',*,*,#2455,.T.);
#3119=ORIENTED_EDGE('',*,*,#2456,.T.);
#3120=ORIENTED_EDGE('',*,*,#2457,.T.);
#3121=ORIENTED_EDGE('',*,*,#2458,.T.);
#3122=ORIENTED_EDGE('',*,*,#2459,.T.);
#3123=ORIENTED_EDGE('',*,*,#2460,.T.);
#3124=ORIENTED_EDGE('',*,*,#2461,.T.);
#3125=ORIENTED_EDGE('',*,*,#2462,.T.);
#3126=ORIENTED_EDGE('',*,*,#2463,.T.);
#3127=ORIENTED_EDGE('',*,*,#2464,.T.);
#3128=ORIENTED_EDGE('',*,*,#2465,.T.);
#3129=ORIENTED_EDGE('',*,*,#2466,.T.);
#3130=ORIENTED_EDGE('',*,*,#2467,.T.);
#3131=ORIENTED_EDGE('',*,*,#2468,.T.);
#3132=ORIENTED_EDGE('',*,*,#2455,.F.);
#3133=ORIENTED_EDGE('',*,*,#2469,.F.);
#3134=ORIENTED_EDGE('',*,*,#2470,.T.);
#3135=ORIENTED_EDGE('',*,*,#2471,.T.);
#3136=ORIENTED_EDGE('',*,*,#2472,.T.);
#3137=ORIENTED_EDGE('',*,*,#2473,.T.);
#3138=ORIENTED_EDGE('',*,*,#2474,.F.);
#3139=ORIENTED_EDGE('',*,*,#2475,.T.);
#3140=ORIENTED_EDGE('',*,*,#2474,.T.);
#3141=ORIENTED_EDGE('',*,*,#2476,.T.);
#3142=ORIENTED_EDGE('',*,*,#2477,.F.);
#3143=ORIENTED_EDGE('',*,*,#2478,.T.);
#3144=ORIENTED_EDGE('',*,*,#2479,.T.);
#3145=ORIENTED_EDGE('',*,*,#2480,.T.);
#3146=ORIENTED_EDGE('',*,*,#2461,.F.);
#3147=ORIENTED_EDGE('',*,*,#2481,.T.);
#3148=ORIENTED_EDGE('',*,*,#2463,.F.);
#3149=ORIENTED_EDGE('',*,*,#2482,.T.);
#3150=ORIENTED_EDGE('',*,*,#2483,.F.);
#3151=ORIENTED_EDGE('',*,*,#2484,.T.);
#3152=ORIENTED_EDGE('',*,*,#2483,.T.);
#3153=ORIENTED_EDGE('',*,*,#2485,.T.);
#3154=ORIENTED_EDGE('',*,*,#2486,.F.);
#3155=ORIENTED_EDGE('',*,*,#2487,.T.);
#3156=ORIENTED_EDGE('',*,*,#2486,.T.);
#3157=ORIENTED_EDGE('',*,*,#2488,.T.);
#3158=ORIENTED_EDGE('',*,*,#2489,.F.);
#3159=ORIENTED_EDGE('',*,*,#2490,.T.);
#3160=ORIENTED_EDGE('',*,*,#2489,.T.);
#3161=ORIENTED_EDGE('',*,*,#2491,.T.);
#3162=ORIENTED_EDGE('',*,*,#2479,.F.);
#3163=ORIENTED_EDGE('',*,*,#2492,.T.);
#3164=ORIENTED_EDGE('',*,*,#2493,.T.);
#3165=ORIENTED_EDGE('',*,*,#2494,.T.);
#3166=ORIENTED_EDGE('',*,*,#2495,.F.);
#3167=ORIENTED_EDGE('',*,*,#2496,.T.);
#3168=ORIENTED_EDGE('',*,*,#2495,.T.);
#3169=ORIENTED_EDGE('',*,*,#2497,.T.);
#3170=ORIENTED_EDGE('',*,*,#2498,.F.);
#3171=ORIENTED_EDGE('',*,*,#2499,.T.);
#3172=ORIENTED_EDGE('',*,*,#2498,.T.);
#3173=ORIENTED_EDGE('',*,*,#2500,.T.);
#3174=ORIENTED_EDGE('',*,*,#2501,.F.);
#3175=ORIENTED_EDGE('',*,*,#2502,.T.);
#3176=ORIENTED_EDGE('',*,*,#2501,.T.);
#3177=ORIENTED_EDGE('',*,*,#2503,.T.);
#3178=ORIENTED_EDGE('',*,*,#2457,.F.);
#3179=ORIENTED_EDGE('',*,*,#2504,.T.);
#3180=ORIENTED_EDGE('',*,*,#2459,.F.);
#3181=ORIENTED_EDGE('',*,*,#2505,.T.);
#3182=ORIENTED_EDGE('',*,*,#2493,.F.);
#3183=ORIENTED_EDGE('',*,*,#2506,.T.);
#3184=ORIENTED_EDGE('',*,*,#2507,.T.);
#3185=ORIENTED_EDGE('',*,*,#2508,.T.);
#3186=ORIENTED_EDGE('',*,*,#2509,.F.);
#3187=ORIENTED_EDGE('',*,*,#2510,.T.);
#3188=ORIENTED_EDGE('',*,*,#2509,.T.);
#3189=ORIENTED_EDGE('',*,*,#2511,.T.);
#3190=ORIENTED_EDGE('',*,*,#2512,.F.);
#3191=ORIENTED_EDGE('',*,*,#2513,.T.);
#3192=ORIENTED_EDGE('',*,*,#2512,.T.);
#3193=ORIENTED_EDGE('',*,*,#2514,.T.);
#3194=ORIENTED_EDGE('',*,*,#2515,.F.);
#3195=ORIENTED_EDGE('',*,*,#2516,.T.);
#3196=ORIENTED_EDGE('',*,*,#2515,.T.);
#3197=ORIENTED_EDGE('',*,*,#2517,.T.);
#3198=ORIENTED_EDGE('',*,*,#2518,.F.);
#3199=ORIENTED_EDGE('',*,*,#2519,.T.);
#3200=ORIENTED_EDGE('',*,*,#2520,.F.);
#3201=ORIENTED_EDGE('',*,*,#2521,.T.);
#3202=ORIENTED_EDGE('',*,*,#2507,.F.);
#3203=ORIENTED_EDGE('',*,*,#2522,.T.);
#3204=ORIENTED_EDGE('',*,*,#2523,.T.);
#3205=ORIENTED_EDGE('',*,*,#2524,.T.);
#3206=ORIENTED_EDGE('',*,*,#2465,.F.);
#3207=ORIENTED_EDGE('',*,*,#2525,.T.);
#3208=ORIENTED_EDGE('',*,*,#2467,.F.);
#3209=ORIENTED_EDGE('',*,*,#2526,.T.);
#3210=ORIENTED_EDGE('',*,*,#2527,.F.);
#3211=ORIENTED_EDGE('',*,*,#2528,.T.);
#3212=ORIENTED_EDGE('',*,*,#2527,.T.);
#3213=ORIENTED_EDGE('',*,*,#2529,.T.);
#3214=ORIENTED_EDGE('',*,*,#2530,.F.);
#3215=ORIENTED_EDGE('',*,*,#2531,.T.);
#3216=ORIENTED_EDGE('',*,*,#2530,.T.);
#3217=ORIENTED_EDGE('',*,*,#2532,.T.);
#3218=ORIENTED_EDGE('',*,*,#2533,.F.);
#3219=ORIENTED_EDGE('',*,*,#2534,.T.);
#3220=ORIENTED_EDGE('',*,*,#2533,.T.);
#3221=ORIENTED_EDGE('',*,*,#2535,.T.);
#3222=ORIENTED_EDGE('',*,*,#2523,.F.);
#3223=ORIENTED_EDGE('',*,*,#2536,.T.);
#3224=ORIENTED_EDGE('',*,*,#2537,.T.);
#3225=ORIENTED_EDGE('',*,*,#2538,.T.);
#3226=ORIENTED_EDGE('',*,*,#2539,.F.);
#3227=ORIENTED_EDGE('',*,*,#2540,.T.);
#3228=ORIENTED_EDGE('',*,*,#2539,.T.);
#3229=ORIENTED_EDGE('',*,*,#2541,.T.);
#3230=ORIENTED_EDGE('',*,*,#2542,.F.);
#3231=ORIENTED_EDGE('',*,*,#2543,.T.);
#3232=ORIENTED_EDGE('',*,*,#2544,.F.);
#3233=ORIENTED_EDGE('',*,*,#2545,.T.);
#3234=ORIENTED_EDGE('',*,*,#2546,.F.);
#3235=ORIENTED_EDGE('',*,*,#2547,.T.);
#3236=ORIENTED_EDGE('',*,*,#2546,.T.);
#3237=ORIENTED_EDGE('',*,*,#2548,.T.);
#3238=ORIENTED_EDGE('',*,*,#2549,.F.);
#3239=ORIENTED_EDGE('',*,*,#2550,.T.);
#3240=ORIENTED_EDGE('',*,*,#2549,.T.);
#3241=ORIENTED_EDGE('',*,*,#2551,.T.);
#3242=ORIENTED_EDGE('',*,*,#2537,.F.);
#3243=ORIENTED_EDGE('',*,*,#2552,.T.);
#3244=ORIENTED_EDGE('',*,*,#2553,.T.);
#3245=ORIENTED_EDGE('',*,*,#2554,.T.);
#3246=ORIENTED_EDGE('',*,*,#2555,.F.);
#3247=ORIENTED_EDGE('',*,*,#2556,.T.);
#3248=ORIENTED_EDGE('',*,*,#2555,.T.);
#3249=ORIENTED_EDGE('',*,*,#2557,.T.);
#3250=ORIENTED_EDGE('',*,*,#2558,.F.);
#3251=ORIENTED_EDGE('',*,*,#2559,.T.);
#3252=ORIENTED_EDGE('',*,*,#2560,.F.);
#3253=ORIENTED_EDGE('',*,*,#2561,.T.);
#3254=ORIENTED_EDGE('',*,*,#2562,.F.);
#3255=ORIENTED_EDGE('',*,*,#2563,.T.);
#3256=ORIENTED_EDGE('',*,*,#2562,.T.);
#3257=ORIENTED_EDGE('',*,*,#2564,.T.);
#3258=ORIENTED_EDGE('',*,*,#2565,.F.);
#3259=ORIENTED_EDGE('',*,*,#2566,.T.);
#3260=ORIENTED_EDGE('',*,*,#2565,.T.);
#3261=ORIENTED_EDGE('',*,*,#2567,.T.);
#3262=ORIENTED_EDGE('',*,*,#2553,.F.);
#3263=ORIENTED_EDGE('',*,*,#2568,.T.);
#3264=ORIENTED_EDGE('',*,*,#2569,.T.);
#3265=ORIENTED_EDGE('',*,*,#2570,.T.);
#3266=ORIENTED_EDGE('',*,*,#2571,.F.);
#3267=ORIENTED_EDGE('',*,*,#2572,.T.);
#3268=ORIENTED_EDGE('',*,*,#2573,.F.);
#3269=ORIENTED_EDGE('',*,*,#2574,.T.);
#3270=ORIENTED_EDGE('',*,*,#2575,.F.);
#3271=ORIENTED_EDGE('',*,*,#2576,.T.);
#3272=ORIENTED_EDGE('',*,*,#2575,.T.);
#3273=ORIENTED_EDGE('',*,*,#2577,.T.);
#3274=ORIENTED_EDGE('',*,*,#2578,.F.);
#3275=ORIENTED_EDGE('',*,*,#2579,.T.);
#3276=ORIENTED_EDGE('',*,*,#2578,.T.);
#3277=ORIENTED_EDGE('',*,*,#2580,.T.);
#3278=ORIENTED_EDGE('',*,*,#2569,.F.);
#3279=ORIENTED_EDGE('',*,*,#2581,.T.);
#3280=ORIENTED_EDGE('',*,*,#2470,.F.);
#3281=ORIENTED_EDGE('',*,*,#2582,.F.);
#3282=ORIENTED_EDGE('',*,*,#2583,.T.);
#3283=ORIENTED_EDGE('',*,*,#2584,.T.);
#3284=ORIENTED_EDGE('',*,*,#2585,.T.);
#3285=ORIENTED_EDGE('',*,*,#2586,.T.);
#3286=ORIENTED_EDGE('',*,*,#2587,.T.);
#3287=ORIENTED_EDGE('',*,*,#2588,.T.);
#3288=ORIENTED_EDGE('',*,*,#2589,.T.);
#3289=ORIENTED_EDGE('',*,*,#2590,.T.);
#3290=ORIENTED_EDGE('',*,*,#2573,.T.);
#3291=ORIENTED_EDGE('',*,*,#2591,.T.);
#3292=ORIENTED_EDGE('',*,*,#2542,.T.);
#3293=ORIENTED_EDGE('',*,*,#2592,.T.);
#3294=ORIENTED_EDGE('',*,*,#2544,.T.);
#3295=ORIENTED_EDGE('',*,*,#2494,.F.);
#3296=ORIENTED_EDGE('',*,*,#2505,.F.);
#3297=ORIENTED_EDGE('',*,*,#2458,.F.);
#3298=ORIENTED_EDGE('',*,*,#2503,.F.);
#3299=ORIENTED_EDGE('',*,*,#2500,.F.);
#3300=ORIENTED_EDGE('',*,*,#2497,.F.);
#3301=ORIENTED_EDGE('',*,*,#2554,.F.);
#3302=ORIENTED_EDGE('',*,*,#2567,.F.);
#3303=ORIENTED_EDGE('',*,*,#2564,.F.);
#3304=ORIENTED_EDGE('',*,*,#2561,.F.);
#3305=ORIENTED_EDGE('',*,*,#2593,.F.);
#3306=ORIENTED_EDGE('',*,*,#2557,.F.);
#3307=ORIENTED_EDGE('',*,*,#2480,.F.);
#3308=ORIENTED_EDGE('',*,*,#2491,.F.);
#3309=ORIENTED_EDGE('',*,*,#2488,.F.);
#3310=ORIENTED_EDGE('',*,*,#2485,.F.);
#3311=ORIENTED_EDGE('',*,*,#2482,.F.);
#3312=ORIENTED_EDGE('',*,*,#2462,.F.);
#3313=ORIENTED_EDGE('',*,*,#2570,.F.);
#3314=ORIENTED_EDGE('',*,*,#2580,.F.);
#3315=ORIENTED_EDGE('',*,*,#2577,.F.);
#3316=ORIENTED_EDGE('',*,*,#2574,.F.);
#3317=ORIENTED_EDGE('',*,*,#2590,.F.);
#3318=ORIENTED_EDGE('',*,*,#2594,.F.);
#3319=ORIENTED_EDGE('',*,*,#2595,.F.);
#3320=ORIENTED_EDGE('',*,*,#2596,.F.);
#3321=ORIENTED_EDGE('',*,*,#2476,.F.);
#3322=ORIENTED_EDGE('',*,*,#2473,.F.);
#3323=ORIENTED_EDGE('',*,*,#2597,.F.);
#3324=ORIENTED_EDGE('',*,*,#2598,.F.);
#3325=ORIENTED_EDGE('',*,*,#2599,.F.);
#3326=ORIENTED_EDGE('',*,*,#2600,.F.);
#3327=ORIENTED_EDGE('',*,*,#2601,.F.);
#3328=ORIENTED_EDGE('',*,*,#2586,.F.);
#3329=ORIENTED_EDGE('',*,*,#2602,.F.);
#3330=ORIENTED_EDGE('',*,*,#2538,.F.);
#3331=ORIENTED_EDGE('',*,*,#2551,.F.);
#3332=ORIENTED_EDGE('',*,*,#2548,.F.);
#3333=ORIENTED_EDGE('',*,*,#2545,.F.);
#3334=ORIENTED_EDGE('',*,*,#2592,.F.);
#3335=ORIENTED_EDGE('',*,*,#2541,.F.);
#3336=ORIENTED_EDGE('',*,*,#2524,.F.);
#3337=ORIENTED_EDGE('',*,*,#2535,.F.);
#3338=ORIENTED_EDGE('',*,*,#2532,.F.);
#3339=ORIENTED_EDGE('',*,*,#2529,.F.);
#3340=ORIENTED_EDGE('',*,*,#2526,.F.);
#3341=ORIENTED_EDGE('',*,*,#2466,.F.);
#3342=ORIENTED_EDGE('',*,*,#2508,.F.);
#3343=ORIENTED_EDGE('',*,*,#2521,.F.);
#3344=ORIENTED_EDGE('',*,*,#2603,.F.);
#3345=ORIENTED_EDGE('',*,*,#2517,.F.);
#3346=ORIENTED_EDGE('',*,*,#2514,.F.);
#3347=ORIENTED_EDGE('',*,*,#2511,.F.);
#3348=ORIENTED_EDGE('',*,*,#2604,.T.);
#3349=ORIENTED_EDGE('',*,*,#2605,.F.);
#3350=ORIENTED_EDGE('',*,*,#2606,.T.);
#3351=ORIENTED_EDGE('',*,*,#2607,.T.);
#3352=ORIENTED_EDGE('',*,*,#2608,.F.);
#3353=ORIENTED_EDGE('',*,*,#2609,.T.);
#3354=ORIENTED_EDGE('',*,*,#2606,.F.);
#3355=ORIENTED_EDGE('',*,*,#2610,.T.);
#3356=ORIENTED_EDGE('',*,*,#2611,.T.);
#3357=ORIENTED_EDGE('',*,*,#2612,.T.);
#3358=ORIENTED_EDGE('',*,*,#2571,.T.);
#3359=ORIENTED_EDGE('',*,*,#2594,.T.);
#3360=ORIENTED_EDGE('',*,*,#2589,.F.);
#3361=ORIENTED_EDGE('',*,*,#2613,.T.);
#3362=ORIENTED_EDGE('',*,*,#2587,.F.);
#3363=ORIENTED_EDGE('',*,*,#2601,.T.);
#3364=ORIENTED_EDGE('',*,*,#2614,.F.);
#3365=ORIENTED_EDGE('',*,*,#2615,.T.);
#3366=ORIENTED_EDGE('',*,*,#2614,.T.);
#3367=ORIENTED_EDGE('',*,*,#2600,.T.);
#3368=ORIENTED_EDGE('',*,*,#2616,.F.);
#3369=ORIENTED_EDGE('',*,*,#2617,.T.);
#3370=ORIENTED_EDGE('',*,*,#2616,.T.);
#3371=ORIENTED_EDGE('',*,*,#2599,.T.);
#3372=ORIENTED_EDGE('',*,*,#2618,.F.);
#3373=ORIENTED_EDGE('',*,*,#2619,.T.);
#3374=ORIENTED_EDGE('',*,*,#2618,.T.);
#3375=ORIENTED_EDGE('',*,*,#2598,.T.);
#3376=ORIENTED_EDGE('',*,*,#2620,.F.);
#3377=ORIENTED_EDGE('',*,*,#2621,.T.);
#3378=ORIENTED_EDGE('',*,*,#2620,.T.);
#3379=ORIENTED_EDGE('',*,*,#2602,.T.);
#3380=ORIENTED_EDGE('',*,*,#2585,.F.);
#3381=ORIENTED_EDGE('',*,*,#2622,.T.);
#3382=ORIENTED_EDGE('',*,*,#2583,.F.);
#3383=ORIENTED_EDGE('',*,*,#2623,.F.);
#3384=ORIENTED_EDGE('',*,*,#2624,.T.);
#3385=ORIENTED_EDGE('',*,*,#2625,.T.);
#3386=ORIENTED_EDGE('',*,*,#2624,.F.);
#3387=ORIENTED_EDGE('',*,*,#2626,.F.);
#3388=ORIENTED_EDGE('',*,*,#2627,.T.);
#3389=ORIENTED_EDGE('',*,*,#2628,.F.);
#3390=ORIENTED_EDGE('',*,*,#2629,.T.);
#3391=ORIENTED_EDGE('',*,*,#2627,.F.);
#3392=ORIENTED_EDGE('',*,*,#2630,.F.);
#3393=ORIENTED_EDGE('',*,*,#2631,.F.);
#3394=ORIENTED_EDGE('',*,*,#2597,.T.);
#3395=ORIENTED_EDGE('',*,*,#2472,.F.);
#3396=ORIENTED_EDGE('',*,*,#2632,.T.);
#3397=ORIENTED_EDGE('',*,*,#2633,.T.);
#3398=ORIENTED_EDGE('',*,*,#2608,.T.);
#3399=ORIENTED_EDGE('',*,*,#2634,.T.);
#3400=ORIENTED_EDGE('',*,*,#2635,.F.);
#3401=ORIENTED_EDGE('',*,*,#2636,.F.);
#3402=ORIENTED_EDGE('',*,*,#2637,.T.);
#3403=ORIENTED_EDGE('',*,*,#2638,.F.);
#3404=ORIENTED_EDGE('',*,*,#2639,.F.);
#3405=ORIENTED_EDGE('',*,*,#2640,.F.);
#3406=ORIENTED_EDGE('',*,*,#2639,.T.);
#3407=ORIENTED_EDGE('',*,*,#2641,.F.);
#3408=ORIENTED_EDGE('',*,*,#2642,.F.);
#3409=ORIENTED_EDGE('',*,*,#2643,.F.);
#3410=ORIENTED_EDGE('',*,*,#2644,.T.);
#3411=ORIENTED_EDGE('',*,*,#2645,.F.);
#3412=ORIENTED_EDGE('',*,*,#2646,.F.);
#3413=ORIENTED_EDGE('',*,*,#2647,.F.);
#3414=ORIENTED_EDGE('',*,*,#2642,.T.);
#3415=ORIENTED_EDGE('',*,*,#2648,.F.);
#3416=ORIENTED_EDGE('',*,*,#2644,.F.);
#3417=ORIENTED_EDGE('',*,*,#2649,.T.);
#3418=ORIENTED_EDGE('',*,*,#2650,.F.);
#3419=ORIENTED_EDGE('',*,*,#2646,.T.);
#3420=ORIENTED_EDGE('',*,*,#2651,.F.);
#3421=ORIENTED_EDGE('',*,*,#2652,.F.);
#3422=ORIENTED_EDGE('',*,*,#2653,.F.);
#3423=ORIENTED_EDGE('',*,*,#2652,.T.);
#3424=ORIENTED_EDGE('',*,*,#2654,.F.);
#3425=ORIENTED_EDGE('',*,*,#2655,.F.);
#3426=ORIENTED_EDGE('',*,*,#2656,.F.);
#3427=ORIENTED_EDGE('',*,*,#2655,.T.);
#3428=ORIENTED_EDGE('',*,*,#2657,.F.);
#3429=ORIENTED_EDGE('',*,*,#2658,.F.);
#3430=ORIENTED_EDGE('',*,*,#2659,.F.);
#3431=ORIENTED_EDGE('',*,*,#2658,.T.);
#3432=ORIENTED_EDGE('',*,*,#2660,.F.);
#3433=ORIENTED_EDGE('',*,*,#2637,.F.);
#3434=ORIENTED_EDGE('',*,*,#2661,.F.);
#3435=ORIENTED_EDGE('',*,*,#2662,.T.);
#3436=ORIENTED_EDGE('',*,*,#2663,.F.);
#3437=ORIENTED_EDGE('',*,*,#2643,.T.);
#3438=ORIENTED_EDGE('',*,*,#2663,.T.);
#3439=ORIENTED_EDGE('',*,*,#2664,.T.);
#3440=ORIENTED_EDGE('',*,*,#2665,.F.);
#3441=ORIENTED_EDGE('',*,*,#2647,.T.);
#3442=ORIENTED_EDGE('',*,*,#2665,.T.);
#3443=ORIENTED_EDGE('',*,*,#2666,.T.);
#3444=ORIENTED_EDGE('',*,*,#2667,.F.);
#3445=ORIENTED_EDGE('',*,*,#2640,.T.);
#3446=ORIENTED_EDGE('',*,*,#2667,.T.);
#3447=ORIENTED_EDGE('',*,*,#2668,.T.);
#3448=ORIENTED_EDGE('',*,*,#2669,.F.);
#3449=ORIENTED_EDGE('',*,*,#2636,.T.);
#3450=ORIENTED_EDGE('',*,*,#2669,.T.);
#3451=ORIENTED_EDGE('',*,*,#2670,.T.);
#3452=ORIENTED_EDGE('',*,*,#2671,.F.);
#3453=ORIENTED_EDGE('',*,*,#2659,.T.);
#3454=ORIENTED_EDGE('',*,*,#2671,.T.);
#3455=ORIENTED_EDGE('',*,*,#2672,.T.);
#3456=ORIENTED_EDGE('',*,*,#2673,.F.);
#3457=ORIENTED_EDGE('',*,*,#2656,.T.);
#3458=ORIENTED_EDGE('',*,*,#2673,.T.);
#3459=ORIENTED_EDGE('',*,*,#2674,.T.);
#3460=ORIENTED_EDGE('',*,*,#2675,.F.);
#3461=ORIENTED_EDGE('',*,*,#2653,.T.);
#3462=ORIENTED_EDGE('',*,*,#2675,.T.);
#3463=ORIENTED_EDGE('',*,*,#2676,.T.);
#3464=ORIENTED_EDGE('',*,*,#2661,.T.);
#3465=ORIENTED_EDGE('',*,*,#2650,.T.);
#3466=ORIENTED_EDGE('',*,*,#2677,.F.);
#3467=ORIENTED_EDGE('',*,*,#2678,.T.);
#3468=ORIENTED_EDGE('',*,*,#2679,.T.);
#3469=ORIENTED_EDGE('',*,*,#2678,.F.);
#3470=ORIENTED_EDGE('',*,*,#2680,.F.);
#3471=ORIENTED_EDGE('',*,*,#2681,.T.);
#3472=ORIENTED_EDGE('',*,*,#2682,.T.);
#3473=ORIENTED_EDGE('',*,*,#2681,.F.);
#3474=ORIENTED_EDGE('',*,*,#2683,.F.);
#3475=ORIENTED_EDGE('',*,*,#2684,.T.);
#3476=ORIENTED_EDGE('',*,*,#2685,.T.);
#3477=ORIENTED_EDGE('',*,*,#2684,.F.);
#3478=ORIENTED_EDGE('',*,*,#2686,.F.);
#3479=ORIENTED_EDGE('',*,*,#2687,.T.);
#3480=ORIENTED_EDGE('',*,*,#2688,.T.);
#3481=ORIENTED_EDGE('',*,*,#2687,.F.);
#3482=ORIENTED_EDGE('',*,*,#2689,.F.);
#3483=ORIENTED_EDGE('',*,*,#2690,.T.);
#3484=ORIENTED_EDGE('',*,*,#2691,.T.);
#3485=ORIENTED_EDGE('',*,*,#2690,.F.);
#3486=ORIENTED_EDGE('',*,*,#2692,.F.);
#3487=ORIENTED_EDGE('',*,*,#2693,.T.);
#3488=ORIENTED_EDGE('',*,*,#2694,.T.);
#3489=ORIENTED_EDGE('',*,*,#2693,.F.);
#3490=ORIENTED_EDGE('',*,*,#2695,.F.);
#3491=ORIENTED_EDGE('',*,*,#2696,.T.);
#3492=ORIENTED_EDGE('',*,*,#2697,.T.);
#3493=ORIENTED_EDGE('',*,*,#2696,.F.);
#3494=ORIENTED_EDGE('',*,*,#2698,.F.);
#3495=ORIENTED_EDGE('',*,*,#2699,.T.);
#3496=ORIENTED_EDGE('',*,*,#2700,.T.);
#3497=ORIENTED_EDGE('',*,*,#2699,.F.);
#3498=ORIENTED_EDGE('',*,*,#2701,.F.);
#3499=ORIENTED_EDGE('',*,*,#2702,.T.);
#3500=ORIENTED_EDGE('',*,*,#2703,.T.);
#3501=ORIENTED_EDGE('',*,*,#2702,.F.);
#3502=ORIENTED_EDGE('',*,*,#2704,.F.);
#3503=ORIENTED_EDGE('',*,*,#2697,.F.);
#3504=ORIENTED_EDGE('',*,*,#2705,.F.);
#3505=ORIENTED_EDGE('',*,*,#2706,.T.);
#3506=ORIENTED_EDGE('',*,*,#2704,.T.);
#3507=ORIENTED_EDGE('',*,*,#2706,.F.);
#3508=ORIENTED_EDGE('',*,*,#2707,.F.);
#3509=ORIENTED_EDGE('',*,*,#2694,.F.);
#3510=ORIENTED_EDGE('',*,*,#2708,.F.);
#3511=ORIENTED_EDGE('',*,*,#2709,.T.);
#3512=ORIENTED_EDGE('',*,*,#2707,.T.);
#3513=ORIENTED_EDGE('',*,*,#2709,.F.);
#3514=ORIENTED_EDGE('',*,*,#2710,.F.);
#3515=ORIENTED_EDGE('',*,*,#2703,.F.);
#3516=ORIENTED_EDGE('',*,*,#2711,.F.);
#3517=ORIENTED_EDGE('',*,*,#2712,.T.);
#3518=ORIENTED_EDGE('',*,*,#2710,.T.);
#3519=ORIENTED_EDGE('',*,*,#2712,.F.);
#3520=ORIENTED_EDGE('',*,*,#2713,.F.);
#3521=ORIENTED_EDGE('',*,*,#2700,.F.);
#3522=ORIENTED_EDGE('',*,*,#2714,.F.);
#3523=ORIENTED_EDGE('',*,*,#2715,.T.);
#3524=ORIENTED_EDGE('',*,*,#2713,.T.);
#3525=ORIENTED_EDGE('',*,*,#2715,.F.);
#3526=ORIENTED_EDGE('',*,*,#2716,.F.);
#3527=ORIENTED_EDGE('',*,*,#2682,.F.);
#3528=ORIENTED_EDGE('',*,*,#2717,.F.);
#3529=ORIENTED_EDGE('',*,*,#2718,.T.);
#3530=ORIENTED_EDGE('',*,*,#2716,.T.);
#3531=ORIENTED_EDGE('',*,*,#2718,.F.);
#3532=ORIENTED_EDGE('',*,*,#2719,.F.);
#3533=ORIENTED_EDGE('',*,*,#2679,.F.);
#3534=ORIENTED_EDGE('',*,*,#2720,.F.);
#3535=ORIENTED_EDGE('',*,*,#2721,.T.);
#3536=ORIENTED_EDGE('',*,*,#2719,.T.);
#3537=ORIENTED_EDGE('',*,*,#2721,.F.);
#3538=ORIENTED_EDGE('',*,*,#2722,.F.);
#3539=ORIENTED_EDGE('',*,*,#2691,.F.);
#3540=ORIENTED_EDGE('',*,*,#2723,.F.);
#3541=ORIENTED_EDGE('',*,*,#2724,.T.);
#3542=ORIENTED_EDGE('',*,*,#2722,.T.);
#3543=ORIENTED_EDGE('',*,*,#2724,.F.);
#3544=ORIENTED_EDGE('',*,*,#2725,.F.);
#3545=ORIENTED_EDGE('',*,*,#2688,.F.);
#3546=ORIENTED_EDGE('',*,*,#2726,.F.);
#3547=ORIENTED_EDGE('',*,*,#2727,.T.);
#3548=ORIENTED_EDGE('',*,*,#2725,.T.);
#3549=ORIENTED_EDGE('',*,*,#2727,.F.);
#3550=ORIENTED_EDGE('',*,*,#2728,.F.);
#3551=ORIENTED_EDGE('',*,*,#2685,.F.);
#3552=ORIENTED_EDGE('',*,*,#2729,.F.);
#3553=ORIENTED_EDGE('',*,*,#2730,.T.);
#3554=ORIENTED_EDGE('',*,*,#2728,.T.);
#3555=ORIENTED_EDGE('',*,*,#2730,.F.);
#3556=ORIENTED_EDGE('',*,*,#2731,.F.);
#3557=ORIENTED_EDGE('',*,*,#2732,.T.);
#3558=ORIENTED_EDGE('',*,*,#2733,.T.);
#3559=ORIENTED_EDGE('',*,*,#2732,.F.);
#3560=ORIENTED_EDGE('',*,*,#2734,.F.);
#3561=ORIENTED_EDGE('',*,*,#2735,.T.);
#3562=ORIENTED_EDGE('',*,*,#2736,.T.);
#3563=ORIENTED_EDGE('',*,*,#2735,.F.);
#3564=ORIENTED_EDGE('',*,*,#2737,.F.);
#3565=ORIENTED_EDGE('',*,*,#2738,.T.);
#3566=ORIENTED_EDGE('',*,*,#2739,.T.);
#3567=ORIENTED_EDGE('',*,*,#2738,.F.);
#3568=ORIENTED_EDGE('',*,*,#2740,.F.);
#3569=ORIENTED_EDGE('',*,*,#2741,.T.);
#3570=ORIENTED_EDGE('',*,*,#2742,.T.);
#3571=ORIENTED_EDGE('',*,*,#2741,.F.);
#3572=ORIENTED_EDGE('',*,*,#2743,.F.);
#3573=ORIENTED_EDGE('',*,*,#2744,.T.);
#3574=ORIENTED_EDGE('',*,*,#2745,.T.);
#3575=ORIENTED_EDGE('',*,*,#2744,.F.);
#3576=ORIENTED_EDGE('',*,*,#2746,.F.);
#3577=ORIENTED_EDGE('',*,*,#2747,.T.);
#3578=ORIENTED_EDGE('',*,*,#2748,.T.);
#3579=ORIENTED_EDGE('',*,*,#2747,.F.);
#3580=ORIENTED_EDGE('',*,*,#2749,.F.);
#3581=ORIENTED_EDGE('',*,*,#2750,.T.);
#3582=ORIENTED_EDGE('',*,*,#2751,.T.);
#3583=ORIENTED_EDGE('',*,*,#2750,.F.);
#3584=ORIENTED_EDGE('',*,*,#2752,.F.);
#3585=ORIENTED_EDGE('',*,*,#2753,.T.);
#3586=ORIENTED_EDGE('',*,*,#2754,.T.);
#3587=ORIENTED_EDGE('',*,*,#2753,.F.);
#3588=ORIENTED_EDGE('',*,*,#2755,.F.);
#3589=ORIENTED_EDGE('',*,*,#2756,.F.);
#3590=ORIENTED_EDGE('',*,*,#2450,.T.);
#3591=ORIENTED_EDGE('',*,*,#2757,.T.);
#3592=ORIENTED_EDGE('',*,*,#2558,.T.);
#3593=ORIENTED_EDGE('',*,*,#2593,.T.);
#3594=ORIENTED_EDGE('',*,*,#2560,.T.);
#3595=ORIENTED_EDGE('',*,*,#2758,.T.);
#3596=ORIENTED_EDGE('',*,*,#2518,.T.);
#3597=ORIENTED_EDGE('',*,*,#2603,.T.);
#3598=ORIENTED_EDGE('',*,*,#2520,.T.);
#3599=ORIENTED_EDGE('',*,*,#2759,.T.);
#3600=ORIENTED_EDGE('',*,*,#2477,.T.);
#3601=ORIENTED_EDGE('',*,*,#2596,.T.);
#3602=ORIENTED_EDGE('',*,*,#2760,.F.);
#3603=ORIENTED_EDGE('',*,*,#2761,.F.);
#3604=ORIENTED_EDGE('',*,*,#2762,.T.);
#3605=ORIENTED_EDGE('',*,*,#2763,.T.);
#3606=ORIENTED_EDGE('',*,*,#2762,.F.);
#3607=ORIENTED_EDGE('',*,*,#2764,.T.);
#3608=ORIENTED_EDGE('',*,*,#2765,.F.);
#3609=ORIENTED_EDGE('',*,*,#2764,.F.);
#3610=ORIENTED_EDGE('',*,*,#2763,.F.);
#3611=ORIENTED_EDGE('',*,*,#2766,.T.);
#3612=ORIENTED_EDGE('',*,*,#2649,.F.);
#3613=ORIENTED_EDGE('',*,*,#2766,.F.);
#3614=ORIENTED_EDGE('',*,*,#2767,.T.);
#3615=ORIENTED_EDGE('',*,*,#2768,.T.);
#3616=ORIENTED_EDGE('',*,*,#2769,.T.);
#3617=ORIENTED_EDGE('',*,*,#2770,.T.);
#3618=ORIENTED_EDGE('',*,*,#2769,.F.);
#3619=ORIENTED_EDGE('',*,*,#2771,.T.);
#3620=ORIENTED_EDGE('',*,*,#2772,.F.);
#3621=ORIENTED_EDGE('',*,*,#2771,.F.);
#3622=ORIENTED_EDGE('',*,*,#2770,.F.);
#3623=ORIENTED_EDGE('',*,*,#2773,.T.);
#3624=ORIENTED_EDGE('',*,*,#2767,.F.);
#3625=ORIENTED_EDGE('',*,*,#2773,.F.);
#3626=ORIENTED_EDGE('',*,*,#2774,.T.);
#3627=ORIENTED_EDGE('',*,*,#2775,.T.);
#3628=ORIENTED_EDGE('',*,*,#2774,.F.);
#3629=ORIENTED_EDGE('',*,*,#2776,.T.);
#3630=ORIENTED_EDGE('',*,*,#2777,.F.);
#3631=ORIENTED_EDGE('',*,*,#2776,.F.);
#3632=ORIENTED_EDGE('',*,*,#2775,.F.);
#3633=ORIENTED_EDGE('',*,*,#2778,.T.);
#3634=ORIENTED_EDGE('',*,*,#2768,.F.);
#3635=ORIENTED_EDGE('',*,*,#2778,.F.);
#3636=ORIENTED_EDGE('',*,*,#2779,.T.);
#3637=ORIENTED_EDGE('',*,*,#2780,.T.);
#3638=ORIENTED_EDGE('',*,*,#2781,.T.);
#3639=ORIENTED_EDGE('',*,*,#2780,.F.);
#3640=ORIENTED_EDGE('',*,*,#2782,.T.);
#3641=ORIENTED_EDGE('',*,*,#2783,.F.);
#3642=ORIENTED_EDGE('',*,*,#2782,.F.);
#3643=ORIENTED_EDGE('',*,*,#2781,.F.);
#3644=ORIENTED_EDGE('',*,*,#2784,.T.);
#3645=ORIENTED_EDGE('',*,*,#2779,.F.);
#3646=ORIENTED_EDGE('',*,*,#2784,.F.);
#3647=ORIENTED_EDGE('',*,*,#2785,.T.);
#3648=ORIENTED_EDGE('',*,*,#2786,.T.);
#3649=ORIENTED_EDGE('',*,*,#2787,.T.);
#3650=ORIENTED_EDGE('',*,*,#2788,.T.);
#3651=ORIENTED_EDGE('',*,*,#2787,.F.);
#3652=ORIENTED_EDGE('',*,*,#2789,.T.);
#3653=ORIENTED_EDGE('',*,*,#2790,.F.);
#3654=ORIENTED_EDGE('',*,*,#2789,.F.);
#3655=ORIENTED_EDGE('',*,*,#2788,.F.);
#3656=ORIENTED_EDGE('',*,*,#2791,.T.);
#3657=ORIENTED_EDGE('',*,*,#2785,.F.);
#3658=ORIENTED_EDGE('',*,*,#2791,.F.);
#3659=ORIENTED_EDGE('',*,*,#2792,.T.);
#3660=ORIENTED_EDGE('',*,*,#2793,.T.);
#3661=ORIENTED_EDGE('',*,*,#2794,.T.);
#3662=ORIENTED_EDGE('',*,*,#2793,.F.);
#3663=ORIENTED_EDGE('',*,*,#2795,.T.);
#3664=ORIENTED_EDGE('',*,*,#2796,.F.);
#3665=ORIENTED_EDGE('',*,*,#2795,.F.);
#3666=ORIENTED_EDGE('',*,*,#2794,.F.);
#3667=ORIENTED_EDGE('',*,*,#2797,.T.);
#3668=ORIENTED_EDGE('',*,*,#2786,.F.);
#3669=ORIENTED_EDGE('',*,*,#2797,.F.);
#3670=ORIENTED_EDGE('',*,*,#2798,.T.);
#3671=ORIENTED_EDGE('',*,*,#2799,.T.);
#3672=ORIENTED_EDGE('',*,*,#2798,.F.);
#3673=ORIENTED_EDGE('',*,*,#2800,.T.);
#3674=ORIENTED_EDGE('',*,*,#2801,.F.);
#3675=ORIENTED_EDGE('',*,*,#2800,.F.);
#3676=ORIENTED_EDGE('',*,*,#2799,.F.);
#3677=ORIENTED_EDGE('',*,*,#2802,.T.);
#3678=ORIENTED_EDGE('',*,*,#2792,.F.);
#3679=ORIENTED_EDGE('',*,*,#2802,.F.);
#3680=ORIENTED_EDGE('',*,*,#2803,.T.);
#3681=ORIENTED_EDGE('',*,*,#2804,.F.);
#3682=ORIENTED_EDGE('',*,*,#2630,.T.);
#3683=ORIENTED_EDGE('',*,*,#2626,.T.);
#3684=ORIENTED_EDGE('',*,*,#2623,.T.);
#3685=ORIENTED_EDGE('',*,*,#2582,.T.);
#3686=ORIENTED_EDGE('',*,*,#2469,.T.);
#3687=ORIENTED_EDGE('',*,*,#2454,.T.);
#3688=ORIENTED_EDGE('',*,*,#2451,.T.);
#3689=ORIENTED_EDGE('',*,*,#2756,.T.);
#3690=ORIENTED_EDGE('',*,*,#2805,.T.);
#3691=ORIENTED_EDGE('',*,*,#2806,.T.);
#3692=ORIENTED_EDGE('',*,*,#2807,.T.);
#3693=ORIENTED_EDGE('',*,*,#2808,.T.);
#3694=ORIENTED_EDGE('',*,*,#2809,.T.);
#3695=ORIENTED_EDGE('',*,*,#2810,.T.);
#3696=ORIENTED_EDGE('',*,*,#2811,.T.);
#3697=ORIENTED_EDGE('',*,*,#2812,.T.);
#3698=ORIENTED_EDGE('',*,*,#2796,.T.);
#3699=ORIENTED_EDGE('',*,*,#2772,.T.);
#3700=ORIENTED_EDGE('',*,*,#2765,.T.);
#3701=ORIENTED_EDGE('',*,*,#2672,.F.);
#3702=ORIENTED_EDGE('',*,*,#2670,.F.);
#3703=ORIENTED_EDGE('',*,*,#2668,.F.);
#3704=ORIENTED_EDGE('',*,*,#2666,.F.);
#3705=ORIENTED_EDGE('',*,*,#2664,.F.);
#3706=ORIENTED_EDGE('',*,*,#2662,.F.);
#3707=ORIENTED_EDGE('',*,*,#2676,.F.);
#3708=ORIENTED_EDGE('',*,*,#2674,.F.);
#3709=ORIENTED_EDGE('',*,*,#2777,.T.);
#3710=ORIENTED_EDGE('',*,*,#2783,.T.);
#3711=ORIENTED_EDGE('',*,*,#2790,.T.);
#3712=ORIENTED_EDGE('',*,*,#2801,.T.);
#3713=ORIENTED_EDGE('',*,*,#2813,.T.);
#3714=ORIENTED_EDGE('',*,*,#2814,.T.);
#3715=ORIENTED_EDGE('',*,*,#2815,.T.);
#3716=ORIENTED_EDGE('',*,*,#2814,.F.);
#3717=ORIENTED_EDGE('',*,*,#2816,.T.);
#3718=ORIENTED_EDGE('',*,*,#2813,.F.);
#3719=ORIENTED_EDGE('',*,*,#2816,.F.);
#3720=ORIENTED_EDGE('',*,*,#2815,.F.);
#3721=ORIENTED_EDGE('',*,*,#2817,.T.);
#3722=ORIENTED_EDGE('',*,*,#2803,.F.);
#3723=ORIENTED_EDGE('',*,*,#2817,.F.);
#3724=ORIENTED_EDGE('',*,*,#2818,.F.);
#3725=ORIENTED_EDGE('',*,*,#2745,.F.);
#3726=ORIENTED_EDGE('',*,*,#2812,.F.);
#3727=ORIENTED_EDGE('',*,*,#2819,.T.);
#3728=ORIENTED_EDGE('',*,*,#2818,.T.);
#3729=ORIENTED_EDGE('',*,*,#2819,.F.);
#3730=ORIENTED_EDGE('',*,*,#2820,.F.);
#3731=ORIENTED_EDGE('',*,*,#2748,.F.);
#3732=ORIENTED_EDGE('',*,*,#2811,.F.);
#3733=ORIENTED_EDGE('',*,*,#2821,.T.);
#3734=ORIENTED_EDGE('',*,*,#2820,.T.);
#3735=ORIENTED_EDGE('',*,*,#2821,.F.);
#3736=ORIENTED_EDGE('',*,*,#2822,.F.);
#3737=ORIENTED_EDGE('',*,*,#2751,.F.);
#3738=ORIENTED_EDGE('',*,*,#2810,.F.);
#3739=ORIENTED_EDGE('',*,*,#2823,.T.);
#3740=ORIENTED_EDGE('',*,*,#2822,.T.);
#3741=ORIENTED_EDGE('',*,*,#2823,.F.);
#3742=ORIENTED_EDGE('',*,*,#2824,.F.);
#3743=ORIENTED_EDGE('',*,*,#2754,.F.);
#3744=ORIENTED_EDGE('',*,*,#2809,.F.);
#3745=ORIENTED_EDGE('',*,*,#2825,.T.);
#3746=ORIENTED_EDGE('',*,*,#2824,.T.);
#3747=ORIENTED_EDGE('',*,*,#2825,.F.);
#3748=ORIENTED_EDGE('',*,*,#2826,.F.);
#3749=ORIENTED_EDGE('',*,*,#2733,.F.);
#3750=ORIENTED_EDGE('',*,*,#2808,.F.);
#3751=ORIENTED_EDGE('',*,*,#2827,.T.);
#3752=ORIENTED_EDGE('',*,*,#2826,.T.);
#3753=ORIENTED_EDGE('',*,*,#2827,.F.);
#3754=ORIENTED_EDGE('',*,*,#2828,.F.);
#3755=ORIENTED_EDGE('',*,*,#2736,.F.);
#3756=ORIENTED_EDGE('',*,*,#2807,.F.);
#3757=ORIENTED_EDGE('',*,*,#2829,.T.);
#3758=ORIENTED_EDGE('',*,*,#2828,.T.);
#3759=ORIENTED_EDGE('',*,*,#2829,.F.);
#3760=ORIENTED_EDGE('',*,*,#2830,.F.);
#3761=ORIENTED_EDGE('',*,*,#2739,.F.);
#3762=ORIENTED_EDGE('',*,*,#2806,.F.);
#3763=ORIENTED_EDGE('',*,*,#2831,.T.);
#3764=ORIENTED_EDGE('',*,*,#2830,.T.);
#3765=ORIENTED_EDGE('',*,*,#2831,.F.);
#3766=ORIENTED_EDGE('',*,*,#2832,.F.);
#3767=ORIENTED_EDGE('',*,*,#2742,.F.);
#3768=ORIENTED_EDGE('',*,*,#2805,.F.);
#3769=ORIENTED_EDGE('',*,*,#2833,.T.);
#3770=ORIENTED_EDGE('',*,*,#2832,.T.);
#3771=ORIENTED_EDGE('',*,*,#2833,.F.);
#3772=ORIENTED_EDGE('',*,*,#2834,.F.);
#3773=ORIENTED_EDGE('',*,*,#2835,.F.);
#3774=ORIENTED_EDGE('',*,*,#2634,.F.);
#3775=ORIENTED_EDGE('',*,*,#2607,.F.);
#3776=ORIENTED_EDGE('',*,*,#2609,.F.);
#3777=ORIENTED_EDGE('',*,*,#2836,.F.);
#3778=ORIENTED_EDGE('',*,*,#2837,.F.);
#3779=ORIENTED_EDGE('',*,*,#2632,.F.);
#3780=ORIENTED_EDGE('',*,*,#2471,.F.);
#3781=ORIENTED_EDGE('',*,*,#2475,.F.);
#3782=ORIENTED_EDGE('',*,*,#2759,.F.);
#3783=ORIENTED_EDGE('',*,*,#2519,.F.);
#3784=ORIENTED_EDGE('',*,*,#2506,.F.);
#3785=ORIENTED_EDGE('',*,*,#2510,.F.);
#3786=ORIENTED_EDGE('',*,*,#2513,.F.);
#3787=ORIENTED_EDGE('',*,*,#2516,.F.);
#3788=ORIENTED_EDGE('',*,*,#2758,.F.);
#3789=ORIENTED_EDGE('',*,*,#2559,.F.);
#3790=ORIENTED_EDGE('',*,*,#2563,.F.);
#3791=ORIENTED_EDGE('',*,*,#2566,.F.);
#3792=ORIENTED_EDGE('',*,*,#2552,.F.);
#3793=ORIENTED_EDGE('',*,*,#2556,.F.);
#3794=ORIENTED_EDGE('',*,*,#2757,.F.);
#3795=ORIENTED_EDGE('',*,*,#2449,.F.);
#3796=ORIENTED_EDGE('',*,*,#2453,.F.);
#3797=ORIENTED_EDGE('',*,*,#2525,.F.);
#3798=ORIENTED_EDGE('',*,*,#2528,.F.);
#3799=ORIENTED_EDGE('',*,*,#2531,.F.);
#3800=ORIENTED_EDGE('',*,*,#2534,.F.);
#3801=ORIENTED_EDGE('',*,*,#2522,.F.);
#3802=ORIENTED_EDGE('',*,*,#2464,.F.);
#3803=ORIENTED_EDGE('',*,*,#2481,.F.);
#3804=ORIENTED_EDGE('',*,*,#2484,.F.);
#3805=ORIENTED_EDGE('',*,*,#2487,.F.);
#3806=ORIENTED_EDGE('',*,*,#2490,.F.);
#3807=ORIENTED_EDGE('',*,*,#2478,.F.);
#3808=ORIENTED_EDGE('',*,*,#2460,.F.);
#3809=ORIENTED_EDGE('',*,*,#2504,.F.);
#3810=ORIENTED_EDGE('',*,*,#2492,.F.);
#3811=ORIENTED_EDGE('',*,*,#2496,.F.);
#3812=ORIENTED_EDGE('',*,*,#2499,.F.);
#3813=ORIENTED_EDGE('',*,*,#2502,.F.);
#3814=ORIENTED_EDGE('',*,*,#2456,.F.);
#3815=ORIENTED_EDGE('',*,*,#2468,.F.);
#3816=ORIENTED_EDGE('',*,*,#2581,.F.);
#3817=ORIENTED_EDGE('',*,*,#2543,.F.);
#3818=ORIENTED_EDGE('',*,*,#2547,.F.);
#3819=ORIENTED_EDGE('',*,*,#2550,.F.);
#3820=ORIENTED_EDGE('',*,*,#2536,.F.);
#3821=ORIENTED_EDGE('',*,*,#2540,.F.);
#3822=ORIENTED_EDGE('',*,*,#2591,.F.);
#3823=ORIENTED_EDGE('',*,*,#2572,.F.);
#3824=ORIENTED_EDGE('',*,*,#2576,.F.);
#3825=ORIENTED_EDGE('',*,*,#2579,.F.);
#3826=ORIENTED_EDGE('',*,*,#2568,.F.);
#3827=ORIENTED_EDGE('',*,*,#2612,.F.);
#3828=ORIENTED_EDGE('',*,*,#2588,.F.);
#3829=ORIENTED_EDGE('',*,*,#2613,.F.);
#3830=ORIENTED_EDGE('',*,*,#2615,.F.);
#3831=ORIENTED_EDGE('',*,*,#2617,.F.);
#3832=ORIENTED_EDGE('',*,*,#2619,.F.);
#3833=ORIENTED_EDGE('',*,*,#2621,.F.);
#3834=ORIENTED_EDGE('',*,*,#2584,.F.);
#3835=ORIENTED_EDGE('',*,*,#2622,.F.);
#3836=ORIENTED_EDGE('',*,*,#2625,.F.);
#3837=ORIENTED_EDGE('',*,*,#2629,.F.);
#3838=ORIENTED_EDGE('',*,*,#2677,.T.);
#3839=ORIENTED_EDGE('',*,*,#2680,.T.);
#3840=ORIENTED_EDGE('',*,*,#2683,.T.);
#3841=ORIENTED_EDGE('',*,*,#2686,.T.);
#3842=ORIENTED_EDGE('',*,*,#2689,.T.);
#3843=ORIENTED_EDGE('',*,*,#2692,.T.);
#3844=ORIENTED_EDGE('',*,*,#2695,.T.);
#3845=ORIENTED_EDGE('',*,*,#2698,.T.);
#3846=ORIENTED_EDGE('',*,*,#2701,.T.);
#3847=ORIENTED_EDGE('',*,*,#2838,.F.);
#3848=ORIENTED_EDGE('',*,*,#2836,.T.);
#3849=ORIENTED_EDGE('',*,*,#2611,.F.);
#3850=ORIENTED_EDGE('',*,*,#2839,.F.);
#3851=ORIENTED_EDGE('',*,*,#2840,.F.);
#3852=ORIENTED_EDGE('',*,*,#2839,.T.);
#3853=ORIENTED_EDGE('',*,*,#2610,.F.);
#3854=ORIENTED_EDGE('',*,*,#2605,.T.);
#3855=ORIENTED_EDGE('',*,*,#2841,.T.);
#3856=ORIENTED_EDGE('',*,*,#2761,.T.);
#3857=ORIENTED_EDGE('',*,*,#2842,.T.);
#3858=ORIENTED_EDGE('',*,*,#2726,.T.);
#3859=ORIENTED_EDGE('',*,*,#2657,.T.);
#3860=ORIENTED_EDGE('',*,*,#2654,.T.);
#3861=ORIENTED_EDGE('',*,*,#2651,.T.);
#3862=ORIENTED_EDGE('',*,*,#2645,.T.);
#3863=ORIENTED_EDGE('',*,*,#2648,.T.);
#3864=ORIENTED_EDGE('',*,*,#2641,.T.);
#3865=ORIENTED_EDGE('',*,*,#2638,.T.);
#3866=ORIENTED_EDGE('',*,*,#2660,.T.);
#3867=ORIENTED_EDGE('',*,*,#2708,.T.);
#3868=ORIENTED_EDGE('',*,*,#2711,.T.);
#3869=ORIENTED_EDGE('',*,*,#2720,.T.);
#3870=ORIENTED_EDGE('',*,*,#2723,.T.);
#3871=ORIENTED_EDGE('',*,*,#2731,.T.);
#3872=ORIENTED_EDGE('',*,*,#2734,.T.);
#3873=ORIENTED_EDGE('',*,*,#2737,.T.);
#3874=ORIENTED_EDGE('',*,*,#2740,.T.);
#3875=ORIENTED_EDGE('',*,*,#2743,.T.);
#3876=ORIENTED_EDGE('',*,*,#2746,.T.);
#3877=ORIENTED_EDGE('',*,*,#2749,.T.);
#3878=ORIENTED_EDGE('',*,*,#2752,.T.);
#3879=ORIENTED_EDGE('',*,*,#2843,.F.);
#3880=ORIENTED_EDGE('',*,*,#2842,.F.);
#3881=ORIENTED_EDGE('',*,*,#2760,.T.);
#3882=ORIENTED_EDGE('',*,*,#2841,.F.);
#3883=ORIENTED_EDGE('',*,*,#2604,.F.);
#3884=ORIENTED_EDGE('',*,*,#2633,.F.);
#3885=ORIENTED_EDGE('',*,*,#2844,.F.);
#3886=ORIENTED_EDGE('',*,*,#2729,.T.);
#3887=ORIENTED_EDGE('',*,*,#2717,.T.);
#3888=ORIENTED_EDGE('',*,*,#2714,.T.);
#3889=ORIENTED_EDGE('',*,*,#2705,.T.);
#3890=ORIENTED_EDGE('',*,*,#2845,.F.);
#3891=ORIENTED_EDGE('',*,*,#2844,.T.);
#3892=ORIENTED_EDGE('',*,*,#2635,.T.);
#3893=ORIENTED_EDGE('',*,*,#2835,.T.);
#3894=ORIENTED_EDGE('',*,*,#2837,.T.);
#3895=ORIENTED_EDGE('',*,*,#2838,.T.);
#3896=ORIENTED_EDGE('',*,*,#2840,.T.);
#3897=ORIENTED_EDGE('',*,*,#2843,.T.);
#3898=ORIENTED_EDGE('',*,*,#2845,.T.);
#3899=ORIENTED_EDGE('',*,*,#2834,.T.);
#3900=ORIENTED_EDGE('',*,*,#2628,.T.);
#3901=ORIENTED_EDGE('',*,*,#2804,.T.);
#3902=ORIENTED_EDGE('',*,*,#2755,.T.);
#3903=ORIENTED_EDGE('',*,*,#2595,.T.);
#3904=ORIENTED_EDGE('',*,*,#2631,.T.);
#3905=ORIENTED_EDGE('',*,*,#2846,.F.);
#3906=ORIENTED_EDGE('',*,*,#2847,.F.);
#3907=ORIENTED_EDGE('',*,*,#2848,.F.);
#3908=ORIENTED_EDGE('',*,*,#2849,.F.);
#3909=ORIENTED_EDGE('',*,*,#2850,.F.);
#3910=ORIENTED_EDGE('',*,*,#2851,.F.);
#3911=ORIENTED_EDGE('',*,*,#2852,.F.);
#3912=ORIENTED_EDGE('',*,*,#2853,.F.);
#3913=ORIENTED_EDGE('',*,*,#2854,.F.);
#3914=ORIENTED_EDGE('',*,*,#2855,.F.);
#3915=ORIENTED_EDGE('',*,*,#2856,.F.);
#3916=ORIENTED_EDGE('',*,*,#2851,.T.);
#3917=ORIENTED_EDGE('',*,*,#2857,.F.);
#3918=ORIENTED_EDGE('',*,*,#2858,.T.);
#3919=ORIENTED_EDGE('',*,*,#2859,.T.);
#3920=ORIENTED_EDGE('',*,*,#2850,.T.);
#3921=ORIENTED_EDGE('',*,*,#2860,.T.);
#3922=ORIENTED_EDGE('',*,*,#2861,.T.);
#3923=ORIENTED_EDGE('',*,*,#2862,.T.);
#3924=ORIENTED_EDGE('',*,*,#2863,.T.);
#3925=ORIENTED_EDGE('',*,*,#2864,.T.);
#3926=ORIENTED_EDGE('',*,*,#2865,.T.);
#3927=ORIENTED_EDGE('',*,*,#2866,.T.);
#3928=ORIENTED_EDGE('',*,*,#2867,.T.);
#3929=ORIENTED_EDGE('',*,*,#2868,.T.);
#3930=ORIENTED_EDGE('',*,*,#2869,.T.);
#3931=ORIENTED_EDGE('',*,*,#2857,.T.);
#3932=ORIENTED_EDGE('',*,*,#2870,.T.);
#3933=ORIENTED_EDGE('',*,*,#2871,.F.);
#3934=ORIENTED_EDGE('',*,*,#2872,.F.);
#3935=ORIENTED_EDGE('',*,*,#2873,.F.);
#3936=ORIENTED_EDGE('',*,*,#2874,.F.);
#3937=ORIENTED_EDGE('',*,*,#2875,.F.);
#3938=ORIENTED_EDGE('',*,*,#2876,.F.);
#3939=ORIENTED_EDGE('',*,*,#2877,.F.);
#3940=ORIENTED_EDGE('',*,*,#2878,.F.);
#3941=ORIENTED_EDGE('',*,*,#2879,.T.);
#3942=ORIENTED_EDGE('',*,*,#2880,.T.);
#3943=ORIENTED_EDGE('',*,*,#2881,.T.);
#3944=ORIENTED_EDGE('',*,*,#2882,.T.);
#3945=ORIENTED_EDGE('',*,*,#2883,.T.);
#3946=ORIENTED_EDGE('',*,*,#2884,.T.);
#3947=ORIENTED_EDGE('',*,*,#2885,.T.);
#3948=ORIENTED_EDGE('',*,*,#2849,.T.);
#3949=ORIENTED_EDGE('',*,*,#2886,.T.);
#3950=ORIENTED_EDGE('',*,*,#2887,.T.);
#3951=ORIENTED_EDGE('',*,*,#2888,.T.);
#3952=ORIENTED_EDGE('',*,*,#2889,.F.);
#3953=ORIENTED_EDGE('',*,*,#2860,.F.);
#3954=ORIENTED_EDGE('',*,*,#2848,.T.);
#3955=ORIENTED_EDGE('',*,*,#2890,.F.);
#3956=ORIENTED_EDGE('',*,*,#2891,.F.);
#3957=ORIENTED_EDGE('',*,*,#2892,.F.);
#3958=ORIENTED_EDGE('',*,*,#2886,.F.);
#3959=ORIENTED_EDGE('',*,*,#2847,.T.);
#3960=ORIENTED_EDGE('',*,*,#2893,.T.);
#3961=ORIENTED_EDGE('',*,*,#2894,.T.);
#3962=ORIENTED_EDGE('',*,*,#2890,.T.);
#3963=ORIENTED_EDGE('',*,*,#2885,.F.);
#3964=ORIENTED_EDGE('',*,*,#2895,.T.);
#3965=ORIENTED_EDGE('',*,*,#2896,.T.);
#3966=ORIENTED_EDGE('',*,*,#2895,.F.);
#3967=ORIENTED_EDGE('',*,*,#2896,.F.);
#3968=ORIENTED_EDGE('',*,*,#2897,.F.);
#3969=ORIENTED_EDGE('',*,*,#2884,.F.);
#3970=ORIENTED_EDGE('',*,*,#2898,.T.);
#3971=ORIENTED_EDGE('',*,*,#2899,.T.);
#3972=ORIENTED_EDGE('',*,*,#2898,.F.);
#3973=ORIENTED_EDGE('',*,*,#2899,.F.);
#3974=ORIENTED_EDGE('',*,*,#2900,.F.);
#3975=ORIENTED_EDGE('',*,*,#2883,.F.);
#3976=ORIENTED_EDGE('',*,*,#2901,.T.);
#3977=ORIENTED_EDGE('',*,*,#2902,.T.);
#3978=ORIENTED_EDGE('',*,*,#2901,.F.);
#3979=ORIENTED_EDGE('',*,*,#2902,.F.);
#3980=ORIENTED_EDGE('',*,*,#2903,.F.);
#3981=ORIENTED_EDGE('',*,*,#2882,.F.);
#3982=ORIENTED_EDGE('',*,*,#2904,.T.);
#3983=ORIENTED_EDGE('',*,*,#2905,.T.);
#3984=ORIENTED_EDGE('',*,*,#2904,.F.);
#3985=ORIENTED_EDGE('',*,*,#2905,.F.);
#3986=ORIENTED_EDGE('',*,*,#2906,.F.);
#3987=ORIENTED_EDGE('',*,*,#2907,.F.);
#3988=ORIENTED_EDGE('',*,*,#2908,.T.);
#3989=ORIENTED_EDGE('',*,*,#2909,.F.);
#3990=ORIENTED_EDGE('',*,*,#2908,.F.);
#3991=ORIENTED_EDGE('',*,*,#2910,.F.);
#3992=ORIENTED_EDGE('',*,*,#2911,.T.);
#3993=ORIENTED_EDGE('',*,*,#2881,.F.);
#3994=ORIENTED_EDGE('',*,*,#2911,.F.);
#3995=ORIENTED_EDGE('',*,*,#2910,.T.);
#3996=ORIENTED_EDGE('',*,*,#2907,.T.);
#3997=ORIENTED_EDGE('',*,*,#2909,.T.);
#3998=ORIENTED_EDGE('',*,*,#2912,.F.);
#3999=ORIENTED_EDGE('',*,*,#2913,.T.);
#4000=ORIENTED_EDGE('',*,*,#2914,.F.);
#4001=ORIENTED_EDGE('',*,*,#2913,.F.);
#4002=ORIENTED_EDGE('',*,*,#2915,.F.);
#4003=ORIENTED_EDGE('',*,*,#2916,.T.);
#4004=ORIENTED_EDGE('',*,*,#2880,.F.);
#4005=ORIENTED_EDGE('',*,*,#2916,.F.);
#4006=ORIENTED_EDGE('',*,*,#2915,.T.);
#4007=ORIENTED_EDGE('',*,*,#2912,.T.);
#4008=ORIENTED_EDGE('',*,*,#2914,.T.);
#4009=ORIENTED_EDGE('',*,*,#2917,.F.);
#4010=ORIENTED_EDGE('',*,*,#2918,.T.);
#4011=ORIENTED_EDGE('',*,*,#2919,.F.);
#4012=ORIENTED_EDGE('',*,*,#2918,.F.);
#4013=ORIENTED_EDGE('',*,*,#2920,.F.);
#4014=ORIENTED_EDGE('',*,*,#2921,.T.);
#4015=ORIENTED_EDGE('',*,*,#2879,.F.);
#4016=ORIENTED_EDGE('',*,*,#2921,.F.);
#4017=ORIENTED_EDGE('',*,*,#2920,.T.);
#4018=ORIENTED_EDGE('',*,*,#2917,.T.);
#4019=ORIENTED_EDGE('',*,*,#2919,.T.);
#4020=ORIENTED_EDGE('',*,*,#2922,.F.);
#4021=ORIENTED_EDGE('',*,*,#2923,.T.);
#4022=ORIENTED_EDGE('',*,*,#2924,.F.);
#4023=ORIENTED_EDGE('',*,*,#2923,.F.);
#4024=ORIENTED_EDGE('',*,*,#2925,.F.);
#4025=ORIENTED_EDGE('',*,*,#2926,.T.);
#4026=ORIENTED_EDGE('',*,*,#2870,.F.);
#4027=ORIENTED_EDGE('',*,*,#2926,.F.);
#4028=ORIENTED_EDGE('',*,*,#2925,.T.);
#4029=ORIENTED_EDGE('',*,*,#2922,.T.);
#4030=ORIENTED_EDGE('',*,*,#2924,.T.);
#4031=ORIENTED_EDGE('',*,*,#2854,.T.);
#4032=ORIENTED_EDGE('',*,*,#2927,.F.);
#4033=ORIENTED_EDGE('',*,*,#2928,.F.);
#4034=ORIENTED_EDGE('',*,*,#2929,.F.);
#4035=ORIENTED_EDGE('',*,*,#2930,.F.);
#4036=ORIENTED_EDGE('',*,*,#2931,.T.);
#4037=ORIENTED_EDGE('',*,*,#2932,.T.);
#4038=ORIENTED_EDGE('',*,*,#2933,.F.);
#4039=ORIENTED_EDGE('',*,*,#2934,.T.);
#4040=ORIENTED_EDGE('',*,*,#2903,.T.);
#4041=ORIENTED_EDGE('',*,*,#2934,.F.);
#4042=ORIENTED_EDGE('',*,*,#2935,.F.);
#4043=ORIENTED_EDGE('',*,*,#2936,.T.);
#4044=ORIENTED_EDGE('',*,*,#2906,.T.);
#4045=ORIENTED_EDGE('',*,*,#2936,.F.);
#4046=ORIENTED_EDGE('',*,*,#2937,.F.);
#4047=ORIENTED_EDGE('',*,*,#2938,.T.);
#4048=ORIENTED_EDGE('',*,*,#2897,.T.);
#4049=ORIENTED_EDGE('',*,*,#2938,.F.);
#4050=ORIENTED_EDGE('',*,*,#2939,.F.);
#4051=ORIENTED_EDGE('',*,*,#2940,.T.);
#4052=ORIENTED_EDGE('',*,*,#2900,.T.);
#4053=ORIENTED_EDGE('',*,*,#2940,.F.);
#4054=ORIENTED_EDGE('',*,*,#2941,.F.);
#4055=ORIENTED_EDGE('',*,*,#2942,.T.);
#4056=ORIENTED_EDGE('',*,*,#2943,.T.);
#4057=ORIENTED_EDGE('',*,*,#2942,.F.);
#4058=ORIENTED_EDGE('',*,*,#2943,.F.);
#4059=ORIENTED_EDGE('',*,*,#2944,.F.);
#4060=ORIENTED_EDGE('',*,*,#2945,.F.);
#4061=ORIENTED_EDGE('',*,*,#2946,.T.);
#4062=ORIENTED_EDGE('',*,*,#2947,.T.);
#4063=ORIENTED_EDGE('',*,*,#2946,.F.);
#4064=ORIENTED_EDGE('',*,*,#2947,.F.);
#4065=ORIENTED_EDGE('',*,*,#2948,.F.);
#4066=ORIENTED_EDGE('',*,*,#2949,.F.);
#4067=ORIENTED_EDGE('',*,*,#2950,.T.);
#4068=ORIENTED_EDGE('',*,*,#2951,.T.);
#4069=ORIENTED_EDGE('',*,*,#2950,.F.);
#4070=ORIENTED_EDGE('',*,*,#2951,.F.);
#4071=ORIENTED_EDGE('',*,*,#2952,.F.);
#4072=ORIENTED_EDGE('',*,*,#2932,.F.);
#4073=ORIENTED_EDGE('',*,*,#2953,.T.);
#4074=ORIENTED_EDGE('',*,*,#2954,.T.);
#4075=ORIENTED_EDGE('',*,*,#2953,.F.);
#4076=ORIENTED_EDGE('',*,*,#2954,.F.);
#4077=ORIENTED_EDGE('',*,*,#2955,.F.);
#4078=ORIENTED_EDGE('',*,*,#2931,.F.);
#4079=ORIENTED_EDGE('',*,*,#2956,.T.);
#4080=ORIENTED_EDGE('',*,*,#2957,.T.);
#4081=ORIENTED_EDGE('',*,*,#2956,.F.);
#4082=ORIENTED_EDGE('',*,*,#2957,.F.);
#4083=ORIENTED_EDGE('',*,*,#2958,.F.);
#4084=ORIENTED_EDGE('',*,*,#2959,.F.);
#4085=ORIENTED_EDGE('',*,*,#2960,.T.);
#4086=ORIENTED_EDGE('',*,*,#2961,.T.);
#4087=ORIENTED_EDGE('',*,*,#2960,.F.);
#4088=ORIENTED_EDGE('',*,*,#2961,.F.);
#4089=ORIENTED_EDGE('',*,*,#2962,.F.);
#4090=ORIENTED_EDGE('',*,*,#2963,.F.);
#4091=ORIENTED_EDGE('',*,*,#2964,.T.);
#4092=ORIENTED_EDGE('',*,*,#2955,.T.);
#4093=ORIENTED_EDGE('',*,*,#2964,.F.);
#4094=ORIENTED_EDGE('',*,*,#2965,.F.);
#4095=ORIENTED_EDGE('',*,*,#2966,.T.);
#4096=ORIENTED_EDGE('',*,*,#2952,.T.);
#4097=ORIENTED_EDGE('',*,*,#2966,.F.);
#4098=ORIENTED_EDGE('',*,*,#2967,.F.);
#4099=ORIENTED_EDGE('',*,*,#2968,.T.);
#4100=ORIENTED_EDGE('',*,*,#2958,.T.);
#4101=ORIENTED_EDGE('',*,*,#2968,.F.);
#4102=ORIENTED_EDGE('',*,*,#2969,.F.);
#4103=ORIENTED_EDGE('',*,*,#2970,.T.);
#4104=ORIENTED_EDGE('',*,*,#2944,.T.);
#4105=ORIENTED_EDGE('',*,*,#2970,.F.);
#4106=ORIENTED_EDGE('',*,*,#2971,.F.);
#4107=ORIENTED_EDGE('',*,*,#2972,.T.);
#4108=ORIENTED_EDGE('',*,*,#2948,.T.);
#4109=ORIENTED_EDGE('',*,*,#2972,.F.);
#4110=ORIENTED_EDGE('',*,*,#2973,.F.);
#4111=ORIENTED_EDGE('',*,*,#2974,.T.);
#4112=ORIENTED_EDGE('',*,*,#2962,.T.);
#4113=ORIENTED_EDGE('',*,*,#2974,.F.);
#4114=ORIENTED_EDGE('',*,*,#2975,.T.);
#4115=ORIENTED_EDGE('',*,*,#2871,.T.);
#4116=ORIENTED_EDGE('',*,*,#2976,.T.);
#4117=ORIENTED_EDGE('',*,*,#2977,.T.);
#4118=ORIENTED_EDGE('',*,*,#2978,.T.);
#4119=ORIENTED_EDGE('',*,*,#2872,.T.);
#4120=ORIENTED_EDGE('',*,*,#2975,.F.);
#4121=ORIENTED_EDGE('',*,*,#2979,.T.);
#4122=ORIENTED_EDGE('',*,*,#2980,.T.);
#4123=ORIENTED_EDGE('',*,*,#2873,.T.);
#4124=ORIENTED_EDGE('',*,*,#2978,.F.);
#4125=ORIENTED_EDGE('',*,*,#2981,.T.);
#4126=ORIENTED_EDGE('',*,*,#2982,.T.);
#4127=ORIENTED_EDGE('',*,*,#2874,.T.);
#4128=ORIENTED_EDGE('',*,*,#2980,.F.);
#4129=ORIENTED_EDGE('',*,*,#2983,.T.);
#4130=ORIENTED_EDGE('',*,*,#2984,.T.);
#4131=ORIENTED_EDGE('',*,*,#2875,.T.);
#4132=ORIENTED_EDGE('',*,*,#2982,.F.);
#4133=ORIENTED_EDGE('',*,*,#2985,.T.);
#4134=ORIENTED_EDGE('',*,*,#2986,.T.);
#4135=ORIENTED_EDGE('',*,*,#2876,.T.);
#4136=ORIENTED_EDGE('',*,*,#2984,.F.);
#4137=ORIENTED_EDGE('',*,*,#2987,.T.);
#4138=ORIENTED_EDGE('',*,*,#2988,.T.);
#4139=ORIENTED_EDGE('',*,*,#2877,.T.);
#4140=ORIENTED_EDGE('',*,*,#2986,.F.);
#4141=ORIENTED_EDGE('',*,*,#2989,.T.);
#4142=ORIENTED_EDGE('',*,*,#2976,.F.);
#4143=ORIENTED_EDGE('',*,*,#2878,.T.);
#4144=ORIENTED_EDGE('',*,*,#2988,.F.);
#4145=ORIENTED_EDGE('',*,*,#2990,.T.);
#4146=ORIENTED_EDGE('',*,*,#2983,.F.);
#4147=ORIENTED_EDGE('',*,*,#2991,.T.);
#4148=ORIENTED_EDGE('',*,*,#2992,.F.);
#4149=ORIENTED_EDGE('',*,*,#2993,.F.);
#4150=ORIENTED_EDGE('',*,*,#2981,.F.);
#4151=ORIENTED_EDGE('',*,*,#2994,.T.);
#4152=ORIENTED_EDGE('',*,*,#2995,.F.);
#4153=ORIENTED_EDGE('',*,*,#2991,.F.);
#4154=ORIENTED_EDGE('',*,*,#2979,.F.);
#4155=ORIENTED_EDGE('',*,*,#2996,.T.);
#4156=ORIENTED_EDGE('',*,*,#2997,.F.);
#4157=ORIENTED_EDGE('',*,*,#2994,.F.);
#4158=ORIENTED_EDGE('',*,*,#2977,.F.);
#4159=ORIENTED_EDGE('',*,*,#2998,.T.);
#4160=ORIENTED_EDGE('',*,*,#2999,.F.);
#4161=ORIENTED_EDGE('',*,*,#2996,.F.);
#4162=ORIENTED_EDGE('',*,*,#2987,.F.);
#4163=ORIENTED_EDGE('',*,*,#3000,.T.);
#4164=ORIENTED_EDGE('',*,*,#3001,.F.);
#4165=ORIENTED_EDGE('',*,*,#3002,.F.);
#4166=ORIENTED_EDGE('',*,*,#2989,.F.);
#4167=ORIENTED_EDGE('',*,*,#3002,.T.);
#4168=ORIENTED_EDGE('',*,*,#3003,.F.);
#4169=ORIENTED_EDGE('',*,*,#3004,.F.);
#4170=ORIENTED_EDGE('',*,*,#2990,.F.);
#4171=ORIENTED_EDGE('',*,*,#3004,.T.);
#4172=ORIENTED_EDGE('',*,*,#3005,.F.);
#4173=ORIENTED_EDGE('',*,*,#2998,.F.);
#4174=ORIENTED_EDGE('',*,*,#2985,.F.);
#4175=ORIENTED_EDGE('',*,*,#2993,.T.);
#4176=ORIENTED_EDGE('',*,*,#3006,.F.);
#4177=ORIENTED_EDGE('',*,*,#3000,.F.);
#4178=ORIENTED_EDGE('',*,*,#2855,.T.);
#4179=ORIENTED_EDGE('',*,*,#2930,.T.);
#4180=ORIENTED_EDGE('',*,*,#3007,.T.);
#4181=ORIENTED_EDGE('',*,*,#3008,.F.);
#4182=ORIENTED_EDGE('',*,*,#3009,.T.);
#4183=ORIENTED_EDGE('',*,*,#2933,.T.);
#4184=ORIENTED_EDGE('',*,*,#2935,.T.);
#4185=ORIENTED_EDGE('',*,*,#2937,.T.);
#4186=ORIENTED_EDGE('',*,*,#2939,.T.);
#4187=ORIENTED_EDGE('',*,*,#2941,.T.);
#4188=ORIENTED_EDGE('',*,*,#2945,.T.);
#4189=ORIENTED_EDGE('',*,*,#2949,.T.);
#4190=ORIENTED_EDGE('',*,*,#2959,.T.);
#4191=ORIENTED_EDGE('',*,*,#2997,.T.);
#4192=ORIENTED_EDGE('',*,*,#2999,.T.);
#4193=ORIENTED_EDGE('',*,*,#3005,.T.);
#4194=ORIENTED_EDGE('',*,*,#3003,.T.);
#4195=ORIENTED_EDGE('',*,*,#3001,.T.);
#4196=ORIENTED_EDGE('',*,*,#3006,.T.);
#4197=ORIENTED_EDGE('',*,*,#2992,.T.);
#4198=ORIENTED_EDGE('',*,*,#2995,.T.);
#4199=ORIENTED_EDGE('',*,*,#2928,.T.);
#4200=ORIENTED_EDGE('',*,*,#3010,.T.);
#4201=ORIENTED_EDGE('',*,*,#3011,.T.);
#4202=ORIENTED_EDGE('',*,*,#3012,.F.);
#4203=ORIENTED_EDGE('',*,*,#2853,.T.);
#4204=ORIENTED_EDGE('',*,*,#3013,.T.);
#4205=ORIENTED_EDGE('',*,*,#3010,.F.);
#4206=ORIENTED_EDGE('',*,*,#2927,.T.);
#4207=ORIENTED_EDGE('',*,*,#2852,.T.);
#4208=ORIENTED_EDGE('',*,*,#2859,.F.);
#4209=ORIENTED_EDGE('',*,*,#3014,.F.);
#4210=ORIENTED_EDGE('',*,*,#3015,.F.);
#4211=ORIENTED_EDGE('',*,*,#3016,.F.);
#4212=ORIENTED_EDGE('',*,*,#3017,.F.);
#4213=ORIENTED_EDGE('',*,*,#3018,.F.);
#4214=ORIENTED_EDGE('',*,*,#3019,.F.);
#4215=ORIENTED_EDGE('',*,*,#3020,.F.);
#4216=ORIENTED_EDGE('',*,*,#3021,.F.);
#4217=ORIENTED_EDGE('',*,*,#3022,.F.);
#4218=ORIENTED_EDGE('',*,*,#3023,.F.);
#4219=ORIENTED_EDGE('',*,*,#3024,.F.);
#4220=ORIENTED_EDGE('',*,*,#3025,.F.);
#4221=ORIENTED_EDGE('',*,*,#3026,.F.);
#4222=ORIENTED_EDGE('',*,*,#3027,.F.);
#4223=ORIENTED_EDGE('',*,*,#3028,.F.);
#4224=ORIENTED_EDGE('',*,*,#3029,.F.);
#4225=ORIENTED_EDGE('',*,*,#3030,.F.);
#4226=ORIENTED_EDGE('',*,*,#3031,.F.);
#4227=ORIENTED_EDGE('',*,*,#3032,.F.);
#4228=ORIENTED_EDGE('',*,*,#3033,.F.);
#4229=ORIENTED_EDGE('',*,*,#3034,.F.);
#4230=ORIENTED_EDGE('',*,*,#3035,.F.);
#4231=ORIENTED_EDGE('',*,*,#3036,.F.);
#4232=ORIENTED_EDGE('',*,*,#3037,.F.);
#4233=ORIENTED_EDGE('',*,*,#3038,.F.);
#4234=ORIENTED_EDGE('',*,*,#3039,.F.);
#4235=ORIENTED_EDGE('',*,*,#3040,.F.);
#4236=ORIENTED_EDGE('',*,*,#3041,.F.);
#4237=ORIENTED_EDGE('',*,*,#3042,.F.);
#4238=ORIENTED_EDGE('',*,*,#3043,.F.);
#4239=ORIENTED_EDGE('',*,*,#3044,.F.);
#4240=ORIENTED_EDGE('',*,*,#3045,.F.);
#4241=ORIENTED_EDGE('',*,*,#3046,.F.);
#4242=ORIENTED_EDGE('',*,*,#2888,.F.);
#4243=ORIENTED_EDGE('',*,*,#3047,.F.);
#4244=ORIENTED_EDGE('',*,*,#3048,.F.);
#4245=ORIENTED_EDGE('',*,*,#2893,.F.);
#4246=ORIENTED_EDGE('',*,*,#2846,.T.);
#4247=ORIENTED_EDGE('',*,*,#3049,.F.);
#4248=ORIENTED_EDGE('',*,*,#3050,.F.);
#4249=ORIENTED_EDGE('',*,*,#3051,.F.);
#4250=ORIENTED_EDGE('',*,*,#3011,.F.);
#4251=ORIENTED_EDGE('',*,*,#3013,.F.);
#4252=ORIENTED_EDGE('',*,*,#2963,.T.);
#4253=ORIENTED_EDGE('',*,*,#2965,.T.);
#4254=ORIENTED_EDGE('',*,*,#2967,.T.);
#4255=ORIENTED_EDGE('',*,*,#2969,.T.);
#4256=ORIENTED_EDGE('',*,*,#2971,.T.);
#4257=ORIENTED_EDGE('',*,*,#2973,.T.);
#4258=ORIENTED_EDGE('',*,*,#3048,.T.);
#4259=ORIENTED_EDGE('',*,*,#3052,.T.);
#4260=ORIENTED_EDGE('',*,*,#2891,.T.);
#4261=ORIENTED_EDGE('',*,*,#2894,.F.);
#4262=ORIENTED_EDGE('',*,*,#3047,.T.);
#4263=ORIENTED_EDGE('',*,*,#2887,.F.);
#4264=ORIENTED_EDGE('',*,*,#2892,.T.);
#4265=ORIENTED_EDGE('',*,*,#3052,.F.);
#4266=ORIENTED_EDGE('',*,*,#3046,.T.);
#4267=ORIENTED_EDGE('',*,*,#3053,.F.);
#4268=ORIENTED_EDGE('',*,*,#2861,.F.);
#4269=ORIENTED_EDGE('',*,*,#2889,.T.);
#4270=ORIENTED_EDGE('',*,*,#3045,.T.);
#4271=ORIENTED_EDGE('',*,*,#3054,.F.);
#4272=ORIENTED_EDGE('',*,*,#2862,.F.);
#4273=ORIENTED_EDGE('',*,*,#3053,.T.);
#4274=ORIENTED_EDGE('',*,*,#3044,.T.);
#4275=ORIENTED_EDGE('',*,*,#3055,.F.);
#4276=ORIENTED_EDGE('',*,*,#2863,.F.);
#4277=ORIENTED_EDGE('',*,*,#3054,.T.);
#4278=ORIENTED_EDGE('',*,*,#3043,.T.);
#4279=ORIENTED_EDGE('',*,*,#3056,.F.);
#4280=ORIENTED_EDGE('',*,*,#2864,.F.);
#4281=ORIENTED_EDGE('',*,*,#3055,.T.);
#4282=ORIENTED_EDGE('',*,*,#3041,.T.);
#4283=ORIENTED_EDGE('',*,*,#3057,.T.);
#4284=ORIENTED_EDGE('',*,*,#3058,.T.);
#4285=ORIENTED_EDGE('',*,*,#3059,.F.);
#4286=ORIENTED_EDGE('',*,*,#3040,.T.);
#4287=ORIENTED_EDGE('',*,*,#3060,.T.);
#4288=ORIENTED_EDGE('',*,*,#3061,.T.);
#4289=ORIENTED_EDGE('',*,*,#3057,.F.);
#4290=ORIENTED_EDGE('',*,*,#3039,.T.);
#4291=ORIENTED_EDGE('',*,*,#3062,.T.);
#4292=ORIENTED_EDGE('',*,*,#3063,.T.);
#4293=ORIENTED_EDGE('',*,*,#3060,.F.);
#4294=ORIENTED_EDGE('',*,*,#3038,.T.);
#4295=ORIENTED_EDGE('',*,*,#3064,.T.);
#4296=ORIENTED_EDGE('',*,*,#3065,.T.);
#4297=ORIENTED_EDGE('',*,*,#3062,.F.);
#4298=ORIENTED_EDGE('',*,*,#3037,.T.);
#4299=ORIENTED_EDGE('',*,*,#3066,.F.);
#4300=ORIENTED_EDGE('',*,*,#3067,.T.);
#4301=ORIENTED_EDGE('',*,*,#3064,.F.);
#4302=ORIENTED_EDGE('',*,*,#3035,.T.);
#4303=ORIENTED_EDGE('',*,*,#3068,.T.);
#4304=ORIENTED_EDGE('',*,*,#3069,.T.);
#4305=ORIENTED_EDGE('',*,*,#3070,.F.);
#4306=ORIENTED_EDGE('',*,*,#3034,.T.);
#4307=ORIENTED_EDGE('',*,*,#3071,.T.);
#4308=ORIENTED_EDGE('',*,*,#3072,.T.);
#4309=ORIENTED_EDGE('',*,*,#3068,.F.);
#4310=ORIENTED_EDGE('',*,*,#3033,.T.);
#4311=ORIENTED_EDGE('',*,*,#3073,.T.);
#4312=ORIENTED_EDGE('',*,*,#3074,.T.);
#4313=ORIENTED_EDGE('',*,*,#3071,.F.);
#4314=ORIENTED_EDGE('',*,*,#3032,.T.);
#4315=ORIENTED_EDGE('',*,*,#3075,.T.);
#4316=ORIENTED_EDGE('',*,*,#3076,.T.);
#4317=ORIENTED_EDGE('',*,*,#3073,.F.);
#4318=ORIENTED_EDGE('',*,*,#3031,.T.);
#4319=ORIENTED_EDGE('',*,*,#3077,.F.);
#4320=ORIENTED_EDGE('',*,*,#3078,.T.);
#4321=ORIENTED_EDGE('',*,*,#3075,.F.);
#4322=ORIENTED_EDGE('',*,*,#3029,.T.);
#4323=ORIENTED_EDGE('',*,*,#3079,.T.);
#4324=ORIENTED_EDGE('',*,*,#3080,.T.);
#4325=ORIENTED_EDGE('',*,*,#3081,.F.);
#4326=ORIENTED_EDGE('',*,*,#3028,.T.);
#4327=ORIENTED_EDGE('',*,*,#3082,.T.);
#4328=ORIENTED_EDGE('',*,*,#3083,.T.);
#4329=ORIENTED_EDGE('',*,*,#3079,.F.);
#4330=ORIENTED_EDGE('',*,*,#3027,.T.);
#4331=ORIENTED_EDGE('',*,*,#3084,.T.);
#4332=ORIENTED_EDGE('',*,*,#3085,.T.);
#4333=ORIENTED_EDGE('',*,*,#3082,.F.);
#4334=ORIENTED_EDGE('',*,*,#3026,.T.);
#4335=ORIENTED_EDGE('',*,*,#3086,.T.);
#4336=ORIENTED_EDGE('',*,*,#3087,.T.);
#4337=ORIENTED_EDGE('',*,*,#3084,.F.);
#4338=ORIENTED_EDGE('',*,*,#3025,.T.);
#4339=ORIENTED_EDGE('',*,*,#3088,.F.);
#4340=ORIENTED_EDGE('',*,*,#3089,.T.);
#4341=ORIENTED_EDGE('',*,*,#3086,.F.);
#4342=ORIENTED_EDGE('',*,*,#3042,.T.);
#4343=ORIENTED_EDGE('',*,*,#3059,.T.);
#4344=ORIENTED_EDGE('',*,*,#3090,.T.);
#4345=ORIENTED_EDGE('',*,*,#3066,.T.);
#4346=ORIENTED_EDGE('',*,*,#3036,.T.);
#4347=ORIENTED_EDGE('',*,*,#3070,.T.);
#4348=ORIENTED_EDGE('',*,*,#3091,.T.);
#4349=ORIENTED_EDGE('',*,*,#3077,.T.);
#4350=ORIENTED_EDGE('',*,*,#3030,.T.);
#4351=ORIENTED_EDGE('',*,*,#3081,.T.);
#4352=ORIENTED_EDGE('',*,*,#3092,.T.);
#4353=ORIENTED_EDGE('',*,*,#3088,.T.);
#4354=ORIENTED_EDGE('',*,*,#3024,.T.);
#4355=ORIENTED_EDGE('',*,*,#3093,.F.);
#4356=ORIENTED_EDGE('',*,*,#2865,.F.);
#4357=ORIENTED_EDGE('',*,*,#3056,.T.);
#4358=ORIENTED_EDGE('',*,*,#3023,.T.);
#4359=ORIENTED_EDGE('',*,*,#3094,.F.);
#4360=ORIENTED_EDGE('',*,*,#2866,.F.);
#4361=ORIENTED_EDGE('',*,*,#3093,.T.);
#4362=ORIENTED_EDGE('',*,*,#3021,.T.);
#4363=ORIENTED_EDGE('',*,*,#3095,.T.);
#4364=ORIENTED_EDGE('',*,*,#3096,.T.);
#4365=ORIENTED_EDGE('',*,*,#3097,.F.);
#4366=ORIENTED_EDGE('',*,*,#3020,.T.);
#4367=ORIENTED_EDGE('',*,*,#3098,.T.);
#4368=ORIENTED_EDGE('',*,*,#3099,.T.);
#4369=ORIENTED_EDGE('',*,*,#3095,.F.);
#4370=ORIENTED_EDGE('',*,*,#3019,.T.);
#4371=ORIENTED_EDGE('',*,*,#3100,.T.);
#4372=ORIENTED_EDGE('',*,*,#3101,.T.);
#4373=ORIENTED_EDGE('',*,*,#3098,.F.);
#4374=ORIENTED_EDGE('',*,*,#3018,.T.);
#4375=ORIENTED_EDGE('',*,*,#3102,.T.);
#4376=ORIENTED_EDGE('',*,*,#3103,.T.);
#4377=ORIENTED_EDGE('',*,*,#3100,.F.);
#4378=ORIENTED_EDGE('',*,*,#3017,.T.);
#4379=ORIENTED_EDGE('',*,*,#3104,.F.);
#4380=ORIENTED_EDGE('',*,*,#3105,.T.);
#4381=ORIENTED_EDGE('',*,*,#3102,.F.);
#4382=ORIENTED_EDGE('',*,*,#3022,.T.);
#4383=ORIENTED_EDGE('',*,*,#3097,.T.);
#4384=ORIENTED_EDGE('',*,*,#3106,.T.);
#4385=ORIENTED_EDGE('',*,*,#3104,.T.);
#4386=ORIENTED_EDGE('',*,*,#3016,.T.);
#4387=ORIENTED_EDGE('',*,*,#3107,.F.);
#4388=ORIENTED_EDGE('',*,*,#2867,.F.);
#4389=ORIENTED_EDGE('',*,*,#3094,.T.);
#4390=ORIENTED_EDGE('',*,*,#3015,.T.);
#4391=ORIENTED_EDGE('',*,*,#3108,.F.);
#4392=ORIENTED_EDGE('',*,*,#2868,.F.);
#4393=ORIENTED_EDGE('',*,*,#3107,.T.);
#4394=ORIENTED_EDGE('',*,*,#3014,.T.);
#4395=ORIENTED_EDGE('',*,*,#2858,.F.);
#4396=ORIENTED_EDGE('',*,*,#2869,.F.);
#4397=ORIENTED_EDGE('',*,*,#3108,.T.);
#4398=ORIENTED_EDGE('',*,*,#2856,.T.);
#4399=ORIENTED_EDGE('',*,*,#3009,.F.);
#4400=ORIENTED_EDGE('',*,*,#3109,.T.);
#4401=ORIENTED_EDGE('',*,*,#3049,.T.);
#4402=ORIENTED_EDGE('',*,*,#3065,.F.);
#4403=ORIENTED_EDGE('',*,*,#3067,.F.);
#4404=ORIENTED_EDGE('',*,*,#3090,.F.);
#4405=ORIENTED_EDGE('',*,*,#3058,.F.);
#4406=ORIENTED_EDGE('',*,*,#3061,.F.);
#4407=ORIENTED_EDGE('',*,*,#3063,.F.);
#4408=ORIENTED_EDGE('',*,*,#3099,.F.);
#4409=ORIENTED_EDGE('',*,*,#3101,.F.);
#4410=ORIENTED_EDGE('',*,*,#3103,.F.);
#4411=ORIENTED_EDGE('',*,*,#3105,.F.);
#4412=ORIENTED_EDGE('',*,*,#3106,.F.);
#4413=ORIENTED_EDGE('',*,*,#3096,.F.);
#4414=ORIENTED_EDGE('',*,*,#3083,.F.);
#4415=ORIENTED_EDGE('',*,*,#3085,.F.);
#4416=ORIENTED_EDGE('',*,*,#3087,.F.);
#4417=ORIENTED_EDGE('',*,*,#3089,.F.);
#4418=ORIENTED_EDGE('',*,*,#3092,.F.);
#4419=ORIENTED_EDGE('',*,*,#3080,.F.);
#4420=ORIENTED_EDGE('',*,*,#3072,.F.);
#4421=ORIENTED_EDGE('',*,*,#3074,.F.);
#4422=ORIENTED_EDGE('',*,*,#3076,.F.);
#4423=ORIENTED_EDGE('',*,*,#3078,.F.);
#4424=ORIENTED_EDGE('',*,*,#3091,.F.);
#4425=ORIENTED_EDGE('',*,*,#3069,.F.);
#4426=ORIENTED_EDGE('',*,*,#2929,.T.);
#4427=ORIENTED_EDGE('',*,*,#3012,.T.);
#4428=ORIENTED_EDGE('',*,*,#3051,.T.);
#4429=ORIENTED_EDGE('',*,*,#3110,.F.);
#4430=ORIENTED_EDGE('',*,*,#3007,.F.);
#4431=ORIENTED_EDGE('',*,*,#3050,.T.);
#4432=ORIENTED_EDGE('',*,*,#3109,.F.);
#4433=ORIENTED_EDGE('',*,*,#3008,.T.);
#4434=ORIENTED_EDGE('',*,*,#3110,.T.);
#4435=CYLINDRICAL_SURFACE('',#4858,2.5);
#4436=CYLINDRICAL_SURFACE('',#4862,2.49999999999996);
#4437=CYLINDRICAL_SURFACE('',#4865,0.999999999999994);
#4438=CYLINDRICAL_SURFACE('',#4871,1.00000000000001);
#4439=CYLINDRICAL_SURFACE('',#4875,1.00000000000001);
#4440=CYLINDRICAL_SURFACE('',#4878,1.00000000000001);
#4441=CYLINDRICAL_SURFACE('',#4882,1.00000000000001);
#4442=CYLINDRICAL_SURFACE('',#4887,0.999999999999988);
#4443=CYLINDRICAL_SURFACE('',#4891,0.999999999999996);
#4444=CYLINDRICAL_SURFACE('',#4898,1.00000000000001);
#4445=CYLINDRICAL_SURFACE('',#4902,1.00000000000002);
#4446=CYLINDRICAL_SURFACE('',#4905,0.999999999999996);
#4447=CYLINDRICAL_SURFACE('',#4910,1.00000000000002);
#4448=CYLINDRICAL_SURFACE('',#4914,0.999999999999996);
#4449=CYLINDRICAL_SURFACE('',#4919,0.999999999999996);
#4450=CYLINDRICAL_SURFACE('',#4923,0.999999999999996);
#4451=CYLINDRICAL_SURFACE('',#4927,0.999999999999996);
#4452=CYLINDRICAL_SURFACE('',#4944,7.00000000000003);
#4453=CYLINDRICAL_SURFACE('',#4949,0.999999999999996);
#4454=CYLINDRICAL_SURFACE('',#4952,0.999999999999992);
#4455=CYLINDRICAL_SURFACE('',#4955,0.750000000000002);
#4456=CYLINDRICAL_SURFACE('',#4958,2.75);
#4457=CYLINDRICAL_SURFACE('',#4963,6.99999999999998);
#4458=CYLINDRICAL_SURFACE('',#4967,3.);
#4459=CYLINDRICAL_SURFACE('',#4970,3.00000000000001);
#4460=CYLINDRICAL_SURFACE('',#4977,3.);
#4461=CYLINDRICAL_SURFACE('',#4981,3.00000000000001);
#4462=CYLINDRICAL_SURFACE('',#4996,1.25);
#4463=CYLINDRICAL_SURFACE('',#4999,1.24999999999999);
#4464=CYLINDRICAL_SURFACE('',#5002,1.25);
#4465=CYLINDRICAL_SURFACE('',#5005,1.25);
#4466=CYLINDRICAL_SURFACE('',#5008,1.25);
#4467=CYLINDRICAL_SURFACE('',#5011,1.25);
#4468=CYLINDRICAL_SURFACE('',#5014,1.25);
#4469=CYLINDRICAL_SURFACE('',#5017,1.25);
#4470=CYLINDRICAL_SURFACE('',#5020,1.25);
#4471=CYLINDRICAL_SURFACE('',#5025,2.25);
#4472=CYLINDRICAL_SURFACE('',#5029,2.24999999999998);
#4473=CYLINDRICAL_SURFACE('',#5033,2.25000000000001);
#4474=CYLINDRICAL_SURFACE('',#5037,2.25000000000001);
#4475=CYLINDRICAL_SURFACE('',#5041,2.25);
#4476=CYLINDRICAL_SURFACE('',#5045,2.24999999999998);
#4477=CYLINDRICAL_SURFACE('',#5049,2.25);
#4478=CYLINDRICAL_SURFACE('',#5053,2.25000000000001);
#4479=CYLINDRICAL_SURFACE('',#5057,2.25);
#4480=CYLINDRICAL_SURFACE('',#5059,1.25);
#4481=CYLINDRICAL_SURFACE('',#5062,1.25);
#4482=CYLINDRICAL_SURFACE('',#5065,1.25);
#4483=CYLINDRICAL_SURFACE('',#5068,1.25);
#4484=CYLINDRICAL_SURFACE('',#5071,1.25);
#4485=CYLINDRICAL_SURFACE('',#5074,1.25);
#4486=CYLINDRICAL_SURFACE('',#5077,1.25);
#4487=CYLINDRICAL_SURFACE('',#5080,1.25);
#4488=CYLINDRICAL_SURFACE('',#5084,1.6);
#4489=CYLINDRICAL_SURFACE('',#5090,3.6);
#4490=CYLINDRICAL_SURFACE('',#5092,1.6);
#4491=CYLINDRICAL_SURFACE('',#5100,3.59999999999999);
#4492=CYLINDRICAL_SURFACE('',#5102,1.6);
#4493=CYLINDRICAL_SURFACE('',#5106,3.59999999999999);
#4494=CYLINDRICAL_SURFACE('',#5108,1.6);
#4495=CYLINDRICAL_SURFACE('',#5114,3.59999999999999);
#4496=CYLINDRICAL_SURFACE('',#5116,1.6);
#4497=CYLINDRICAL_SURFACE('',#5124,3.6);
#4498=CYLINDRICAL_SURFACE('',#5126,1.6);
#4499=CYLINDRICAL_SURFACE('',#5132,3.59999999999999);
#4500=CYLINDRICAL_SURFACE('',#5134,1.6);
#4501=CYLINDRICAL_SURFACE('',#5138,3.59999999999999);
#4502=CYLINDRICAL_SURFACE('',#5140,1.6);
#4503=CYLINDRICAL_SURFACE('',#5156,3.59999999999999);
#4504=CYLINDRICAL_SURFACE('',#5157,1.6);
#4505=CYLINDRICAL_SURFACE('',#5160,2.25000000000001);
#4506=CYLINDRICAL_SURFACE('',#5163,2.25000000000001);
#4507=CYLINDRICAL_SURFACE('',#5166,2.25000000000001);
#4508=CYLINDRICAL_SURFACE('',#5169,2.25000000000001);
#4509=CYLINDRICAL_SURFACE('',#5172,2.25000000000001);
#4510=CYLINDRICAL_SURFACE('',#5175,2.25000000000001);
#4511=CYLINDRICAL_SURFACE('',#5178,2.25000000000001);
#4512=CYLINDRICAL_SURFACE('',#5181,2.25000000000001);
#4513=CYLINDRICAL_SURFACE('',#5213,2.25000000000001);
#4514=CYLINDRICAL_SURFACE('',#5217,2.25000000000001);
#4515=CYLINDRICAL_SURFACE('',#5221,2.25000000000001);
#4516=CYLINDRICAL_SURFACE('',#5225,2.25000000000001);
#4517=CYLINDRICAL_SURFACE('',#5229,1.6);
#4518=CYLINDRICAL_SURFACE('',#5232,3.59999999999999);
#4519=CYLINDRICAL_SURFACE('',#5236,1.6);
#4520=CYLINDRICAL_SURFACE('',#5239,3.6);
#4521=CYLINDRICAL_SURFACE('',#5243,1.6);
#4522=CYLINDRICAL_SURFACE('',#5246,3.59999999999999);
#4523=CYLINDRICAL_SURFACE('',#5250,1.6);
#4524=CYLINDRICAL_SURFACE('',#5253,3.59999999999999);
#4525=CYLINDRICAL_SURFACE('',#5261,1.25);
#4526=CYLINDRICAL_SURFACE('',#5263,1.25);
#4527=CYLINDRICAL_SURFACE('',#5265,1.25);
#4528=CYLINDRICAL_SURFACE('',#5267,1.25);
#4529=CYLINDRICAL_SURFACE('',#5269,2.24999999999998);
#4530=CYLINDRICAL_SURFACE('',#5274,2.24999999999998);
#4531=CYLINDRICAL_SURFACE('',#5279,2.25000000000001);
#4532=CYLINDRICAL_SURFACE('',#5284,2.25);
#4533=CYLINDRICAL_SURFACE('',#5288,2.24999999999998);
#4534=CYLINDRICAL_SURFACE('',#5292,2.25);
#4535=CYLINDRICAL_SURFACE('',#5297,1.25);
#4536=CYLINDRICAL_SURFACE('',#5299,1.25);
#4537=CYLINDRICAL_SURFACE('',#5301,1.25);
#4538=CYLINDRICAL_SURFACE('',#5303,1.25);
#4539=CYLINDRICAL_SURFACE('',#5305,1.25);
#4540=CYLINDRICAL_SURFACE('',#5307,1.25);
#4541=CYLINDRICAL_SURFACE('',#5322,3.);
#4542=CYLINDRICAL_SURFACE('',#5325,3.00000000000001);
#4543=CYLINDRICAL_SURFACE('',#5328,3.);
#4544=CYLINDRICAL_SURFACE('',#5331,3.00000000000001);
#4545=CYLINDRICAL_SURFACE('',#5335,6.99999999999999);
#4546=CYLINDRICAL_SURFACE('',#5355,0.999999999999996);
#4547=CYLINDRICAL_SURFACE('',#5357,3.50000000000001);
#4548=CYLINDRICAL_SURFACE('',#5358,5.50000000000001);
#4549=CYLINDRICAL_SURFACE('',#5360,2.49999999999996);
#4550=CYLINDRICAL_SURFACE('',#5362,1.00000000000006);
#4551=CYLINDRICAL_SURFACE('',#5365,1.00000000000005);
#4552=CYLINDRICAL_SURFACE('',#5369,1.00000000000005);
#4553=CYLINDRICAL_SURFACE('',#5372,1.00000000000005);
#4554=CYLINDRICAL_SURFACE('',#5376,1.00000000000006);
#4555=CYLINDRICAL_SURFACE('',#5379,1.00000000000005);
#4556=CYLINDRICAL_SURFACE('',#5383,2.49999999999996);
#4557=CYLINDRICAL_SURFACE('',#5385,0.999999999999979);
#4558=CYLINDRICAL_SURFACE('',#5388,0.999999999999988);
#4559=CYLINDRICAL_SURFACE('',#5392,0.749999999999993);
#4560=CYLINDRICAL_SURFACE('',#5393,2.74999999999999);
#4561=CYLINDRICAL_SURFACE('',#5400,6.99999999999999);
#4562=ADVANCED_FACE('',(#289),#4435,.F.);
#4563=ADVANCED_FACE('',(#290),#143,.T.);
#4564=ADVANCED_FACE('',(#291),#4436,.F.);
#4565=ADVANCED_FACE('',(#292),#4437,.F.);
#4566=ADVANCED_FACE('',(#293),#144,.F.);
#4567=ADVANCED_FACE('',(#294),#145,.F.);
#4568=ADVANCED_FACE('',(#295),#146,.F.);
#4569=ADVANCED_FACE('',(#296),#4438,.F.);
#4570=ADVANCED_FACE('',(#297),#147,.F.);
#4571=ADVANCED_FACE('',(#298),#4439,.F.);
#4572=ADVANCED_FACE('',(#299),#4440,.F.);
#4573=ADVANCED_FACE('',(#300),#148,.F.);
#4574=ADVANCED_FACE('',(#301),#4441,.F.);
#4575=ADVANCED_FACE('',(#302),#149,.F.);
#4576=ADVANCED_FACE('',(#303),#150,.F.);
#4577=ADVANCED_FACE('',(#304),#4442,.F.);
#4578=ADVANCED_FACE('',(#305),#151,.F.);
#4579=ADVANCED_FACE('',(#306),#4443,.F.);
#4580=ADVANCED_FACE('',(#307),#152,.F.);
#4581=ADVANCED_FACE('',(#308),#153,.F.);
#4582=ADVANCED_FACE('',(#309),#154,.F.);
#4583=ADVANCED_FACE('',(#310),#155,.F.);
#4584=ADVANCED_FACE('',(#311),#4444,.F.);
#4585=ADVANCED_FACE('',(#312),#156,.F.);
#4586=ADVANCED_FACE('',(#313),#4445,.F.);
#4587=ADVANCED_FACE('',(#314),#4446,.F.);
#4588=ADVANCED_FACE('',(#315),#157,.F.);
#4589=ADVANCED_FACE('',(#316),#158,.F.);
#4590=ADVANCED_FACE('',(#317),#4447,.F.);
#4591=ADVANCED_FACE('',(#318),#159,.F.);
#4592=ADVANCED_FACE('',(#319),#4448,.F.);
#4593=ADVANCED_FACE('',(#320),#160,.F.);
#4594=ADVANCED_FACE('',(#321),#161,.F.);
#4595=ADVANCED_FACE('',(#322),#4449,.F.);
#4596=ADVANCED_FACE('',(#323),#162,.F.);
#4597=ADVANCED_FACE('',(#324),#4450,.F.);
#4598=ADVANCED_FACE('',(#325),#163,.F.);
#4599=ADVANCED_FACE('',(#326),#4451,.F.);
#4600=ADVANCED_FACE('',(#327),#164,.F.);
#4601=ADVANCED_FACE('',(#328),#165,.T.);
#4602=ADVANCED_FACE('',(#329),#166,.T.);
#4603=ADVANCED_FACE('',(#330),#167,.T.);
#4604=ADVANCED_FACE('',(#331),#168,.T.);
#4605=ADVANCED_FACE('',(#332),#169,.T.);
#4606=ADVANCED_FACE('',(#333),#170,.T.);
#4607=ADVANCED_FACE('',(#334),#171,.T.);
#4608=ADVANCED_FACE('',(#335),#172,.T.);
#4609=ADVANCED_FACE('',(#336),#173,.T.);
#4610=ADVANCED_FACE('',(#337),#174,.T.);
#4611=ADVANCED_FACE('',(#338),#175,.T.);
#4612=ADVANCED_FACE('',(#339),#4452,.T.);
#4613=ADVANCED_FACE('',(#340),#176,.F.);
#4614=ADVANCED_FACE('',(#341),#177,.F.);
#4615=ADVANCED_FACE('',(#342),#4453,.F.);
#4616=ADVANCED_FACE('',(#343),#178,.F.);
#4617=ADVANCED_FACE('',(#344),#4454,.F.);
#4618=ADVANCED_FACE('',(#345),#179,.F.);
#4619=ADVANCED_FACE('',(#346),#4455,.T.);
#4620=ADVANCED_FACE('',(#347),#4456,.F.);
#4621=ADVANCED_FACE('',(#348),#180,.T.);
#4622=ADVANCED_FACE('',(#349),#181,.F.);
#4623=ADVANCED_FACE('',(#350),#4457,.T.);
#4624=ADVANCED_FACE('',(#351),#182,.F.);
#4625=ADVANCED_FACE('',(#352),#4458,.F.);
#4626=ADVANCED_FACE('',(#353),#4459,.F.);
#4627=ADVANCED_FACE('',(#354),#183,.F.);
#4628=ADVANCED_FACE('',(#355),#184,.T.);
#4629=ADVANCED_FACE('',(#356),#185,.F.);
#4630=ADVANCED_FACE('',(#357),#4460,.F.);
#4631=ADVANCED_FACE('',(#358),#186,.F.);
#4632=ADVANCED_FACE('',(#359),#4461,.F.);
#4633=ADVANCED_FACE('',(#360),#126,.F.);
#4634=ADVANCED_FACE('',(#361),#187,.T.);
#4635=ADVANCED_FACE('',(#362),#127,.F.);
#4636=ADVANCED_FACE('',(#363),#188,.T.);
#4637=ADVANCED_FACE('',(#364),#128,.F.);
#4638=ADVANCED_FACE('',(#365),#189,.T.);
#4639=ADVANCED_FACE('',(#366),#129,.F.);
#4640=ADVANCED_FACE('',(#367),#190,.T.);
#4641=ADVANCED_FACE('',(#368),#4462,.F.);
#4642=ADVANCED_FACE('',(#369),#4463,.F.);
#4643=ADVANCED_FACE('',(#370),#4464,.F.);
#4644=ADVANCED_FACE('',(#371),#4465,.F.);
#4645=ADVANCED_FACE('',(#372),#4466,.F.);
#4646=ADVANCED_FACE('',(#373),#4467,.F.);
#4647=ADVANCED_FACE('',(#374),#4468,.F.);
#4648=ADVANCED_FACE('',(#375),#4469,.F.);
#4649=ADVANCED_FACE('',(#376),#4470,.F.);
#4650=ADVANCED_FACE('',(#377,#17),#191,.F.);
#4651=ADVANCED_FACE('',(#378),#4471,.F.);
#4652=ADVANCED_FACE('',(#379,#18),#192,.F.);
#4653=ADVANCED_FACE('',(#380),#4472,.F.);
#4654=ADVANCED_FACE('',(#381,#19),#193,.F.);
#4655=ADVANCED_FACE('',(#382),#4473,.F.);
#4656=ADVANCED_FACE('',(#383,#20),#194,.F.);
#4657=ADVANCED_FACE('',(#384),#4474,.F.);
#4658=ADVANCED_FACE('',(#385,#21),#195,.F.);
#4659=ADVANCED_FACE('',(#386),#4475,.F.);
#4660=ADVANCED_FACE('',(#387,#22),#196,.F.);
#4661=ADVANCED_FACE('',(#388),#4476,.F.);
#4662=ADVANCED_FACE('',(#389,#23),#197,.F.);
#4663=ADVANCED_FACE('',(#390),#4477,.F.);
#4664=ADVANCED_FACE('',(#391,#24),#198,.F.);
#4665=ADVANCED_FACE('',(#392),#4478,.F.);
#4666=ADVANCED_FACE('',(#393,#25),#199,.F.);
#4667=ADVANCED_FACE('',(#394),#4479,.F.);
#4668=ADVANCED_FACE('',(#395),#4480,.F.);
#4669=ADVANCED_FACE('',(#396),#4481,.F.);
#4670=ADVANCED_FACE('',(#397),#4482,.F.);
#4671=ADVANCED_FACE('',(#398),#4483,.F.);
#4672=ADVANCED_FACE('',(#399),#4484,.F.);
#4673=ADVANCED_FACE('',(#400),#4485,.F.);
#4674=ADVANCED_FACE('',(#401),#4486,.F.);
#4675=ADVANCED_FACE('',(#402),#4487,.F.);
#4676=ADVANCED_FACE('',(#403),#200,.T.);
#4677=ADVANCED_FACE('',(#404),#4488,.T.);
#4678=ADVANCED_FACE('',(#405,#26),#201,.T.);
#4679=ADVANCED_FACE('',(#406),#4489,.T.);
#4680=ADVANCED_FACE('',(#407),#4490,.F.);
#4681=ADVANCED_FACE('',(#408),#202,.T.);
#4682=ADVANCED_FACE('',(#409),#203,.T.);
#4683=ADVANCED_FACE('',(#410,#27),#204,.T.);
#4684=ADVANCED_FACE('',(#411),#4491,.T.);
#4685=ADVANCED_FACE('',(#412),#4492,.F.);
#4686=ADVANCED_FACE('',(#413,#28),#205,.T.);
#4687=ADVANCED_FACE('',(#414),#4493,.T.);
#4688=ADVANCED_FACE('',(#415),#4494,.F.);
#4689=ADVANCED_FACE('',(#416),#206,.T.);
#4690=ADVANCED_FACE('',(#417,#29),#207,.T.);
#4691=ADVANCED_FACE('',(#418),#4495,.T.);
#4692=ADVANCED_FACE('',(#419),#4496,.F.);
#4693=ADVANCED_FACE('',(#420),#208,.T.);
#4694=ADVANCED_FACE('',(#421),#209,.T.);
#4695=ADVANCED_FACE('',(#422,#30),#210,.T.);
#4696=ADVANCED_FACE('',(#423),#4497,.T.);
#4697=ADVANCED_FACE('',(#424),#4498,.F.);
#4698=ADVANCED_FACE('',(#425),#211,.T.);
#4699=ADVANCED_FACE('',(#426,#31),#212,.T.);
#4700=ADVANCED_FACE('',(#427),#4499,.T.);
#4701=ADVANCED_FACE('',(#428),#4500,.F.);
#4702=ADVANCED_FACE('',(#429,#32),#213,.T.);
#4703=ADVANCED_FACE('',(#430),#4501,.T.);
#4704=ADVANCED_FACE('',(#431),#4502,.F.);
#4705=ADVANCED_FACE('',(#432),#214,.T.);
#4706=ADVANCED_FACE('',(#433,#33,#34,#35,#36,#37,#38,#39,#40,#41,#42,#43,
#44,#45,#46,#47,#48,#49),#215,.T.);
#4707=ADVANCED_FACE('',(#434,#50),#216,.T.);
#4708=ADVANCED_FACE('',(#435),#4503,.T.);
#4709=ADVANCED_FACE('',(#436),#4504,.F.);
#4710=ADVANCED_FACE('',(#437,#51),#217,.F.);
#4711=ADVANCED_FACE('',(#438),#4505,.F.);
#4712=ADVANCED_FACE('',(#439,#52),#218,.F.);
#4713=ADVANCED_FACE('',(#440),#4506,.F.);
#4714=ADVANCED_FACE('',(#441,#53),#219,.F.);
#4715=ADVANCED_FACE('',(#442),#4507,.F.);
#4716=ADVANCED_FACE('',(#443,#54),#220,.F.);
#4717=ADVANCED_FACE('',(#444),#4508,.F.);
#4718=ADVANCED_FACE('',(#445,#55),#221,.F.);
#4719=ADVANCED_FACE('',(#446),#4509,.F.);
#4720=ADVANCED_FACE('',(#447,#56),#222,.F.);
#4721=ADVANCED_FACE('',(#448),#4510,.F.);
#4722=ADVANCED_FACE('',(#449,#57),#223,.F.);
#4723=ADVANCED_FACE('',(#450),#4511,.F.);
#4724=ADVANCED_FACE('',(#451,#58),#224,.F.);
#4725=ADVANCED_FACE('',(#452),#4512,.F.);
#4726=ADVANCED_FACE('',(#453,#59,#60,#61,#62,#63,#64,#65,#66,#67),#225,
 .T.);
#4727=ADVANCED_FACE('',(#454),#226,.T.);
#4728=ADVANCED_FACE('',(#455,#68,#69,#70,#71,#72,#73,#74,#75,#76,#77,#78,
#79,#80,#81),#227,.F.);
#4729=ADVANCED_FACE('',(#456,#82,#83,#84,#85),#228,.F.);
#4730=ADVANCED_FACE('',(#457),#229,.T.);
#4731=ADVANCED_FACE('',(#458),#230,.T.);
#4732=ADVANCED_FACE('',(#459),#231,.F.);
#4733=ADVANCED_FACE('',(#460),#232,.T.);
#4734=ADVANCED_FACE('',(#461,#86,#87,#88,#89,#90,#91,#92,#93,#94),#233,
 .T.);
#4735=ADVANCED_FACE('',(#462),#234,.T.);
#4736=ADVANCED_FACE('',(#463),#235,.T.);
#4737=ADVANCED_FACE('',(#464),#236,.F.);
#4738=ADVANCED_FACE('',(#465),#4513,.F.);
#4739=ADVANCED_FACE('',(#466,#95),#237,.F.);
#4740=ADVANCED_FACE('',(#467),#4514,.F.);
#4741=ADVANCED_FACE('',(#468,#96),#238,.F.);
#4742=ADVANCED_FACE('',(#469),#4515,.F.);
#4743=ADVANCED_FACE('',(#470,#97),#239,.F.);
#4744=ADVANCED_FACE('',(#471),#4516,.F.);
#4745=ADVANCED_FACE('',(#472,#98),#240,.F.);
#4746=ADVANCED_FACE('',(#473),#4517,.F.);
#4747=ADVANCED_FACE('',(#474),#4518,.T.);
#4748=ADVANCED_FACE('',(#475,#99),#241,.T.);
#4749=ADVANCED_FACE('',(#476),#242,.T.);
#4750=ADVANCED_FACE('',(#477),#4519,.F.);
#4751=ADVANCED_FACE('',(#478),#4520,.T.);
#4752=ADVANCED_FACE('',(#479,#100),#243,.T.);
#4753=ADVANCED_FACE('',(#480),#244,.T.);
#4754=ADVANCED_FACE('',(#481),#4521,.F.);
#4755=ADVANCED_FACE('',(#482),#4522,.T.);
#4756=ADVANCED_FACE('',(#483,#101),#245,.T.);
#4757=ADVANCED_FACE('',(#484),#246,.T.);
#4758=ADVANCED_FACE('',(#485),#4523,.F.);
#4759=ADVANCED_FACE('',(#486),#4524,.T.);
#4760=ADVANCED_FACE('',(#487,#102),#247,.T.);
#4761=ADVANCED_FACE('',(#488),#248,.T.);
#4762=ADVANCED_FACE('',(#489,#103,#104),#249,.F.);
#4763=ADVANCED_FACE('',(#490),#4525,.F.);
#4764=ADVANCED_FACE('',(#491),#4526,.F.);
#4765=ADVANCED_FACE('',(#492),#4527,.F.);
#4766=ADVANCED_FACE('',(#493),#4528,.F.);
#4767=ADVANCED_FACE('',(#494),#4529,.F.);
#4768=ADVANCED_FACE('',(#495,#105),#250,.F.);
#4769=ADVANCED_FACE('',(#496),#4530,.F.);
#4770=ADVANCED_FACE('',(#497,#106),#251,.F.);
#4771=ADVANCED_FACE('',(#498),#4531,.F.);
#4772=ADVANCED_FACE('',(#499,#107),#252,.F.);
#4773=ADVANCED_FACE('',(#500),#4532,.F.);
#4774=ADVANCED_FACE('',(#501,#108),#253,.F.);
#4775=ADVANCED_FACE('',(#502),#4533,.F.);
#4776=ADVANCED_FACE('',(#503,#109),#254,.F.);
#4777=ADVANCED_FACE('',(#504),#4534,.F.);
#4778=ADVANCED_FACE('',(#505,#110),#255,.F.);
#4779=ADVANCED_FACE('',(#506),#4535,.F.);
#4780=ADVANCED_FACE('',(#507),#4536,.F.);
#4781=ADVANCED_FACE('',(#508),#4537,.F.);
#4782=ADVANCED_FACE('',(#509),#4538,.F.);
#4783=ADVANCED_FACE('',(#510),#4539,.F.);
#4784=ADVANCED_FACE('',(#511),#4540,.F.);
#4785=ADVANCED_FACE('',(#512),#130,.F.);
#4786=ADVANCED_FACE('',(#513),#256,.T.);
#4787=ADVANCED_FACE('',(#514),#131,.F.);
#4788=ADVANCED_FACE('',(#515),#257,.T.);
#4789=ADVANCED_FACE('',(#516),#132,.F.);
#4790=ADVANCED_FACE('',(#517),#258,.T.);
#4791=ADVANCED_FACE('',(#518),#133,.F.);
#4792=ADVANCED_FACE('',(#519),#259,.T.);
#4793=ADVANCED_FACE('',(#520),#260,.F.);
#4794=ADVANCED_FACE('',(#521),#4541,.F.);
#4795=ADVANCED_FACE('',(#522),#261,.F.);
#4796=ADVANCED_FACE('',(#523),#4542,.F.);
#4797=ADVANCED_FACE('',(#524),#262,.F.);
#4798=ADVANCED_FACE('',(#525),#4543,.F.);
#4799=ADVANCED_FACE('',(#526),#263,.F.);
#4800=ADVANCED_FACE('',(#527),#4544,.F.);
#4801=ADVANCED_FACE('',(#528,#111,#112,#113,#114,#115,#116,#117,#118,#119),
#264,.F.);
#4802=ADVANCED_FACE('',(#529),#4545,.T.);
#4803=ADVANCED_FACE('',(#530),#265,.T.);
#4804=ADVANCED_FACE('',(#531,#120,#121,#122,#123,#124,#125),#266,.T.);
#4805=ADVANCED_FACE('',(#532),#4546,.F.);
#4806=ADVANCED_FACE('',(#533),#267,.F.);
#4807=ADVANCED_FACE('',(#534),#4547,.T.);
#4808=ADVANCED_FACE('',(#535),#4548,.F.);
#4809=ADVANCED_FACE('',(#536),#268,.T.);
#4810=ADVANCED_FACE('',(#537),#4549,.F.);
#4811=ADVANCED_FACE('',(#538),#269,.F.);
#4812=ADVANCED_FACE('',(#539),#4550,.F.);
#4813=ADVANCED_FACE('',(#540),#270,.F.);
#4814=ADVANCED_FACE('',(#541),#4551,.F.);
#4815=ADVANCED_FACE('',(#542),#271,.F.);
#4816=ADVANCED_FACE('',(#543),#272,.F.);
#4817=ADVANCED_FACE('',(#544),#4552,.F.);
#4818=ADVANCED_FACE('',(#545),#273,.F.);
#4819=ADVANCED_FACE('',(#546),#4553,.F.);
#4820=ADVANCED_FACE('',(#547),#274,.F.);
#4821=ADVANCED_FACE('',(#548),#275,.F.);
#4822=ADVANCED_FACE('',(#549),#4554,.F.);
#4823=ADVANCED_FACE('',(#550),#276,.F.);
#4824=ADVANCED_FACE('',(#551),#4555,.F.);
#4825=ADVANCED_FACE('',(#552),#277,.F.);
#4826=ADVANCED_FACE('',(#553),#278,.T.);
#4827=ADVANCED_FACE('',(#554),#4556,.F.);
#4828=ADVANCED_FACE('',(#555),#279,.F.);
#4829=ADVANCED_FACE('',(#556),#4557,.F.);
#4830=ADVANCED_FACE('',(#557),#280,.F.);
#4831=ADVANCED_FACE('',(#558),#4558,.F.);
#4832=ADVANCED_FACE('',(#559),#281,.F.);
#4833=ADVANCED_FACE('',(#560),#282,.T.);
#4834=ADVANCED_FACE('',(#561),#4559,.T.);
#4835=ADVANCED_FACE('',(#562),#4560,.F.);
#4836=ADVANCED_FACE('',(#563),#283,.T.);
#4837=ADVANCED_FACE('',(#564),#284,.T.);
#4838=ADVANCED_FACE('',(#565),#285,.T.);
#4839=ADVANCED_FACE('',(#566),#286,.T.);
#4840=ADVANCED_FACE('',(#567),#287,.T.);
#4841=ADVANCED_FACE('',(#568),#288,.T.);
#4842=ADVANCED_FACE('',(#569),#4561,.T.);
#4843=CLOSED_SHELL('',(#4562,#4563,#4564,#4565,#4566,#4567,#4568,#4569,
#4570,#4571,#4572,#4573,#4574,#4575,#4576,#4577,#4578,#4579,#4580,#4581,
#4582,#4583,#4584,#4585,#4586,#4587,#4588,#4589,#4590,#4591,#4592,#4593,
#4594,#4595,#4596,#4597,#4598,#4599,#4600,#4601,#4602,#4603,#4604,#4605,
#4606,#4607,#4608,#4609,#4610,#4611,#4612,#4613,#4614,#4615,#4616,#4617,
#4618,#4619,#4620,#4621,#4622,#4623,#4624,#4625,#4626,#4627,#4628,#4629,
#4630,#4631,#4632,#4633,#4634,#4635,#4636,#4637,#4638,#4639,#4640,#4641,
#4642,#4643,#4644,#4645,#4646,#4647,#4648,#4649,#4650,#4651,#4652,#4653,
#4654,#4655,#4656,#4657,#4658,#4659,#4660,#4661,#4662,#4663,#4664,#4665,
#4666,#4667,#4668,#4669,#4670,#4671,#4672,#4673,#4674,#4675,#4676,#4677,
#4678,#4679,#4680,#4681,#4682,#4683,#4684,#4685,#4686,#4687,#4688,#4689,
#4690,#4691,#4692,#4693,#4694,#4695,#4696,#4697,#4698,#4699,#4700,#4701,
#4702,#4703,#4704,#4705,#4706,#4707,#4708,#4709,#4710,#4711,#4712,#4713,
#4714,#4715,#4716,#4717,#4718,#4719,#4720,#4721,#4722,#4723,#4724,#4725,
#4726,#4727,#4728,#4729,#4730,#4731));
#4844=CLOSED_SHELL('',(#4732,#4733,#4734,#4735,#4736,#4737,#4738,#4739,
#4740,#4741,#4742,#4743,#4744,#4745,#4746,#4747,#4748,#4749,#4750,#4751,
#4752,#4753,#4754,#4755,#4756,#4757,#4758,#4759,#4760,#4761,#4762,#4763,
#4764,#4765,#4766,#4767,#4768,#4769,#4770,#4771,#4772,#4773,#4774,#4775,
#4776,#4777,#4778,#4779,#4780,#4781,#4782,#4783,#4784,#4785,#4786,#4787,
#4788,#4789,#4790,#4791,#4792,#4793,#4794,#4795,#4796,#4797,#4798,#4799,
#4800,#4801,#4802,#4803,#4804,#4805,#4806,#4807,#4808,#4809,#4810,#4811,
#4812,#4813,#4814,#4815,#4816,#4817,#4818,#4819,#4820,#4821,#4822,#4823,
#4824,#4825,#4826,#4827,#4828,#4829,#4830,#4831,#4832,#4833,#4834,#4835,
#4836,#4837,#4838,#4839,#4840,#4841,#4842));
#4845=DERIVED_UNIT_ELEMENT(#4847,1.);
#4846=DERIVED_UNIT_ELEMENT(#8274,-3.);
#4847=(
MASS_UNIT()
NAMED_UNIT(*)
SI_UNIT(.KILO.,.GRAM.)
);
#4848=DERIVED_UNIT((#4845,#4846));
#4849=MEASURE_REPRESENTATION_ITEM('density measure',
POSITIVE_RATIO_MEASURE(7850.),#4848);
#4850=PROPERTY_DEFINITION_REPRESENTATION(#4855,#4852);
#4851=PROPERTY_DEFINITION_REPRESENTATION(#4856,#4853);
#4852=REPRESENTATION('material name',(#4854),#8271);
#4853=REPRESENTATION('density',(#4849),#8271);
#4854=DESCRIPTIVE_REPRESENTATION_ITEM('Steel','Steel');
#4855=PROPERTY_DEFINITION('material property','material name',#8281);
#4856=PROPERTY_DEFINITION('material property','density of part',#8281);
#4857=AXIS2_PLACEMENT_3D('',#6889,#5401,#5402);
#4858=AXIS2_PLACEMENT_3D('',#6890,#5403,#5404);
#4859=AXIS2_PLACEMENT_3D('',#6893,#5405,#5406);
#4860=AXIS2_PLACEMENT_3D('',#6897,#5408,#5409);
#4861=AXIS2_PLACEMENT_3D('',#6899,#5411,#5412);
#4862=AXIS2_PLACEMENT_3D('',#6929,#5428,#5429);
#4863=AXIS2_PLACEMENT_3D('',#6931,#5430,#5431);
#4864=AXIS2_PLACEMENT_3D('',#6933,#5432,#5433);
#4865=AXIS2_PLACEMENT_3D('',#6935,#5435,#5436);
#4866=AXIS2_PLACEMENT_3D('',#6938,#5437,#5438);
#4867=AXIS2_PLACEMENT_3D('',#6942,#5440,#5441);
#4868=AXIS2_PLACEMENT_3D('',#6944,#5443,#5444);
#4869=AXIS2_PLACEMENT_3D('',#6950,#5448,#5449);
#4870=AXIS2_PLACEMENT_3D('',#6956,#5453,#5454);
#4871=AXIS2_PLACEMENT_3D('',#6962,#5458,#5459);
#4872=AXIS2_PLACEMENT_3D('',#6964,#5460,#5461);
#4873=AXIS2_PLACEMENT_3D('',#6966,#5462,#5463);
#4874=AXIS2_PLACEMENT_3D('',#6968,#5465,#5466);
#4875=AXIS2_PLACEMENT_3D('',#6974,#5470,#5471);
#4876=AXIS2_PLACEMENT_3D('',#6975,#5472,#5473);
#4877=AXIS2_PLACEMENT_3D('',#6976,#5474,#5475);
#4878=AXIS2_PLACEMENT_3D('',#6977,#5476,#5477);
#4879=AXIS2_PLACEMENT_3D('',#6980,#5478,#5479);
#4880=AXIS2_PLACEMENT_3D('',#6984,#5481,#5482);
#4881=AXIS2_PLACEMENT_3D('',#6986,#5484,#5485);
#4882=AXIS2_PLACEMENT_3D('',#6992,#5489,#5490);
#4883=AXIS2_PLACEMENT_3D('',#6994,#5491,#5492);
#4884=AXIS2_PLACEMENT_3D('',#6996,#5493,#5494);
#4885=AXIS2_PLACEMENT_3D('',#6998,#5496,#5497);
#4886=AXIS2_PLACEMENT_3D('',#7001,#5500,#5501);
#4887=AXIS2_PLACEMENT_3D('',#7004,#5504,#5505);
#4888=AXIS2_PLACEMENT_3D('',#7007,#5506,#5507);
#4889=AXIS2_PLACEMENT_3D('',#7011,#5509,#5510);
#4890=AXIS2_PLACEMENT_3D('',#7013,#5512,#5513);
#4891=AXIS2_PLACEMENT_3D('',#7019,#5517,#5518);
#4892=AXIS2_PLACEMENT_3D('',#7021,#5519,#5520);
#4893=AXIS2_PLACEMENT_3D('',#7023,#5521,#5522);
#4894=AXIS2_PLACEMENT_3D('',#7025,#5524,#5525);
#4895=AXIS2_PLACEMENT_3D('',#7031,#5529,#5530);
#4896=AXIS2_PLACEMENT_3D('',#7037,#5534,#5535);
#4897=AXIS2_PLACEMENT_3D('',#7043,#5539,#5540);
#4898=AXIS2_PLACEMENT_3D('',#7049,#5544,#5545);
#4899=AXIS2_PLACEMENT_3D('',#7051,#5546,#5547);
#4900=AXIS2_PLACEMENT_3D('',#7053,#5548,#5549);
#4901=AXIS2_PLACEMENT_3D('',#7055,#5551,#5552);
#4902=AXIS2_PLACEMENT_3D('',#7061,#5556,#5557);
#4903=AXIS2_PLACEMENT_3D('',#7062,#5558,#5559);
#4904=AXIS2_PLACEMENT_3D('',#7063,#5560,#5561);
#4905=AXIS2_PLACEMENT_3D('',#7064,#5562,#5563);
#4906=AXIS2_PLACEMENT_3D('',#7067,#5564,#5565);
#4907=AXIS2_PLACEMENT_3D('',#7071,#5567,#5568);
#4908=AXIS2_PLACEMENT_3D('',#7073,#5570,#5571);
#4909=AXIS2_PLACEMENT_3D('',#7079,#5575,#5576);
#4910=AXIS2_PLACEMENT_3D('',#7088,#5581,#5582);
#4911=AXIS2_PLACEMENT_3D('',#7090,#5583,#5584);
#4912=AXIS2_PLACEMENT_3D('',#7092,#5585,#5586);
#4913=AXIS2_PLACEMENT_3D('',#7094,#5588,#5589);
#4914=AXIS2_PLACEMENT_3D('',#7097,#5592,#5593);
#4915=AXIS2_PLACEMENT_3D('',#7100,#5594,#5595);
#4916=AXIS2_PLACEMENT_3D('',#7104,#5597,#5598);
#4917=AXIS2_PLACEMENT_3D('',#7106,#5600,#5601);
#4918=AXIS2_PLACEMENT_3D('',#7112,#5605,#5606);
#4919=AXIS2_PLACEMENT_3D('',#7121,#5611,#5612);
#4920=AXIS2_PLACEMENT_3D('',#7123,#5613,#5614);
#4921=AXIS2_PLACEMENT_3D('',#7125,#5615,#5616);
#4922=AXIS2_PLACEMENT_3D('',#7127,#5618,#5619);
#4923=AXIS2_PLACEMENT_3D('',#7130,#5622,#5623);
#4924=AXIS2_PLACEMENT_3D('',#7133,#5624,#5625);
#4925=AXIS2_PLACEMENT_3D('',#7137,#5627,#5628);
#4926=AXIS2_PLACEMENT_3D('',#7139,#5630,#5631);
#4927=AXIS2_PLACEMENT_3D('',#7148,#5636,#5637);
#4928=AXIS2_PLACEMENT_3D('',#7150,#5638,#5639);
#4929=AXIS2_PLACEMENT_3D('',#7152,#5640,#5641);
#4930=AXIS2_PLACEMENT_3D('',#7154,#5643,#5644);
#4931=AXIS2_PLACEMENT_3D('',#7157,#5647,#5648);
#4932=AXIS2_PLACEMENT_3D('',#7178,#5661,#5662);
#4933=AXIS2_PLACEMENT_3D('',#7179,#5663,#5664);
#4934=AXIS2_PLACEMENT_3D('',#7181,#5666,#5667);
#4935=AXIS2_PLACEMENT_3D('',#7182,#5668,#5669);
#4936=AXIS2_PLACEMENT_3D('',#7184,#5671,#5672);
#4937=AXIS2_PLACEMENT_3D('',#7190,#5676,#5677);
#4938=AXIS2_PLACEMENT_3D('',#7193,#5678,#5679);
#4939=AXIS2_PLACEMENT_3D('',#7197,#5681,#5682);
#4940=AXIS2_PLACEMENT_3D('',#7200,#5685,#5686);
#4941=AXIS2_PLACEMENT_3D('',#7201,#5687,#5688);
#4942=AXIS2_PLACEMENT_3D('',#7202,#5689,#5690);
#4943=AXIS2_PLACEMENT_3D('',#7204,#5692,#5693);
#4944=AXIS2_PLACEMENT_3D('',#7215,#5699,#5700);
#4945=AXIS2_PLACEMENT_3D('',#7217,#5701,#5702);
#4946=AXIS2_PLACEMENT_3D('',#7219,#5703,#5704);
#4947=AXIS2_PLACEMENT_3D('',#7221,#5706,#5707);
#4948=AXIS2_PLACEMENT_3D('',#7223,#5709,#5710);
#4949=AXIS2_PLACEMENT_3D('',#7227,#5713,#5714);
#4950=AXIS2_PLACEMENT_3D('',#7229,#5715,#5716);
#4951=AXIS2_PLACEMENT_3D('',#7231,#5718,#5719);
#4952=AXIS2_PLACEMENT_3D('',#7235,#5722,#5723);
#4953=AXIS2_PLACEMENT_3D('',#7237,#5724,#5725);
#4954=AXIS2_PLACEMENT_3D('',#7239,#5727,#5728);
#4955=AXIS2_PLACEMENT_3D('',#7241,#5730,#5731);
#4956=AXIS2_PLACEMENT_3D('',#7243,#5732,#5733);
#4957=AXIS2_PLACEMENT_3D('',#7245,#5734,#5735);
#4958=AXIS2_PLACEMENT_3D('',#7247,#5737,#5738);
#4959=AXIS2_PLACEMENT_3D('',#7249,#5739,#5740);
#4960=AXIS2_PLACEMENT_3D('',#7251,#5741,#5742);
#4961=AXIS2_PLACEMENT_3D('',#7253,#5744,#5745);
#4962=AXIS2_PLACEMENT_3D('',#7259,#5749,#5750);
#4963=AXIS2_PLACEMENT_3D('',#7263,#5753,#5754);
#4964=AXIS2_PLACEMENT_3D('',#7265,#5755,#5756);
#4965=AXIS2_PLACEMENT_3D('',#7267,#5757,#5758);
#4966=AXIS2_PLACEMENT_3D('',#7269,#5760,#5761);
#4967=AXIS2_PLACEMENT_3D('',#7278,#5766,#5767);
#4968=AXIS2_PLACEMENT_3D('',#7280,#5768,#5769);
#4969=AXIS2_PLACEMENT_3D('',#7282,#5770,#5771);
#4970=AXIS2_PLACEMENT_3D('',#7284,#5773,#5774);
#4971=AXIS2_PLACEMENT_3D('',#7287,#5775,#5776);
#4972=AXIS2_PLACEMENT_3D('',#7291,#5778,#5779);
#4973=AXIS2_PLACEMENT_3D('',#7293,#5781,#5782);
#4974=AXIS2_PLACEMENT_3D('',#7296,#5785,#5786);
#4975=AXIS2_PLACEMENT_3D('',#7298,#5787,#5788);
#4976=AXIS2_PLACEMENT_3D('',#7299,#5789,#5790);
#4977=AXIS2_PLACEMENT_3D('',#7305,#5794,#5795);
#4978=AXIS2_PLACEMENT_3D('',#7307,#5796,#5797);
#4979=AXIS2_PLACEMENT_3D('',#7309,#5798,#5799);
#4980=AXIS2_PLACEMENT_3D('',#7311,#5801,#5802);
#4981=AXIS2_PLACEMENT_3D('',#7317,#5806,#5807);
#4982=AXIS2_PLACEMENT_3D('',#7318,#5808,#5809);
#4983=AXIS2_PLACEMENT_3D('',#7319,#5810,#5811);
#4984=AXIS2_PLACEMENT_3D('',#7320,#5812,#5813);
#4985=AXIS2_PLACEMENT_3D('',#7324,#5815,#5816);
#4986=AXIS2_PLACEMENT_3D('',#7326,#5818,#5819);
#4987=AXIS2_PLACEMENT_3D('',#7330,#5822,#5823);
#4988=AXIS2_PLACEMENT_3D('',#7332,#5824,#5825);
#4989=AXIS2_PLACEMENT_3D('',#7334,#5827,#5828);
#4990=AXIS2_PLACEMENT_3D('',#7338,#5831,#5832);
#4991=AXIS2_PLACEMENT_3D('',#7340,#5833,#5834);
#4992=AXIS2_PLACEMENT_3D('',#7342,#5836,#5837);
#4993=AXIS2_PLACEMENT_3D('',#7346,#5840,#5841);
#4994=AXIS2_PLACEMENT_3D('',#7348,#5842,#5843);
#4995=AXIS2_PLACEMENT_3D('',#7350,#5845,#5846);
#4996=AXIS2_PLACEMENT_3D('',#7352,#5848,#5849);
#4997=AXIS2_PLACEMENT_3D('',#7354,#5850,#5851);
#4998=AXIS2_PLACEMENT_3D('',#7357,#5853,#5854);
#4999=AXIS2_PLACEMENT_3D('',#7358,#5855,#5856);
#5000=AXIS2_PLACEMENT_3D('',#7360,#5857,#5858);
#5001=AXIS2_PLACEMENT_3D('',#7363,#5860,#5861);
#5002=AXIS2_PLACEMENT_3D('',#7364,#5862,#5863);
#5003=AXIS2_PLACEMENT_3D('',#7366,#5864,#5865);
#5004=AXIS2_PLACEMENT_3D('',#7369,#5867,#5868);
#5005=AXIS2_PLACEMENT_3D('',#7370,#5869,#5870);
#5006=AXIS2_PLACEMENT_3D('',#7372,#5871,#5872);
#5007=AXIS2_PLACEMENT_3D('',#7375,#5874,#5875);
#5008=AXIS2_PLACEMENT_3D('',#7376,#5876,#5877);
#5009=AXIS2_PLACEMENT_3D('',#7378,#5878,#5879);
#5010=AXIS2_PLACEMENT_3D('',#7381,#5881,#5882);
#5011=AXIS2_PLACEMENT_3D('',#7382,#5883,#5884);
#5012=AXIS2_PLACEMENT_3D('',#7384,#5885,#5886);
#5013=AXIS2_PLACEMENT_3D('',#7387,#5888,#5889);
#5014=AXIS2_PLACEMENT_3D('',#7388,#5890,#5891);
#5015=AXIS2_PLACEMENT_3D('',#7390,#5892,#5893);
#5016=AXIS2_PLACEMENT_3D('',#7393,#5895,#5896);
#5017=AXIS2_PLACEMENT_3D('',#7394,#5897,#5898);
#5018=AXIS2_PLACEMENT_3D('',#7396,#5899,#5900);
#5019=AXIS2_PLACEMENT_3D('',#7399,#5902,#5903);
#5020=AXIS2_PLACEMENT_3D('',#7400,#5904,#5905);
#5021=AXIS2_PLACEMENT_3D('',#7402,#5906,#5907);
#5022=AXIS2_PLACEMENT_3D('',#7405,#5909,#5910);
#5023=AXIS2_PLACEMENT_3D('',#7406,#5911,#5912);
#5024=AXIS2_PLACEMENT_3D('',#7408,#5913,#5914);
#5025=AXIS2_PLACEMENT_3D('',#7409,#5915,#5916);
#5026=AXIS2_PLACEMENT_3D('',#7411,#5917,#5918);
#5027=AXIS2_PLACEMENT_3D('',#7413,#5920,#5921);
#5028=AXIS2_PLACEMENT_3D('',#7415,#5922,#5923);
#5029=AXIS2_PLACEMENT_3D('',#7416,#5924,#5925);
#5030=AXIS2_PLACEMENT_3D('',#7418,#5926,#5927);
#5031=AXIS2_PLACEMENT_3D('',#7420,#5929,#5930);
#5032=AXIS2_PLACEMENT_3D('',#7422,#5931,#5932);
#5033=AXIS2_PLACEMENT_3D('',#7423,#5933,#5934);
#5034=AXIS2_PLACEMENT_3D('',#7425,#5935,#5936);
#5035=AXIS2_PLACEMENT_3D('',#7427,#5938,#5939);
#5036=AXIS2_PLACEMENT_3D('',#7429,#5940,#5941);
#5037=AXIS2_PLACEMENT_3D('',#7430,#5942,#5943);
#5038=AXIS2_PLACEMENT_3D('',#7432,#5944,#5945);
#5039=AXIS2_PLACEMENT_3D('',#7434,#5947,#5948);
#5040=AXIS2_PLACEMENT_3D('',#7436,#5949,#5950);
#5041=AXIS2_PLACEMENT_3D('',#7437,#5951,#5952);
#5042=AXIS2_PLACEMENT_3D('',#7439,#5953,#5954);
#5043=AXIS2_PLACEMENT_3D('',#7441,#5956,#5957);
#5044=AXIS2_PLACEMENT_3D('',#7443,#5958,#5959);
#5045=AXIS2_PLACEMENT_3D('',#7444,#5960,#5961);
#5046=AXIS2_PLACEMENT_3D('',#7446,#5962,#5963);
#5047=AXIS2_PLACEMENT_3D('',#7448,#5965,#5966);
#5048=AXIS2_PLACEMENT_3D('',#7450,#5967,#5968);
#5049=AXIS2_PLACEMENT_3D('',#7451,#5969,#5970);
#5050=AXIS2_PLACEMENT_3D('',#7453,#5971,#5972);
#5051=AXIS2_PLACEMENT_3D('',#7455,#5974,#5975);
#5052=AXIS2_PLACEMENT_3D('',#7457,#5976,#5977);
#5053=AXIS2_PLACEMENT_3D('',#7458,#5978,#5979);
#5054=AXIS2_PLACEMENT_3D('',#7460,#5980,#5981);
#5055=AXIS2_PLACEMENT_3D('',#7462,#5983,#5984);
#5056=AXIS2_PLACEMENT_3D('',#7464,#5985,#5986);
#5057=AXIS2_PLACEMENT_3D('',#7465,#5987,#5988);
#5058=AXIS2_PLACEMENT_3D('',#7467,#5989,#5990);
#5059=AXIS2_PLACEMENT_3D('',#7469,#5992,#5993);
#5060=AXIS2_PLACEMENT_3D('',#7471,#5994,#5995);
#5061=AXIS2_PLACEMENT_3D('',#7474,#5997,#5998);
#5062=AXIS2_PLACEMENT_3D('',#7475,#5999,#6000);
#5063=AXIS2_PLACEMENT_3D('',#7477,#6001,#6002);
#5064=AXIS2_PLACEMENT_3D('',#7480,#6004,#6005);
#5065=AXIS2_PLACEMENT_3D('',#7481,#6006,#6007);
#5066=AXIS2_PLACEMENT_3D('',#7483,#6008,#6009);
#5067=AXIS2_PLACEMENT_3D('',#7486,#6011,#6012);
#5068=AXIS2_PLACEMENT_3D('',#7487,#6013,#6014);
#5069=AXIS2_PLACEMENT_3D('',#7489,#6015,#6016);
#5070=AXIS2_PLACEMENT_3D('',#7492,#6018,#6019);
#5071=AXIS2_PLACEMENT_3D('',#7493,#6020,#6021);
#5072=AXIS2_PLACEMENT_3D('',#7495,#6022,#6023);
#5073=AXIS2_PLACEMENT_3D('',#7498,#6025,#6026);
#5074=AXIS2_PLACEMENT_3D('',#7499,#6027,#6028);
#5075=AXIS2_PLACEMENT_3D('',#7501,#6029,#6030);
#5076=AXIS2_PLACEMENT_3D('',#7504,#6032,#6033);
#5077=AXIS2_PLACEMENT_3D('',#7505,#6034,#6035);
#5078=AXIS2_PLACEMENT_3D('',#7507,#6036,#6037);
#5079=AXIS2_PLACEMENT_3D('',#7510,#6039,#6040);
#5080=AXIS2_PLACEMENT_3D('',#7511,#6041,#6042);
#5081=AXIS2_PLACEMENT_3D('',#7513,#6043,#6044);
#5082=AXIS2_PLACEMENT_3D('',#7516,#6046,#6047);
#5083=AXIS2_PLACEMENT_3D('',#7517,#6048,#6049);
#5084=AXIS2_PLACEMENT_3D('',#7524,#6055,#6056);
#5085=AXIS2_PLACEMENT_3D('',#7527,#6057,#6058);
#5086=AXIS2_PLACEMENT_3D('',#7528,#6059,#6060);
#5087=AXIS2_PLACEMENT_3D('',#7529,#6061,#6062);
#5088=AXIS2_PLACEMENT_3D('',#7531,#6063,#6064);
#5089=AXIS2_PLACEMENT_3D('',#7533,#6065,#6066);
#5090=AXIS2_PLACEMENT_3D('',#7534,#6067,#6068);
#5091=AXIS2_PLACEMENT_3D('',#7537,#6070,#6071);
#5092=AXIS2_PLACEMENT_3D('',#7538,#6072,#6073);
#5093=AXIS2_PLACEMENT_3D('',#7540,#6075,#6076);
#5094=AXIS2_PLACEMENT_3D('',#7542,#6077,#6078);
#5095=AXIS2_PLACEMENT_3D('',#7543,#6079,#6080);
#5096=AXIS2_PLACEMENT_3D('',#7545,#6081,#6082);
#5097=AXIS2_PLACEMENT_3D('',#7546,#6083,#6084);
#5098=AXIS2_PLACEMENT_3D('',#7548,#6085,#6086);
#5099=AXIS2_PLACEMENT_3D('',#7550,#6087,#6088);
#5100=AXIS2_PLACEMENT_3D('',#7551,#6089,#6090);
#5101=AXIS2_PLACEMENT_3D('',#7554,#6092,#6093);
#5102=AXIS2_PLACEMENT_3D('',#7555,#6094,#6095);
#5103=AXIS2_PLACEMENT_3D('',#7557,#6097,#6098);
#5104=AXIS2_PLACEMENT_3D('',#7559,#6099,#6100);
#5105=AXIS2_PLACEMENT_3D('',#7561,#6101,#6102);
#5106=AXIS2_PLACEMENT_3D('',#7562,#6103,#6104);
#5107=AXIS2_PLACEMENT_3D('',#7565,#6106,#6107);
#5108=AXIS2_PLACEMENT_3D('',#7566,#6108,#6109);
#5109=AXIS2_PLACEMENT_3D('',#7568,#6111,#6112);
#5110=AXIS2_PLACEMENT_3D('',#7570,#6113,#6114);
#5111=AXIS2_PLACEMENT_3D('',#7571,#6115,#6116);
#5112=AXIS2_PLACEMENT_3D('',#7573,#6117,#6118);
#5113=AXIS2_PLACEMENT_3D('',#7575,#6119,#6120);
#5114=AXIS2_PLACEMENT_3D('',#7576,#6121,#6122);
#5115=AXIS2_PLACEMENT_3D('',#7579,#6124,#6125);
#5116=AXIS2_PLACEMENT_3D('',#7580,#6126,#6127);
#5117=AXIS2_PLACEMENT_3D('',#7582,#6129,#6130);
#5118=AXIS2_PLACEMENT_3D('',#7584,#6131,#6132);
#5119=AXIS2_PLACEMENT_3D('',#7585,#6133,#6134);
#5120=AXIS2_PLACEMENT_3D('',#7587,#6135,#6136);
#5121=AXIS2_PLACEMENT_3D('',#7588,#6137,#6138);
#5122=AXIS2_PLACEMENT_3D('',#7590,#6139,#6140);
#5123=AXIS2_PLACEMENT_3D('',#7592,#6141,#6142);
#5124=AXIS2_PLACEMENT_3D('',#7593,#6143,#6144);
#5125=AXIS2_PLACEMENT_3D('',#7596,#6146,#6147);
#5126=AXIS2_PLACEMENT_3D('',#7597,#6148,#6149);
#5127=AXIS2_PLACEMENT_3D('',#7599,#6151,#6152);
#5128=AXIS2_PLACEMENT_3D('',#7601,#6153,#6154);
#5129=AXIS2_PLACEMENT_3D('',#7602,#6155,#6156);
#5130=AXIS2_PLACEMENT_3D('',#7604,#6157,#6158);
#5131=AXIS2_PLACEMENT_3D('',#7606,#6159,#6160);
#5132=AXIS2_PLACEMENT_3D('',#7607,#6161,#6162);
#5133=AXIS2_PLACEMENT_3D('',#7610,#6164,#6165);
#5134=AXIS2_PLACEMENT_3D('',#7611,#6166,#6167);
#5135=AXIS2_PLACEMENT_3D('',#7613,#6169,#6170);
#5136=AXIS2_PLACEMENT_3D('',#7615,#6171,#6172);
#5137=AXIS2_PLACEMENT_3D('',#7617,#6173,#6174);
#5138=AXIS2_PLACEMENT_3D('',#7618,#6175,#6176);
#5139=AXIS2_PLACEMENT_3D('',#7621,#6178,#6179);
#5140=AXIS2_PLACEMENT_3D('',#7622,#6180,#6181);
#5141=AXIS2_PLACEMENT_3D('',#7624,#6183,#6184);
#5142=AXIS2_PLACEMENT_3D('',#7626,#6185,#6186);
#5143=AXIS2_PLACEMENT_3D('',#7627,#6187,#6188);
#5144=AXIS2_PLACEMENT_3D('',#7630,#6190,#6191);
#5145=AXIS2_PLACEMENT_3D('',#7632,#6192,#6193);
#5146=AXIS2_PLACEMENT_3D('',#7634,#6194,#6195);
#5147=AXIS2_PLACEMENT_3D('',#7636,#6196,#6197);
#5148=AXIS2_PLACEMENT_3D('',#7638,#6198,#6199);
#5149=AXIS2_PLACEMENT_3D('',#7640,#6200,#6201);
#5150=AXIS2_PLACEMENT_3D('',#7642,#6202,#6203);
#5151=AXIS2_PLACEMENT_3D('',#7644,#6204,#6205);
#5152=AXIS2_PLACEMENT_3D('',#7646,#6206,#6207);
#5153=AXIS2_PLACEMENT_3D('',#7647,#6208,#6209);
#5154=AXIS2_PLACEMENT_3D('',#7649,#6210,#6211);
#5155=AXIS2_PLACEMENT_3D('',#7651,#6212,#6213);
#5156=AXIS2_PLACEMENT_3D('',#7652,#6214,#6215);
#5157=AXIS2_PLACEMENT_3D('',#7654,#6217,#6218);
#5158=AXIS2_PLACEMENT_3D('',#7656,#6220,#6221);
#5159=AXIS2_PLACEMENT_3D('',#7658,#6222,#6223);
#5160=AXIS2_PLACEMENT_3D('',#7659,#6224,#6225);
#5161=AXIS2_PLACEMENT_3D('',#7661,#6227,#6228);
#5162=AXIS2_PLACEMENT_3D('',#7663,#6229,#6230);
#5163=AXIS2_PLACEMENT_3D('',#7664,#6231,#6232);
#5164=AXIS2_PLACEMENT_3D('',#7666,#6234,#6235);
#5165=AXIS2_PLACEMENT_3D('',#7668,#6236,#6237);
#5166=AXIS2_PLACEMENT_3D('',#7669,#6238,#6239);
#5167=AXIS2_PLACEMENT_3D('',#7671,#6241,#6242);
#5168=AXIS2_PLACEMENT_3D('',#7673,#6243,#6244);
#5169=AXIS2_PLACEMENT_3D('',#7674,#6245,#6246);
#5170=AXIS2_PLACEMENT_3D('',#7676,#6248,#6249);
#5171=AXIS2_PLACEMENT_3D('',#7678,#6250,#6251);
#5172=AXIS2_PLACEMENT_3D('',#7679,#6252,#6253);
#5173=AXIS2_PLACEMENT_3D('',#7681,#6255,#6256);
#5174=AXIS2_PLACEMENT_3D('',#7683,#6257,#6258);
#5175=AXIS2_PLACEMENT_3D('',#7684,#6259,#6260);
#5176=AXIS2_PLACEMENT_3D('',#7686,#6262,#6263);
#5177=AXIS2_PLACEMENT_3D('',#7688,#6264,#6265);
#5178=AXIS2_PLACEMENT_3D('',#7689,#6266,#6267);
#5179=AXIS2_PLACEMENT_3D('',#7691,#6269,#6270);
#5180=AXIS2_PLACEMENT_3D('',#7693,#6271,#6272);
#5181=AXIS2_PLACEMENT_3D('',#7694,#6273,#6274);
#5182=AXIS2_PLACEMENT_3D('',#7696,#6276,#6277);
#5183=AXIS2_PLACEMENT_3D('',#7703,#6282,#6283);
#5184=AXIS2_PLACEMENT_3D('',#7707,#6286,#6287);
#5185=AXIS2_PLACEMENT_3D('',#7712,#6291,#6292);
#5186=AXIS2_PLACEMENT_3D('',#7716,#6295,#6296);
#5187=AXIS2_PLACEMENT_3D('',#7718,#6298,#6299);
#5188=AXIS2_PLACEMENT_3D('',#7719,#6300,#6301);
#5189=AXIS2_PLACEMENT_3D('',#7742,#6313,#6314);
#5190=AXIS2_PLACEMENT_3D('',#7748,#6318,#6319);
#5191=AXIS2_PLACEMENT_3D('',#7752,#6321,#6322);
#5192=AXIS2_PLACEMENT_3D('',#7754,#6323,#6324);
#5193=AXIS2_PLACEMENT_3D('',#7758,#6326,#6327);
#5194=AXIS2_PLACEMENT_3D('',#7762,#6329,#6330);
#5195=AXIS2_PLACEMENT_3D('',#7766,#6332,#6333);
#5196=AXIS2_PLACEMENT_3D('',#7767,#6334,#6335);
#5197=AXIS2_PLACEMENT_3D('',#7769,#6336,#6337);
#5198=AXIS2_PLACEMENT_3D('',#7772,#6338,#6339);
#5199=AXIS2_PLACEMENT_3D('',#7776,#6341,#6342);
#5200=AXIS2_PLACEMENT_3D('',#7780,#6344,#6345);
#5201=AXIS2_PLACEMENT_3D('',#7784,#6347,#6348);
#5202=AXIS2_PLACEMENT_3D('',#7787,#6350,#6351);
#5203=AXIS2_PLACEMENT_3D('',#7789,#6352,#6353);
#5204=AXIS2_PLACEMENT_3D('',#7791,#6354,#6355);
#5205=AXIS2_PLACEMENT_3D('',#7793,#6356,#6357);
#5206=AXIS2_PLACEMENT_3D('',#7795,#6358,#6359);
#5207=AXIS2_PLACEMENT_3D('',#7797,#6360,#6361);
#5208=AXIS2_PLACEMENT_3D('',#7799,#6362,#6363);
#5209=AXIS2_PLACEMENT_3D('',#7800,#6364,#6365);
#5210=AXIS2_PLACEMENT_3D('',#7808,#6370,#6371);
#5211=AXIS2_PLACEMENT_3D('',#7812,#6373,#6374);
#5212=AXIS2_PLACEMENT_3D('',#7814,#6376,#6377);
#5213=AXIS2_PLACEMENT_3D('',#7818,#6380,#6381);
#5214=AXIS2_PLACEMENT_3D('',#7821,#6383,#6384);
#5215=AXIS2_PLACEMENT_3D('',#7822,#6385,#6386);
#5216=AXIS2_PLACEMENT_3D('',#7824,#6387,#6388);
#5217=AXIS2_PLACEMENT_3D('',#7825,#6389,#6390);
#5218=AXIS2_PLACEMENT_3D('',#7828,#6392,#6393);
#5219=AXIS2_PLACEMENT_3D('',#7829,#6394,#6395);
#5220=AXIS2_PLACEMENT_3D('',#7831,#6396,#6397);
#5221=AXIS2_PLACEMENT_3D('',#7832,#6398,#6399);
#5222=AXIS2_PLACEMENT_3D('',#7835,#6401,#6402);
#5223=AXIS2_PLACEMENT_3D('',#7836,#6403,#6404);
#5224=AXIS2_PLACEMENT_3D('',#7838,#6405,#6406);
#5225=AXIS2_PLACEMENT_3D('',#7839,#6407,#6408);
#5226=AXIS2_PLACEMENT_3D('',#7842,#6410,#6411);
#5227=AXIS2_PLACEMENT_3D('',#7843,#6412,#6413);
#5228=AXIS2_PLACEMENT_3D('',#7845,#6414,#6415);
#5229=AXIS2_PLACEMENT_3D('',#7846,#6416,#6417);
#5230=AXIS2_PLACEMENT_3D('',#7848,#6418,#6419);
#5231=AXIS2_PLACEMENT_3D('',#7851,#6421,#6422);
#5232=AXIS2_PLACEMENT_3D('',#7852,#6423,#6424);
#5233=AXIS2_PLACEMENT_3D('',#7854,#6425,#6426);
#5234=AXIS2_PLACEMENT_3D('',#7856,#6428,#6429);
#5235=AXIS2_PLACEMENT_3D('',#7857,#6430,#6431);
#5236=AXIS2_PLACEMENT_3D('',#7858,#6432,#6433);
#5237=AXIS2_PLACEMENT_3D('',#7860,#6434,#6435);
#5238=AXIS2_PLACEMENT_3D('',#7863,#6437,#6438);
#5239=AXIS2_PLACEMENT_3D('',#7864,#6439,#6440);
#5240=AXIS2_PLACEMENT_3D('',#7866,#6441,#6442);
#5241=AXIS2_PLACEMENT_3D('',#7868,#6444,#6445);
#5242=AXIS2_PLACEMENT_3D('',#7869,#6446,#6447);
#5243=AXIS2_PLACEMENT_3D('',#7870,#6448,#6449);
#5244=AXIS2_PLACEMENT_3D('',#7872,#6450,#6451);
#5245=AXIS2_PLACEMENT_3D('',#7875,#6453,#6454);
#5246=AXIS2_PLACEMENT_3D('',#7876,#6455,#6456);
#5247=AXIS2_PLACEMENT_3D('',#7878,#6457,#6458);
#5248=AXIS2_PLACEMENT_3D('',#7880,#6460,#6461);
#5249=AXIS2_PLACEMENT_3D('',#7881,#6462,#6463);
#5250=AXIS2_PLACEMENT_3D('',#7882,#6464,#6465);
#5251=AXIS2_PLACEMENT_3D('',#7884,#6466,#6467);
#5252=AXIS2_PLACEMENT_3D('',#7887,#6469,#6470);
#5253=AXIS2_PLACEMENT_3D('',#7888,#6471,#6472);
#5254=AXIS2_PLACEMENT_3D('',#7890,#6473,#6474);
#5255=AXIS2_PLACEMENT_3D('',#7892,#6476,#6477);
#5256=AXIS2_PLACEMENT_3D('',#7893,#6478,#6479);
#5257=AXIS2_PLACEMENT_3D('',#7894,#6480,#6481);
#5258=AXIS2_PLACEMENT_3D('',#7898,#6483,#6484);
#5259=AXIS2_PLACEMENT_3D('',#7903,#6487,#6488);
#5260=AXIS2_PLACEMENT_3D('',#7905,#6489,#6490);
#5261=AXIS2_PLACEMENT_3D('',#7906,#6491,#6492);
#5262=AXIS2_PLACEMENT_3D('',#7908,#6493,#6494);
#5263=AXIS2_PLACEMENT_3D('',#7910,#6496,#6497);
#5264=AXIS2_PLACEMENT_3D('',#7912,#6498,#6499);
#5265=AXIS2_PLACEMENT_3D('',#7914,#6501,#6502);
#5266=AXIS2_PLACEMENT_3D('',#7916,#6503,#6504);
#5267=AXIS2_PLACEMENT_3D('',#7918,#6506,#6507);
#5268=AXIS2_PLACEMENT_3D('',#7920,#6508,#6509);
#5269=AXIS2_PLACEMENT_3D('',#7922,#6511,#6512);
#5270=AXIS2_PLACEMENT_3D('',#7924,#6513,#6514);
#5271=AXIS2_PLACEMENT_3D('',#7927,#6516,#6517);
#5272=AXIS2_PLACEMENT_3D('',#7928,#6518,#6519);
#5273=AXIS2_PLACEMENT_3D('',#7930,#6520,#6521);
#5274=AXIS2_PLACEMENT_3D('',#7931,#6522,#6523);
#5275=AXIS2_PLACEMENT_3D('',#7933,#6524,#6525);
#5276=AXIS2_PLACEMENT_3D('',#7936,#6527,#6528);
#5277=AXIS2_PLACEMENT_3D('',#7937,#6529,#6530);
#5278=AXIS2_PLACEMENT_3D('',#7939,#6531,#6532);
#5279=AXIS2_PLACEMENT_3D('',#7940,#6533,#6534);
#5280=AXIS2_PLACEMENT_3D('',#7942,#6535,#6536);
#5281=AXIS2_PLACEMENT_3D('',#7945,#6538,#6539);
#5282=AXIS2_PLACEMENT_3D('',#7946,#6540,#6541);
#5283=AXIS2_PLACEMENT_3D('',#7948,#6542,#6543);
#5284=AXIS2_PLACEMENT_3D('',#7949,#6544,#6545);
#5285=AXIS2_PLACEMENT_3D('',#7952,#6547,#6548);
#5286=AXIS2_PLACEMENT_3D('',#7953,#6549,#6550);
#5287=AXIS2_PLACEMENT_3D('',#7955,#6551,#6552);
#5288=AXIS2_PLACEMENT_3D('',#7956,#6553,#6554);
#5289=AXIS2_PLACEMENT_3D('',#7959,#6556,#6557);
#5290=AXIS2_PLACEMENT_3D('',#7960,#6558,#6559);
#5291=AXIS2_PLACEMENT_3D('',#7962,#6560,#6561);
#5292=AXIS2_PLACEMENT_3D('',#7963,#6562,#6563);
#5293=AXIS2_PLACEMENT_3D('',#7965,#6564,#6565);
#5294=AXIS2_PLACEMENT_3D('',#7968,#6567,#6568);
#5295=AXIS2_PLACEMENT_3D('',#7969,#6569,#6570);
#5296=AXIS2_PLACEMENT_3D('',#7971,#6571,#6572);
#5297=AXIS2_PLACEMENT_3D('',#7972,#6573,#6574);
#5298=AXIS2_PLACEMENT_3D('',#7974,#6575,#6576);
#5299=AXIS2_PLACEMENT_3D('',#7976,#6578,#6579);
#5300=AXIS2_PLACEMENT_3D('',#7978,#6580,#6581);
#5301=AXIS2_PLACEMENT_3D('',#7980,#6583,#6584);
#5302=AXIS2_PLACEMENT_3D('',#7982,#6585,#6586);
#5303=AXIS2_PLACEMENT_3D('',#7984,#6588,#6589);
#5304=AXIS2_PLACEMENT_3D('',#7986,#6590,#6591);
#5305=AXIS2_PLACEMENT_3D('',#7988,#6593,#6594);
#5306=AXIS2_PLACEMENT_3D('',#7990,#6595,#6596);
#5307=AXIS2_PLACEMENT_3D('',#7992,#6598,#6599);
#5308=AXIS2_PLACEMENT_3D('',#7994,#6600,#6601);
#5309=AXIS2_PLACEMENT_3D('',#7996,#6603,#6604);
#5310=AXIS2_PLACEMENT_3D('',#8001,#6607,#6608);
#5311=AXIS2_PLACEMENT_3D('',#8002,#6609,#6610);
#5312=AXIS2_PLACEMENT_3D('',#8006,#6613,#6614);
#5313=AXIS2_PLACEMENT_3D('',#8009,#6616,#6617);
#5314=AXIS2_PLACEMENT_3D('',#8010,#6618,#6619);
#5315=AXIS2_PLACEMENT_3D('',#8014,#6622,#6623);
#5316=AXIS2_PLACEMENT_3D('',#8017,#6625,#6626);
#5317=AXIS2_PLACEMENT_3D('',#8018,#6627,#6628);
#5318=AXIS2_PLACEMENT_3D('',#8022,#6631,#6632);
#5319=AXIS2_PLACEMENT_3D('',#8025,#6634,#6635);
#5320=AXIS2_PLACEMENT_3D('',#8026,#6636,#6637);
#5321=AXIS2_PLACEMENT_3D('',#8028,#6639,#6640);
#5322=AXIS2_PLACEMENT_3D('',#8034,#6644,#6645);
#5323=AXIS2_PLACEMENT_3D('',#8037,#6647,#6648);
#5324=AXIS2_PLACEMENT_3D('',#8038,#6649,#6650);
#5325=AXIS2_PLACEMENT_3D('',#8042,#6653,#6654);
#5326=AXIS2_PLACEMENT_3D('',#8045,#6656,#6657);
#5327=AXIS2_PLACEMENT_3D('',#8046,#6658,#6659);
#5328=AXIS2_PLACEMENT_3D('',#8052,#6663,#6664);
#5329=AXIS2_PLACEMENT_3D('',#8054,#6665,#6666);
#5330=AXIS2_PLACEMENT_3D('',#8056,#6668,#6669);
#5331=AXIS2_PLACEMENT_3D('',#8058,#6671,#6672);
#5332=AXIS2_PLACEMENT_3D('',#8059,#6673,#6674);
#5333=AXIS2_PLACEMENT_3D('',#8060,#6675,#6676);
#5334=AXIS2_PLACEMENT_3D('',#8064,#6678,#6679);
#5335=AXIS2_PLACEMENT_3D('',#8066,#6681,#6682);
#5336=AXIS2_PLACEMENT_3D('',#8070,#6684,#6685);
#5337=AXIS2_PLACEMENT_3D('',#8072,#6687,#6688);
#5338=AXIS2_PLACEMENT_3D('',#8074,#6690,#6691);
#5339=AXIS2_PLACEMENT_3D('',#8076,#6692,#6693);
#5340=AXIS2_PLACEMENT_3D('',#8078,#6694,#6695);
#5341=AXIS2_PLACEMENT_3D('',#8084,#6698,#6699);
#5342=AXIS2_PLACEMENT_3D('',#8088,#6701,#6702);
#5343=AXIS2_PLACEMENT_3D('',#8094,#6705,#6706);
#5344=AXIS2_PLACEMENT_3D('',#8100,#6709,#6710);
#5345=AXIS2_PLACEMENT_3D('',#8104,#6712,#6713);
#5346=AXIS2_PLACEMENT_3D('',#8112,#6717,#6718);
#5347=AXIS2_PLACEMENT_3D('',#8116,#6720,#6721);
#5348=AXIS2_PLACEMENT_3D('',#8124,#6725,#6726);
#5349=AXIS2_PLACEMENT_3D('',#8128,#6728,#6729);
#5350=AXIS2_PLACEMENT_3D('',#8134,#6732,#6733);
#5351=AXIS2_PLACEMENT_3D('',#8138,#6735,#6736);
#5352=AXIS2_PLACEMENT_3D('',#8139,#6737,#6738);
#5353=AXIS2_PLACEMENT_3D('',#8142,#6740,#6741);
#5354=AXIS2_PLACEMENT_3D('',#8146,#6743,#6744);
#5355=AXIS2_PLACEMENT_3D('',#8148,#6746,#6747);
#5356=AXIS2_PLACEMENT_3D('',#8150,#6749,#6750);
#5357=AXIS2_PLACEMENT_3D('',#8151,#6751,#6752);
#5358=AXIS2_PLACEMENT_3D('',#8153,#6754,#6755);
#5359=AXIS2_PLACEMENT_3D('',#8155,#6757,#6758);
#5360=AXIS2_PLACEMENT_3D('',#8157,#6760,#6761);
#5361=AXIS2_PLACEMENT_3D('',#8159,#6763,#6764);
#5362=AXIS2_PLACEMENT_3D('',#8165,#6768,#6769);
#5363=AXIS2_PLACEMENT_3D('',#8168,#6771,#6772);
#5364=AXIS2_PLACEMENT_3D('',#8169,#6773,#6774);
#5365=AXIS2_PLACEMENT_3D('',#8173,#6777,#6778);
#5366=AXIS2_PLACEMENT_3D('',#8176,#6780,#6781);
#5367=AXIS2_PLACEMENT_3D('',#8177,#6782,#6783);
#5368=AXIS2_PLACEMENT_3D('',#8181,#6786,#6787);
#5369=AXIS2_PLACEMENT_3D('',#8187,#6791,#6792);
#5370=AXIS2_PLACEMENT_3D('',#8190,#6794,#6795);
#5371=AXIS2_PLACEMENT_3D('',#8191,#6796,#6797);
#5372=AXIS2_PLACEMENT_3D('',#8195,#6800,#6801);
#5373=AXIS2_PLACEMENT_3D('',#8198,#6803,#6804);
#5374=AXIS2_PLACEMENT_3D('',#8199,#6805,#6806);
#5375=AXIS2_PLACEMENT_3D('',#8203,#6809,#6810);
#5376=AXIS2_PLACEMENT_3D('',#8209,#6814,#6815);
#5377=AXIS2_PLACEMENT_3D('',#8212,#6817,#6818);
#5378=AXIS2_PLACEMENT_3D('',#8213,#6819,#6820);
#5379=AXIS2_PLACEMENT_3D('',#8217,#6823,#6824);
#5380=AXIS2_PLACEMENT_3D('',#8220,#6826,#6827);
#5381=AXIS2_PLACEMENT_3D('',#8221,#6828,#6829);
#5382=AXIS2_PLACEMENT_3D('',#8225,#6832,#6833);
#5383=AXIS2_PLACEMENT_3D('',#8230,#6838,#6839);
#5384=AXIS2_PLACEMENT_3D('',#8232,#6841,#6842);
#5385=AXIS2_PLACEMENT_3D('',#8238,#6846,#6847);
#5386=AXIS2_PLACEMENT_3D('',#8241,#6849,#6850);
#5387=AXIS2_PLACEMENT_3D('',#8242,#6851,#6852);
#5388=AXIS2_PLACEMENT_3D('',#8246,#6855,#6856);
#5389=AXIS2_PLACEMENT_3D('',#8249,#6858,#6859);
#5390=AXIS2_PLACEMENT_3D('',#8250,#6860,#6861);
#5391=AXIS2_PLACEMENT_3D('',#8254,#6864,#6865);
#5392=AXIS2_PLACEMENT_3D('',#8257,#6868,#6869);
#5393=AXIS2_PLACEMENT_3D('',#8259,#6871,#6872);
#5394=AXIS2_PLACEMENT_3D('',#8260,#6873,#6874);
#5395=AXIS2_PLACEMENT_3D('',#8262,#6876,#6877);
#5396=AXIS2_PLACEMENT_3D('',#8263,#6878,#6879);
#5397=AXIS2_PLACEMENT_3D('',#8264,#6880,#6881);
#5398=AXIS2_PLACEMENT_3D('',#8265,#6882,#6883);
#5399=AXIS2_PLACEMENT_3D('',#8266,#6884,#6885);
#5400=AXIS2_PLACEMENT_3D('',#8268,#6887,#6888);
#5401=DIRECTION('axis',(0.,0.,1.));
#5402=DIRECTION('refdir',(1.,0.,0.));
#5403=DIRECTION('center_axis',(0.,0.,1.));
#5404=DIRECTION('ref_axis',(1.,0.,0.));
#5405=DIRECTION('center_axis',(0.,0.,1.));
#5406=DIRECTION('ref_axis',(1.,0.,0.));
#5407=DIRECTION('',(0.,0.,1.));
#5408=DIRECTION('center_axis',(0.,0.,1.));
#5409=DIRECTION('ref_axis',(1.,3.55271367880045E-15,0.));
#5410=DIRECTION('',(0.,0.,1.));
#5411=DIRECTION('center_axis',(-1.,0.,0.));
#5412=DIRECTION('ref_axis',(0.,-1.,0.));
#5413=DIRECTION('',(0.,1.,0.));
#5414=DIRECTION('',(0.,1.,0.));
#5415=DIRECTION('',(0.,0.,1.));
#5416=DIRECTION('',(0.,1.,0.));
#5417=DIRECTION('',(0.,0.,-1.));
#5418=DIRECTION('',(0.,1.,0.));
#5419=DIRECTION('',(0.,0.,1.));
#5420=DIRECTION('',(0.,1.,0.));
#5421=DIRECTION('',(0.,0.,-1.));
#5422=DIRECTION('',(0.,1.,0.));
#5423=DIRECTION('',(0.,0.,1.));
#5424=DIRECTION('',(0.,1.,0.));
#5425=DIRECTION('',(0.,0.,-1.));
#5426=DIRECTION('',(0.,1.,0.));
#5427=DIRECTION('',(0.,0.,1.));
#5428=DIRECTION('center_axis',(0.,0.,1.));
#5429=DIRECTION('ref_axis',(-1.42108547152022E-14,-1.,0.));
#5430=DIRECTION('center_axis',(0.,0.,1.));
#5431=DIRECTION('ref_axis',(-1.42108547152022E-14,-1.,0.));
#5432=DIRECTION('center_axis',(0.,0.,1.));
#5433=DIRECTION('ref_axis',(-1.42108547152022E-14,-1.,0.));
#5434=DIRECTION('',(0.,0.,1.));
#5435=DIRECTION('center_axis',(0.,0.,-1.));
#5436=DIRECTION('ref_axis',(1.,0.,0.));
#5437=DIRECTION('center_axis',(0.,0.,1.));
#5438=DIRECTION('ref_axis',(1.,0.,0.));
#5439=DIRECTION('',(0.,0.,-1.));
#5440=DIRECTION('center_axis',(0.,0.,-1.));
#5441=DIRECTION('ref_axis',(1.,0.,0.));
#5442=DIRECTION('',(0.,0.,-1.));
#5443=DIRECTION('center_axis',(1.,0.,0.));
#5444=DIRECTION('ref_axis',(0.,-1.,0.));
#5445=DIRECTION('',(0.,1.,0.));
#5446=DIRECTION('',(0.,-1.,0.));
#5447=DIRECTION('',(0.,0.,-1.));
#5448=DIRECTION('center_axis',(1.48029736616685E-15,-1.,0.));
#5449=DIRECTION('ref_axis',(-1.,-1.48029736616685E-15,0.));
#5450=DIRECTION('',(1.,1.48029736616685E-15,0.));
#5451=DIRECTION('',(0.,0.,-1.));
#5452=DIRECTION('',(-1.,-1.48029736616685E-15,0.));
#5453=DIRECTION('center_axis',(0.,1.,0.));
#5454=DIRECTION('ref_axis',(1.,0.,0.));
#5455=DIRECTION('',(-1.,0.,0.));
#5456=DIRECTION('',(1.,0.,0.));
#5457=DIRECTION('',(0.,0.,-1.));
#5458=DIRECTION('center_axis',(0.,0.,-1.));
#5459=DIRECTION('ref_axis',(1.,1.77635683940023E-14,0.));
#5460=DIRECTION('center_axis',(0.,0.,1.));
#5461=DIRECTION('ref_axis',(1.,1.77635683940023E-14,0.));
#5462=DIRECTION('center_axis',(0.,0.,-1.));
#5463=DIRECTION('ref_axis',(1.,1.77635683940023E-14,0.));
#5464=DIRECTION('',(0.,0.,-1.));
#5465=DIRECTION('center_axis',(1.,0.,0.));
#5466=DIRECTION('ref_axis',(0.,-1.,0.));
#5467=DIRECTION('',(0.,1.,0.));
#5468=DIRECTION('',(0.,-1.,0.));
#5469=DIRECTION('',(0.,0.,-1.));
#5470=DIRECTION('center_axis',(0.,0.,-1.));
#5471=DIRECTION('ref_axis',(3.55271367880045E-14,-1.,0.));
#5472=DIRECTION('center_axis',(0.,0.,1.));
#5473=DIRECTION('ref_axis',(3.55271367880045E-14,-1.,0.));
#5474=DIRECTION('center_axis',(0.,0.,-1.));
#5475=DIRECTION('ref_axis',(3.55271367880045E-14,-1.,0.));
#5476=DIRECTION('center_axis',(0.,0.,-1.));
#5477=DIRECTION('ref_axis',(1.,1.99840144432525E-14,0.));
#5478=DIRECTION('center_axis',(0.,0.,1.));
#5479=DIRECTION('ref_axis',(1.,1.99840144432525E-14,0.));
#5480=DIRECTION('',(0.,0.,-1.));
#5481=DIRECTION('center_axis',(0.,0.,-1.));
#5482=DIRECTION('ref_axis',(1.,1.99840144432525E-14,0.));
#5483=DIRECTION('',(0.,0.,-1.));
#5484=DIRECTION('center_axis',(1.,0.,0.));
#5485=DIRECTION('ref_axis',(0.,-1.,0.));
#5486=DIRECTION('',(0.,1.,0.));
#5487=DIRECTION('',(0.,-1.,0.));
#5488=DIRECTION('',(0.,0.,-1.));
#5489=DIRECTION('center_axis',(0.,0.,-1.));
#5490=DIRECTION('ref_axis',(0.,-1.,0.));
#5491=DIRECTION('center_axis',(0.,0.,1.));
#5492=DIRECTION('ref_axis',(0.,-1.,0.));
#5493=DIRECTION('center_axis',(0.,0.,-1.));
#5494=DIRECTION('ref_axis',(0.,-1.,0.));
#5495=DIRECTION('',(0.,0.,-1.));
#5496=DIRECTION('center_axis',(0.,-1.,0.));
#5497=DIRECTION('ref_axis',(-1.,0.,0.));
#5498=DIRECTION('',(1.,0.,0.));
#5499=DIRECTION('',(-1.,0.,0.));
#5500=DIRECTION('center_axis',(0.,1.,0.));
#5501=DIRECTION('ref_axis',(1.,0.,0.));
#5502=DIRECTION('',(-1.,0.,0.));
#5503=DIRECTION('',(1.,0.,0.));
#5504=DIRECTION('center_axis',(0.,0.,-1.));
#5505=DIRECTION('ref_axis',(0.,1.,0.));
#5506=DIRECTION('center_axis',(0.,0.,1.));
#5507=DIRECTION('ref_axis',(0.,1.,0.));
#5508=DIRECTION('',(0.,0.,-1.));
#5509=DIRECTION('center_axis',(0.,0.,-1.));
#5510=DIRECTION('ref_axis',(0.,1.,0.));
#5511=DIRECTION('',(0.,0.,-1.));
#5512=DIRECTION('center_axis',(0.,1.,0.));
#5513=DIRECTION('ref_axis',(1.,0.,0.));
#5514=DIRECTION('',(-1.,0.,0.));
#5515=DIRECTION('',(1.,0.,0.));
#5516=DIRECTION('',(0.,0.,-1.));
#5517=DIRECTION('center_axis',(0.,0.,-1.));
#5518=DIRECTION('ref_axis',(1.,0.,0.));
#5519=DIRECTION('center_axis',(0.,0.,1.));
#5520=DIRECTION('ref_axis',(1.,0.,0.));
#5521=DIRECTION('center_axis',(0.,0.,-1.));
#5522=DIRECTION('ref_axis',(1.,0.,0.));
#5523=DIRECTION('',(0.,0.,-1.));
#5524=DIRECTION('center_axis',(1.,0.,0.));
#5525=DIRECTION('ref_axis',(0.,-1.,0.));
#5526=DIRECTION('',(0.,1.,0.));
#5527=DIRECTION('',(0.,-1.,0.));
#5528=DIRECTION('',(0.,0.,-1.));
#5529=DIRECTION('center_axis',(-1.,0.,0.));
#5530=DIRECTION('ref_axis',(0.,1.,0.));
#5531=DIRECTION('',(0.,-1.,0.));
#5532=DIRECTION('',(0.,0.,1.));
#5533=DIRECTION('',(0.,1.,0.));
#5534=DIRECTION('center_axis',(0.,-1.,0.));
#5535=DIRECTION('ref_axis',(-1.,0.,0.));
#5536=DIRECTION('',(1.,0.,0.));
#5537=DIRECTION('',(0.,0.,-1.));
#5538=DIRECTION('',(-1.,0.,0.));
#5539=DIRECTION('center_axis',(0.,1.,0.));
#5540=DIRECTION('ref_axis',(1.,0.,0.));
#5541=DIRECTION('',(-1.,0.,0.));
#5542=DIRECTION('',(1.,0.,0.));
#5543=DIRECTION('',(0.,0.,-1.));
#5544=DIRECTION('center_axis',(0.,0.,-1.));
#5545=DIRECTION('ref_axis',(1.,2.66453525910034E-14,0.));
#5546=DIRECTION('center_axis',(0.,0.,1.));
#5547=DIRECTION('ref_axis',(1.,2.66453525910034E-14,0.));
#5548=DIRECTION('center_axis',(0.,0.,-1.));
#5549=DIRECTION('ref_axis',(1.,2.66453525910034E-14,0.));
#5550=DIRECTION('',(0.,0.,-1.));
#5551=DIRECTION('center_axis',(1.,0.,0.));
#5552=DIRECTION('ref_axis',(0.,-1.,0.));
#5553=DIRECTION('',(0.,1.,0.));
#5554=DIRECTION('',(0.,-1.,0.));
#5555=DIRECTION('',(0.,0.,-1.));
#5556=DIRECTION('center_axis',(0.,0.,-1.));
#5557=DIRECTION('ref_axis',(0.,-1.,0.));
#5558=DIRECTION('center_axis',(0.,0.,1.));
#5559=DIRECTION('ref_axis',(0.,-1.,0.));
#5560=DIRECTION('center_axis',(0.,0.,-1.));
#5561=DIRECTION('ref_axis',(0.,-1.,0.));
#5562=DIRECTION('center_axis',(0.,0.,-1.));
#5563=DIRECTION('ref_axis',(-1.,0.,0.));
#5564=DIRECTION('center_axis',(0.,0.,1.));
#5565=DIRECTION('ref_axis',(-1.,0.,0.));
#5566=DIRECTION('',(0.,0.,-1.));
#5567=DIRECTION('center_axis',(0.,0.,-1.));
#5568=DIRECTION('ref_axis',(-1.,0.,0.));
#5569=DIRECTION('',(0.,0.,-1.));
#5570=DIRECTION('center_axis',(-1.,0.,0.));
#5571=DIRECTION('ref_axis',(0.,1.,0.));
#5572=DIRECTION('',(0.,-1.,0.));
#5573=DIRECTION('',(0.,1.,0.));
#5574=DIRECTION('',(0.,0.,-1.));
#5575=DIRECTION('center_axis',(1.,0.,0.));
#5576=DIRECTION('ref_axis',(0.,-1.,0.));
#5577=DIRECTION('',(0.,1.,0.));
#5578=DIRECTION('',(0.,0.,1.));
#5579=DIRECTION('',(0.,-1.,0.));
#5580=DIRECTION('',(0.,0.,-1.));
#5581=DIRECTION('center_axis',(0.,0.,-1.));
#5582=DIRECTION('ref_axis',(0.,-1.,0.));
#5583=DIRECTION('center_axis',(0.,0.,1.));
#5584=DIRECTION('ref_axis',(0.,-1.,0.));
#5585=DIRECTION('center_axis',(0.,0.,-1.));
#5586=DIRECTION('ref_axis',(0.,-1.,0.));
#5587=DIRECTION('',(0.,0.,-1.));
#5588=DIRECTION('center_axis',(0.,-1.,0.));
#5589=DIRECTION('ref_axis',(-1.,0.,0.));
#5590=DIRECTION('',(1.,0.,0.));
#5591=DIRECTION('',(-1.,0.,0.));
#5592=DIRECTION('center_axis',(0.,0.,-1.));
#5593=DIRECTION('ref_axis',(1.,0.,0.));
#5594=DIRECTION('center_axis',(0.,0.,1.));
#5595=DIRECTION('ref_axis',(1.,0.,0.));
#5596=DIRECTION('',(0.,0.,-1.));
#5597=DIRECTION('center_axis',(0.,0.,-1.));
#5598=DIRECTION('ref_axis',(1.,0.,0.));
#5599=DIRECTION('',(0.,0.,-1.));
#5600=DIRECTION('center_axis',(1.,0.,0.));
#5601=DIRECTION('ref_axis',(0.,-1.,0.));
#5602=DIRECTION('',(0.,1.,0.));
#5603=DIRECTION('',(0.,-1.,0.));
#5604=DIRECTION('',(0.,0.,-1.));
#5605=DIRECTION('center_axis',(-1.,0.,0.));
#5606=DIRECTION('ref_axis',(0.,1.,0.));
#5607=DIRECTION('',(0.,-1.,0.));
#5608=DIRECTION('',(0.,0.,1.));
#5609=DIRECTION('',(0.,1.,0.));
#5610=DIRECTION('',(0.,0.,-1.));
#5611=DIRECTION('center_axis',(0.,0.,-1.));
#5612=DIRECTION('ref_axis',(0.,1.,0.));
#5613=DIRECTION('center_axis',(0.,0.,1.));
#5614=DIRECTION('ref_axis',(0.,1.,0.));
#5615=DIRECTION('center_axis',(0.,0.,-1.));
#5616=DIRECTION('ref_axis',(0.,1.,0.));
#5617=DIRECTION('',(0.,0.,-1.));
#5618=DIRECTION('center_axis',(0.,1.,0.));
#5619=DIRECTION('ref_axis',(1.,0.,0.));
#5620=DIRECTION('',(-1.,0.,0.));
#5621=DIRECTION('',(1.,0.,0.));
#5622=DIRECTION('center_axis',(0.,0.,-1.));
#5623=DIRECTION('ref_axis',(-1.,0.,0.));
#5624=DIRECTION('center_axis',(0.,0.,1.));
#5625=DIRECTION('ref_axis',(-1.,0.,0.));
#5626=DIRECTION('',(0.,0.,-1.));
#5627=DIRECTION('center_axis',(0.,0.,-1.));
#5628=DIRECTION('ref_axis',(-1.,0.,0.));
#5629=DIRECTION('',(0.,0.,-1.));
#5630=DIRECTION('center_axis',(1.,0.,0.));
#5631=DIRECTION('ref_axis',(0.,-1.,0.));
#5632=DIRECTION('',(0.,1.,0.));
#5633=DIRECTION('',(0.,0.,1.));
#5634=DIRECTION('',(0.,-1.,0.));
#5635=DIRECTION('',(0.,0.,-1.));
#5636=DIRECTION('center_axis',(0.,0.,-1.));
#5637=DIRECTION('ref_axis',(0.,-1.,0.));
#5638=DIRECTION('center_axis',(0.,0.,1.));
#5639=DIRECTION('ref_axis',(0.,-1.,0.));
#5640=DIRECTION('center_axis',(0.,0.,-1.));
#5641=DIRECTION('ref_axis',(0.,-1.,0.));
#5642=DIRECTION('',(0.,0.,-1.));
#5643=DIRECTION('center_axis',(0.,-1.,0.));
#5644=DIRECTION('ref_axis',(-1.,0.,0.));
#5645=DIRECTION('',(1.,0.,0.));
#5646=DIRECTION('',(-1.,0.,0.));
#5647=DIRECTION('center_axis',(-1.66066391966368E-16,1.,0.));
#5648=DIRECTION('ref_axis',(-1.,-1.66066391966368E-16,0.));
#5649=DIRECTION('',(1.,1.66066391966368E-16,0.));
#5650=DIRECTION('',(1.,1.66066391966368E-16,0.));
#5651=DIRECTION('',(0.,0.,1.));
#5652=DIRECTION('',(1.,1.66066391966368E-16,0.));
#5653=DIRECTION('',(0.,0.,-1.));
#5654=DIRECTION('',(1.,1.66066391966368E-16,0.));
#5655=DIRECTION('',(0.,0.,1.));
#5656=DIRECTION('',(1.,1.66066391966368E-16,0.));
#5657=DIRECTION('',(0.,0.,-1.));
#5658=DIRECTION('',(1.,1.66066391966368E-16,0.));
#5659=DIRECTION('',(1.,1.66066391966368E-16,0.));
#5660=DIRECTION('',(1.,1.66066391966368E-16,0.));
#5661=DIRECTION('center_axis',(0.,0.,1.));
#5662=DIRECTION('ref_axis',(-1.,0.,0.));
#5663=DIRECTION('center_axis',(0.,0.,1.));
#5664=DIRECTION('ref_axis',(-1.,0.,0.));
#5665=DIRECTION('',(-1.,-6.71717466212989E-17,0.));
#5666=DIRECTION('center_axis',(0.,0.,1.));
#5667=DIRECTION('ref_axis',(-1.,0.,0.));
#5668=DIRECTION('center_axis',(0.,0.,1.));
#5669=DIRECTION('ref_axis',(-1.,0.,0.));
#5670=DIRECTION('',(0.,1.,0.));
#5671=DIRECTION('center_axis',(0.,0.,1.));
#5672=DIRECTION('ref_axis',(-1.,0.,0.));
#5673=DIRECTION('',(5.389043344034E-17,1.,0.));
#5674=DIRECTION('',(-1.,-6.71717466212989E-17,0.));
#5675=DIRECTION('',(1.,0.,0.));
#5676=DIRECTION('center_axis',(0.,0.,1.));
#5677=DIRECTION('ref_axis',(-1.,0.,0.));
#5678=DIRECTION('center_axis',(0.,0.,-1.));
#5679=DIRECTION('ref_axis',(-1.,8.88178419700132E-15,0.));
#5680=DIRECTION('',(-1.,-2.69144975666705E-16,0.));
#5681=DIRECTION('center_axis',(0.,0.,-1.));
#5682=DIRECTION('ref_axis',(0.,-1.,0.));
#5683=DIRECTION('',(0.,-1.,0.));
#5684=DIRECTION('',(0.,1.,0.));
#5685=DIRECTION('center_axis',(0.,0.,1.));
#5686=DIRECTION('ref_axis',(-1.,0.,0.));
#5687=DIRECTION('center_axis',(0.,0.,1.));
#5688=DIRECTION('ref_axis',(-1.,0.,0.));
#5689=DIRECTION('center_axis',(0.,0.,1.));
#5690=DIRECTION('ref_axis',(-1.,0.,0.));
#5691=DIRECTION('',(-1.,-6.71717466212989E-17,0.));
#5692=DIRECTION('center_axis',(1.,0.,0.));
#5693=DIRECTION('ref_axis',(0.,1.,0.));
#5694=DIRECTION('',(0.,0.994521895368248,-0.104528463267899));
#5695=DIRECTION('',(0.,-1.,0.));
#5696=DIRECTION('',(0.,0.,1.));
#5697=DIRECTION('',(0.,-1.,0.));
#5698=DIRECTION('',(0.,0.,1.));
#5699=DIRECTION('center_axis',(0.,0.,1.));
#5700=DIRECTION('ref_axis',(1.,0.,0.));
#5701=DIRECTION('center_axis',(0.,0.,-1.));
#5702=DIRECTION('ref_axis',(1.,0.,0.));
#5703=DIRECTION('center_axis',(0.,0.,1.));
#5704=DIRECTION('ref_axis',(1.,0.,0.));
#5705=DIRECTION('',(0.,0.,1.));
#5706=DIRECTION('center_axis',(-1.,0.,0.));
#5707=DIRECTION('ref_axis',(0.,1.,0.));
#5708=DIRECTION('',(0.,-1.,0.));
#5709=DIRECTION('center_axis',(1.,0.,0.));
#5710=DIRECTION('ref_axis',(0.,-1.,0.));
#5711=DIRECTION('',(0.,1.,0.));
#5712=DIRECTION('',(0.,0.,-1.));
#5713=DIRECTION('center_axis',(0.,0.,-1.));
#5714=DIRECTION('ref_axis',(0.,-1.,0.));
#5715=DIRECTION('center_axis',(0.,0.,1.));
#5716=DIRECTION('ref_axis',(0.,-1.,0.));
#5717=DIRECTION('',(0.,0.,-1.));
#5718=DIRECTION('center_axis',(2.69144975666705E-16,-1.,0.));
#5719=DIRECTION('ref_axis',(-1.,-2.69144975666705E-16,0.));
#5720=DIRECTION('',(1.,2.69144975666705E-16,0.));
#5721=DIRECTION('',(0.,0.,-1.));
#5722=DIRECTION('center_axis',(0.,0.,-1.));
#5723=DIRECTION('ref_axis',(-1.,8.88178419700132E-15,0.));
#5724=DIRECTION('center_axis',(0.,0.,1.));
#5725=DIRECTION('ref_axis',(-1.,8.88178419700132E-15,0.));
#5726=DIRECTION('',(0.,0.,-1.));
#5727=DIRECTION('center_axis',(-1.,0.,0.));
#5728=DIRECTION('ref_axis',(0.,1.,0.));
#5729=DIRECTION('',(0.,-1.,0.));
#5730=DIRECTION('center_axis',(0.,0.,1.));
#5731=DIRECTION('ref_axis',(-1.77635683940025E-14,1.,0.));
#5732=DIRECTION('center_axis',(0.,0.,-1.));
#5733=DIRECTION('ref_axis',(-1.77635683940025E-14,1.,0.));
#5734=DIRECTION('center_axis',(0.,0.,-1.));
#5735=DIRECTION('ref_axis',(-1.77635683940025E-14,1.,0.));
#5736=DIRECTION('',(0.,0.,1.));
#5737=DIRECTION('center_axis',(0.,0.,1.));
#5738=DIRECTION('ref_axis',(0.,-1.,0.));
#5739=DIRECTION('center_axis',(0.,0.,1.));
#5740=DIRECTION('ref_axis',(0.,-1.,0.));
#5741=DIRECTION('center_axis',(0.,0.,1.));
#5742=DIRECTION('ref_axis',(0.,-1.,0.));
#5743=DIRECTION('',(0.,0.,1.));
#5744=DIRECTION('center_axis',(7.92662578938086E-17,1.,0.));
#5745=DIRECTION('ref_axis',(-1.,7.92662578938086E-17,0.));
#5746=DIRECTION('',(0.,0.,-1.));
#5747=DIRECTION('',(1.,-7.92662578938086E-17,0.));
#5748=DIRECTION('',(1.,-7.92662578938086E-17,0.));
#5749=DIRECTION('center_axis',(0.,1.,0.));
#5750=DIRECTION('ref_axis',(1.,0.,0.));
#5751=DIRECTION('',(0.,0.,1.));
#5752=DIRECTION('',(-1.,0.,0.));
#5753=DIRECTION('center_axis',(0.,0.,1.));
#5754=DIRECTION('ref_axis',(0.,-1.,0.));
#5755=DIRECTION('center_axis',(0.,0.104528463267899,0.994521895368248));
#5756=DIRECTION('ref_axis',(0.,-0.994521895368247,0.104528463267899));
#5757=DIRECTION('center_axis',(0.,0.,-1.));
#5758=DIRECTION('ref_axis',(0.,-1.,0.));
#5759=DIRECTION('',(0.,0.,1.));
#5760=DIRECTION('center_axis',(-1.,0.,0.));
#5761=DIRECTION('ref_axis',(0.,1.,0.));
#5762=DIRECTION('',(0.,1.,0.));
#5763=DIRECTION('',(0.,0.,-1.));
#5764=DIRECTION('',(0.,-1.,0.));
#5765=DIRECTION('',(0.,0.,-1.));
#5766=DIRECTION('center_axis',(0.,0.,-1.));
#5767=DIRECTION('ref_axis',(0.,1.,0.));
#5768=DIRECTION('center_axis',(0.,0.,-1.));
#5769=DIRECTION('ref_axis',(0.,1.,0.));
#5770=DIRECTION('center_axis',(0.,0.,1.));
#5771=DIRECTION('ref_axis',(0.,1.,0.));
#5772=DIRECTION('',(0.,0.,-1.));
#5773=DIRECTION('center_axis',(0.,0.,-1.));
#5774=DIRECTION('ref_axis',(1.,0.,0.));
#5775=DIRECTION('center_axis',(0.,0.,-1.));
#5776=DIRECTION('ref_axis',(1.,0.,0.));
#5777=DIRECTION('',(0.,0.,-1.));
#5778=DIRECTION('center_axis',(0.,0.,1.));
#5779=DIRECTION('ref_axis',(1.,0.,0.));
#5780=DIRECTION('',(0.,0.,-1.));
#5781=DIRECTION('center_axis',(0.,1.,0.));
#5782=DIRECTION('ref_axis',(1.,0.,0.));
#5783=DIRECTION('',(1.,0.,0.));
#5784=DIRECTION('',(-1.,0.,0.));
#5785=DIRECTION('center_axis',(0.,0.,1.));
#5786=DIRECTION('ref_axis',(1.,0.,0.));
#5787=DIRECTION('center_axis',(0.,0.,1.));
#5788=DIRECTION('ref_axis',(-1.,0.,0.));
#5789=DIRECTION('center_axis',(1.,0.,0.));
#5790=DIRECTION('ref_axis',(0.,-1.,0.));
#5791=DIRECTION('',(0.,-1.,0.));
#5792=DIRECTION('',(0.,1.,0.));
#5793=DIRECTION('',(0.,0.,-1.));
#5794=DIRECTION('center_axis',(0.,0.,-1.));
#5795=DIRECTION('ref_axis',(0.,-1.,0.));
#5796=DIRECTION('center_axis',(0.,0.,-1.));
#5797=DIRECTION('ref_axis',(0.,-1.,0.));
#5798=DIRECTION('center_axis',(0.,0.,1.));
#5799=DIRECTION('ref_axis',(0.,-1.,0.));
#5800=DIRECTION('',(0.,0.,-1.));
#5801=DIRECTION('center_axis',(0.,-1.,0.));
#5802=DIRECTION('ref_axis',(-1.,0.,0.));
#5803=DIRECTION('',(-1.,0.,0.));
#5804=DIRECTION('',(1.,0.,0.));
#5805=DIRECTION('',(0.,0.,-1.));
#5806=DIRECTION('center_axis',(0.,0.,-1.));
#5807=DIRECTION('ref_axis',(-1.,0.,0.));
#5808=DIRECTION('center_axis',(0.,0.,-1.));
#5809=DIRECTION('ref_axis',(-1.,0.,0.));
#5810=DIRECTION('center_axis',(0.,0.,1.));
#5811=DIRECTION('ref_axis',(-1.,0.,0.));
#5812=DIRECTION('center_axis',(0.,0.,1.));
#5813=DIRECTION('ref_axis',(1.,0.,0.));
#5814=DIRECTION('',(-0.707106781186546,0.,-0.707106781186549));
#5815=DIRECTION('center_axis',(0.,0.,1.));
#5816=DIRECTION('ref_axis',(1.,0.,0.));
#5817=DIRECTION('',(1.25607396694703E-14,0.707106781186543,0.707106781186552));
#5818=DIRECTION('center_axis',(0.,-0.707106781186549,0.707106781186546));
#5819=DIRECTION('ref_axis',(1.,0.,0.));
#5820=DIRECTION('',(-1.,0.,0.));
#5821=DIRECTION('',(0.,0.707106781186546,0.707106781186549));
#5822=DIRECTION('center_axis',(0.,0.,1.));
#5823=DIRECTION('ref_axis',(0.,1.,0.));
#5824=DIRECTION('center_axis',(0.,0.,1.));
#5825=DIRECTION('ref_axis',(0.,1.,0.));
#5826=DIRECTION('',(-0.707106781186552,0.,0.707106781186543));
#5827=DIRECTION('center_axis',(0.707106781186549,0.,0.707106781186546));
#5828=DIRECTION('ref_axis',(0.707106781186546,0.,-0.707106781186549));
#5829=DIRECTION('',(0.,-1.,0.));
#5830=DIRECTION('',(-0.707106781186546,0.,0.707106781186549));
#5831=DIRECTION('center_axis',(0.,0.,1.));
#5832=DIRECTION('ref_axis',(-1.,0.,0.));
#5833=DIRECTION('center_axis',(0.,0.,1.));
#5834=DIRECTION('ref_axis',(-1.,0.,0.));
#5835=DIRECTION('',(0.,-0.707106781186544,0.707106781186551));
#5836=DIRECTION('center_axis',(0.,0.707106781186548,0.707106781186548));
#5837=DIRECTION('ref_axis',(1.,0.,0.));
#5838=DIRECTION('',(1.,0.,0.));
#5839=DIRECTION('',(0.,-0.707106781186546,0.707106781186549));
#5840=DIRECTION('center_axis',(0.,0.,1.));
#5841=DIRECTION('ref_axis',(0.,-1.,0.));
#5842=DIRECTION('center_axis',(0.,0.,1.));
#5843=DIRECTION('ref_axis',(0.,-1.,0.));
#5844=DIRECTION('',(0.707106781186552,0.,0.707106781186543));
#5845=DIRECTION('center_axis',(-0.707106781186549,0.,0.707106781186546));
#5846=DIRECTION('ref_axis',(0.707106781186546,0.,0.707106781186549));
#5847=DIRECTION('',(0.,1.,0.));
#5848=DIRECTION('center_axis',(0.,0.,-1.));
#5849=DIRECTION('ref_axis',(-1.,0.,0.));
#5850=DIRECTION('center_axis',(0.,0.,-1.));
#5851=DIRECTION('ref_axis',(-1.,0.,0.));
#5852=DIRECTION('',(0.,0.,-1.));
#5853=DIRECTION('center_axis',(0.,0.,-1.));
#5854=DIRECTION('ref_axis',(-1.,0.,0.));
#5855=DIRECTION('center_axis',(0.,0.,-1.));
#5856=DIRECTION('ref_axis',(-1.,0.,0.));
#5857=DIRECTION('center_axis',(0.,0.,-1.));
#5858=DIRECTION('ref_axis',(-1.,0.,0.));
#5859=DIRECTION('',(0.,0.,-1.));
#5860=DIRECTION('center_axis',(0.,0.,-1.));
#5861=DIRECTION('ref_axis',(-1.,0.,0.));
#5862=DIRECTION('center_axis',(0.,0.,-1.));
#5863=DIRECTION('ref_axis',(-1.,0.,0.));
#5864=DIRECTION('center_axis',(0.,0.,-1.));
#5865=DIRECTION('ref_axis',(-1.,0.,0.));
#5866=DIRECTION('',(0.,0.,-1.));
#5867=DIRECTION('center_axis',(0.,0.,-1.));
#5868=DIRECTION('ref_axis',(-1.,0.,0.));
#5869=DIRECTION('center_axis',(0.,0.,-1.));
#5870=DIRECTION('ref_axis',(-1.,0.,0.));
#5871=DIRECTION('center_axis',(0.,0.,-1.));
#5872=DIRECTION('ref_axis',(-1.,0.,0.));
#5873=DIRECTION('',(0.,0.,-1.));
#5874=DIRECTION('center_axis',(0.,0.,-1.));
#5875=DIRECTION('ref_axis',(-1.,0.,0.));
#5876=DIRECTION('center_axis',(0.,0.,-1.));
#5877=DIRECTION('ref_axis',(-1.,0.,0.));
#5878=DIRECTION('center_axis',(0.,0.,-1.));
#5879=DIRECTION('ref_axis',(-1.,0.,0.));
#5880=DIRECTION('',(0.,0.,-1.));
#5881=DIRECTION('center_axis',(0.,0.,-1.));
#5882=DIRECTION('ref_axis',(-1.,0.,0.));
#5883=DIRECTION('center_axis',(0.,0.,-1.));
#5884=DIRECTION('ref_axis',(-1.,0.,0.));
#5885=DIRECTION('center_axis',(0.,0.,-1.));
#5886=DIRECTION('ref_axis',(-1.,0.,0.));
#5887=DIRECTION('',(0.,0.,-1.));
#5888=DIRECTION('center_axis',(0.,0.,-1.));
#5889=DIRECTION('ref_axis',(-1.,0.,0.));
#5890=DIRECTION('center_axis',(0.,0.,-1.));
#5891=DIRECTION('ref_axis',(-1.,0.,0.));
#5892=DIRECTION('center_axis',(0.,0.,-1.));
#5893=DIRECTION('ref_axis',(-1.,0.,0.));
#5894=DIRECTION('',(0.,0.,-1.));
#5895=DIRECTION('center_axis',(0.,0.,-1.));
#5896=DIRECTION('ref_axis',(-1.,0.,0.));
#5897=DIRECTION('center_axis',(0.,0.,-1.));
#5898=DIRECTION('ref_axis',(-1.,0.,0.));
#5899=DIRECTION('center_axis',(0.,0.,-1.));
#5900=DIRECTION('ref_axis',(-1.,0.,0.));
#5901=DIRECTION('',(0.,0.,-1.));
#5902=DIRECTION('center_axis',(0.,0.,-1.));
#5903=DIRECTION('ref_axis',(-1.,0.,0.));
#5904=DIRECTION('center_axis',(0.,0.,-1.));
#5905=DIRECTION('ref_axis',(-1.,0.,0.));
#5906=DIRECTION('center_axis',(0.,0.,-1.));
#5907=DIRECTION('ref_axis',(-1.,0.,0.));
#5908=DIRECTION('',(0.,0.,-1.));
#5909=DIRECTION('center_axis',(0.,0.,-1.));
#5910=DIRECTION('ref_axis',(-1.,0.,0.));
#5911=DIRECTION('center_axis',(0.,0.,1.));
#5912=DIRECTION('ref_axis',(-1.,0.,0.));
#5913=DIRECTION('center_axis',(0.,0.,1.));
#5914=DIRECTION('ref_axis',(-1.,0.,0.));
#5915=DIRECTION('center_axis',(0.,0.,1.));
#5916=DIRECTION('ref_axis',(-1.,0.,0.));
#5917=DIRECTION('center_axis',(0.,0.104528463267899,0.994521895368248));
#5918=DIRECTION('ref_axis',(0.,-0.994521895368248,0.104528463267899));
#5919=DIRECTION('',(0.,0.,1.));
#5920=DIRECTION('center_axis',(0.,0.,1.));
#5921=DIRECTION('ref_axis',(-1.,0.,0.));
#5922=DIRECTION('center_axis',(0.,0.,1.));
#5923=DIRECTION('ref_axis',(-1.,0.,0.));
#5924=DIRECTION('center_axis',(0.,0.,1.));
#5925=DIRECTION('ref_axis',(-1.,0.,0.));
#5926=DIRECTION('center_axis',(0.,0.,1.));
#5927=DIRECTION('ref_axis',(-1.,0.,0.));
#5928=DIRECTION('',(0.,0.,1.));
#5929=DIRECTION('center_axis',(0.,0.,1.));
#5930=DIRECTION('ref_axis',(-1.,0.,0.));
#5931=DIRECTION('center_axis',(0.,0.,1.));
#5932=DIRECTION('ref_axis',(-1.,0.,0.));
#5933=DIRECTION('center_axis',(0.,0.,1.));
#5934=DIRECTION('ref_axis',(-1.,0.,0.));
#5935=DIRECTION('center_axis',(0.,0.,1.));
#5936=DIRECTION('ref_axis',(-1.,0.,0.));
#5937=DIRECTION('',(0.,0.,1.));
#5938=DIRECTION('center_axis',(0.,0.,1.));
#5939=DIRECTION('ref_axis',(-1.,0.,0.));
#5940=DIRECTION('center_axis',(0.,0.,1.));
#5941=DIRECTION('ref_axis',(-1.,0.,0.));
#5942=DIRECTION('center_axis',(0.,0.,1.));
#5943=DIRECTION('ref_axis',(-1.,0.,0.));
#5944=DIRECTION('center_axis',(0.,0.104528463267899,0.994521895368248));
#5945=DIRECTION('ref_axis',(0.,-0.994521895368248,0.104528463267899));
#5946=DIRECTION('',(0.,0.,1.));
#5947=DIRECTION('center_axis',(0.,0.,1.));
#5948=DIRECTION('ref_axis',(-1.,0.,0.));
#5949=DIRECTION('center_axis',(0.,0.,1.));
#5950=DIRECTION('ref_axis',(-1.,0.,0.));
#5951=DIRECTION('center_axis',(0.,0.,1.));
#5952=DIRECTION('ref_axis',(-1.,0.,0.));
#5953=DIRECTION('center_axis',(0.,0.104528463267899,0.994521895368248));
#5954=DIRECTION('ref_axis',(0.,-0.994521895368248,0.104528463267899));
#5955=DIRECTION('',(0.,0.,1.));
#5956=DIRECTION('center_axis',(0.,0.,1.));
#5957=DIRECTION('ref_axis',(-1.,0.,0.));
#5958=DIRECTION('center_axis',(0.,0.,1.));
#5959=DIRECTION('ref_axis',(-1.,0.,0.));
#5960=DIRECTION('center_axis',(0.,0.,1.));
#5961=DIRECTION('ref_axis',(-1.,0.,0.));
#5962=DIRECTION('center_axis',(0.,0.,1.));
#5963=DIRECTION('ref_axis',(-1.,0.,0.));
#5964=DIRECTION('',(0.,0.,1.));
#5965=DIRECTION('center_axis',(0.,0.,1.));
#5966=DIRECTION('ref_axis',(-1.,0.,0.));
#5967=DIRECTION('center_axis',(0.,0.,1.));
#5968=DIRECTION('ref_axis',(-1.,0.,0.));
#5969=DIRECTION('center_axis',(0.,0.,1.));
#5970=DIRECTION('ref_axis',(-1.,0.,0.));
#5971=DIRECTION('center_axis',(0.,0.,1.));
#5972=DIRECTION('ref_axis',(-1.,0.,0.));
#5973=DIRECTION('',(0.,0.,1.));
#5974=DIRECTION('center_axis',(0.,0.,1.));
#5975=DIRECTION('ref_axis',(-1.,0.,0.));
#5976=DIRECTION('center_axis',(0.,0.,1.));
#5977=DIRECTION('ref_axis',(-1.,0.,0.));
#5978=DIRECTION('center_axis',(0.,0.,1.));
#5979=DIRECTION('ref_axis',(-1.,0.,0.));
#5980=DIRECTION('center_axis',(0.,0.,1.));
#5981=DIRECTION('ref_axis',(-1.,0.,0.));
#5982=DIRECTION('',(0.,0.,1.));
#5983=DIRECTION('center_axis',(0.,0.,1.));
#5984=DIRECTION('ref_axis',(-1.,0.,0.));
#5985=DIRECTION('center_axis',(0.,0.,1.));
#5986=DIRECTION('ref_axis',(-1.,0.,0.));
#5987=DIRECTION('center_axis',(0.,0.,1.));
#5988=DIRECTION('ref_axis',(-1.,0.,0.));
#5989=DIRECTION('center_axis',(0.,0.104528463267899,0.994521895368248));
#5990=DIRECTION('ref_axis',(0.,-0.994521895368247,0.104528463267899));
#5991=DIRECTION('',(0.,0.,1.));
#5992=DIRECTION('center_axis',(0.,0.,1.));
#5993=DIRECTION('ref_axis',(1.,0.,0.));
#5994=DIRECTION('center_axis',(0.,0.,1.));
#5995=DIRECTION('ref_axis',(1.,0.,0.));
#5996=DIRECTION('',(0.,0.,1.));
#5997=DIRECTION('center_axis',(0.,0.,1.));
#5998=DIRECTION('ref_axis',(1.,0.,0.));
#5999=DIRECTION('center_axis',(0.,0.,1.));
#6000=DIRECTION('ref_axis',(1.,0.,0.));
#6001=DIRECTION('center_axis',(0.,0.,1.));
#6002=DIRECTION('ref_axis',(1.,0.,0.));
#6003=DIRECTION('',(0.,0.,1.));
#6004=DIRECTION('center_axis',(0.,0.,1.));
#6005=DIRECTION('ref_axis',(1.,0.,0.));
#6006=DIRECTION('center_axis',(0.,0.,1.));
#6007=DIRECTION('ref_axis',(1.,0.,0.));
#6008=DIRECTION('center_axis',(0.,0.,1.));
#6009=DIRECTION('ref_axis',(1.,0.,0.));
#6010=DIRECTION('',(0.,0.,1.));
#6011=DIRECTION('center_axis',(0.,0.,1.));
#6012=DIRECTION('ref_axis',(1.,0.,0.));
#6013=DIRECTION('center_axis',(0.,0.,1.));
#6014=DIRECTION('ref_axis',(1.,0.,0.));
#6015=DIRECTION('center_axis',(0.,0.,1.));
#6016=DIRECTION('ref_axis',(1.,0.,0.));
#6017=DIRECTION('',(0.,0.,1.));
#6018=DIRECTION('center_axis',(0.,0.,1.));
#6019=DIRECTION('ref_axis',(1.,0.,0.));
#6020=DIRECTION('center_axis',(0.,0.,1.));
#6021=DIRECTION('ref_axis',(1.,0.,0.));
#6022=DIRECTION('center_axis',(0.,0.,1.));
#6023=DIRECTION('ref_axis',(1.,0.,0.));
#6024=DIRECTION('',(0.,0.,1.));
#6025=DIRECTION('center_axis',(0.,0.,1.));
#6026=DIRECTION('ref_axis',(1.,0.,0.));
#6027=DIRECTION('center_axis',(0.,0.,1.));
#6028=DIRECTION('ref_axis',(1.,0.,0.));
#6029=DIRECTION('center_axis',(0.,0.,1.));
#6030=DIRECTION('ref_axis',(1.,0.,0.));
#6031=DIRECTION('',(0.,0.,1.));
#6032=DIRECTION('center_axis',(0.,0.,1.));
#6033=DIRECTION('ref_axis',(1.,0.,0.));
#6034=DIRECTION('center_axis',(0.,0.,1.));
#6035=DIRECTION('ref_axis',(1.,0.,0.));
#6036=DIRECTION('center_axis',(0.,0.,1.));
#6037=DIRECTION('ref_axis',(1.,0.,0.));
#6038=DIRECTION('',(0.,0.,1.));
#6039=DIRECTION('center_axis',(0.,0.,1.));
#6040=DIRECTION('ref_axis',(1.,0.,0.));
#6041=DIRECTION('center_axis',(0.,0.,1.));
#6042=DIRECTION('ref_axis',(1.,0.,0.));
#6043=DIRECTION('center_axis',(0.,0.,1.));
#6044=DIRECTION('ref_axis',(1.,0.,0.));
#6045=DIRECTION('',(0.,0.,1.));
#6046=DIRECTION('center_axis',(0.,0.,1.));
#6047=DIRECTION('ref_axis',(1.,0.,0.));
#6048=DIRECTION('center_axis',(6.71717466212989E-17,-1.,0.));
#6049=DIRECTION('ref_axis',(1.,6.71717466212989E-17,0.));
#6050=DIRECTION('',(0.,0.,1.));
#6051=DIRECTION('',(-1.,-6.71717466212989E-17,0.));
#6052=DIRECTION('',(-1.,-6.71717466212989E-17,0.));
#6053=DIRECTION('',(-1.,-6.71717466212989E-17,0.));
#6054=DIRECTION('',(-1.,-6.71717466212989E-17,0.));
#6055=DIRECTION('center_axis',(0.,0.,-1.));
#6056=DIRECTION('ref_axis',(-1.,0.,0.));
#6057=DIRECTION('center_axis',(0.,0.104528463267899,0.994521895368248));
#6058=DIRECTION('ref_axis',(0.,0.994521895368248,-0.104528463267899));
#6059=DIRECTION('center_axis',(0.,0.,-1.));
#6060=DIRECTION('ref_axis',(-1.,0.,0.));
#6061=DIRECTION('center_axis',(0.,0.,1.));
#6062=DIRECTION('ref_axis',(-1.,0.,0.));
#6063=DIRECTION('center_axis',(0.,0.,1.));
#6064=DIRECTION('ref_axis',(-1.,0.,0.));
#6065=DIRECTION('center_axis',(0.,0.,-1.));
#6066=DIRECTION('ref_axis',(-1.,0.,0.));
#6067=DIRECTION('center_axis',(0.,0.,1.));
#6068=DIRECTION('ref_axis',(-1.,0.,0.));
#6069=DIRECTION('',(0.,0.,-1.));
#6070=DIRECTION('center_axis',(0.,0.,-1.));
#6071=DIRECTION('ref_axis',(-1.,0.,0.));
#6072=DIRECTION('center_axis',(0.,0.,1.));
#6073=DIRECTION('ref_axis',(-1.,0.,0.));
#6074=DIRECTION('',(0.,0.,-1.));
#6075=DIRECTION('center_axis',(0.,0.,1.));
#6076=DIRECTION('ref_axis',(1.,0.,0.));
#6077=DIRECTION('center_axis',(0.,0.,1.));
#6078=DIRECTION('ref_axis',(-1.,0.,0.));
#6079=DIRECTION('center_axis',(0.,0.,1.));
#6080=DIRECTION('ref_axis',(1.,0.,0.));
#6081=DIRECTION('center_axis',(0.,0.,1.));
#6082=DIRECTION('ref_axis',(-1.,0.,0.));
#6083=DIRECTION('center_axis',(0.,0.,1.));
#6084=DIRECTION('ref_axis',(-1.,0.,0.));
#6085=DIRECTION('center_axis',(0.,0.,1.));
#6086=DIRECTION('ref_axis',(-1.,0.,0.));
#6087=DIRECTION('center_axis',(0.,0.,-1.));
#6088=DIRECTION('ref_axis',(-1.,0.,0.));
#6089=DIRECTION('center_axis',(0.,0.,1.));
#6090=DIRECTION('ref_axis',(-1.,0.,0.));
#6091=DIRECTION('',(0.,0.,-1.));
#6092=DIRECTION('center_axis',(0.,0.,-1.));
#6093=DIRECTION('ref_axis',(-1.,0.,0.));
#6094=DIRECTION('center_axis',(0.,0.,1.));
#6095=DIRECTION('ref_axis',(-1.,0.,0.));
#6096=DIRECTION('',(0.,0.,-1.));
#6097=DIRECTION('center_axis',(0.,0.,1.));
#6098=DIRECTION('ref_axis',(-1.,0.,0.));
#6099=DIRECTION('center_axis',(0.,0.,1.));
#6100=DIRECTION('ref_axis',(-1.,0.,0.));
#6101=DIRECTION('center_axis',(0.,0.,-1.));
#6102=DIRECTION('ref_axis',(-1.,0.,0.));
#6103=DIRECTION('center_axis',(0.,0.,1.));
#6104=DIRECTION('ref_axis',(-1.,0.,0.));
#6105=DIRECTION('',(0.,0.,-1.));
#6106=DIRECTION('center_axis',(0.,0.,-1.));
#6107=DIRECTION('ref_axis',(-1.,0.,0.));
#6108=DIRECTION('center_axis',(0.,0.,1.));
#6109=DIRECTION('ref_axis',(-1.,0.,0.));
#6110=DIRECTION('',(0.,0.,-1.));
#6111=DIRECTION('center_axis',(0.,0.,1.));
#6112=DIRECTION('ref_axis',(1.,0.,0.));
#6113=DIRECTION('center_axis',(0.,0.,1.));
#6114=DIRECTION('ref_axis',(-1.,0.,0.));
#6115=DIRECTION('center_axis',(0.,0.,1.));
#6116=DIRECTION('ref_axis',(-1.,0.,0.));
#6117=DIRECTION('center_axis',(0.,0.,1.));
#6118=DIRECTION('ref_axis',(-1.,0.,0.));
#6119=DIRECTION('center_axis',(0.,0.,-1.));
#6120=DIRECTION('ref_axis',(-1.,0.,0.));
#6121=DIRECTION('center_axis',(0.,0.,1.));
#6122=DIRECTION('ref_axis',(-1.,0.,0.));
#6123=DIRECTION('',(0.,0.,-1.));
#6124=DIRECTION('center_axis',(0.,0.,-1.));
#6125=DIRECTION('ref_axis',(-1.,0.,0.));
#6126=DIRECTION('center_axis',(0.,0.,1.));
#6127=DIRECTION('ref_axis',(-1.,0.,0.));
#6128=DIRECTION('',(0.,0.,-1.));
#6129=DIRECTION('center_axis',(0.,0.,1.));
#6130=DIRECTION('ref_axis',(1.,0.,0.));
#6131=DIRECTION('center_axis',(0.,0.,1.));
#6132=DIRECTION('ref_axis',(-1.,0.,0.));
#6133=DIRECTION('center_axis',(0.,0.,1.));
#6134=DIRECTION('ref_axis',(1.,0.,0.));
#6135=DIRECTION('center_axis',(0.,0.,1.));
#6136=DIRECTION('ref_axis',(-1.,0.,0.));
#6137=DIRECTION('center_axis',(0.,0.,1.));
#6138=DIRECTION('ref_axis',(-1.,0.,0.));
#6139=DIRECTION('center_axis',(0.,0.,1.));
#6140=DIRECTION('ref_axis',(-1.,0.,0.));
#6141=DIRECTION('center_axis',(0.,0.,-1.));
#6142=DIRECTION('ref_axis',(-1.,0.,0.));
#6143=DIRECTION('center_axis',(0.,0.,1.));
#6144=DIRECTION('ref_axis',(-1.,0.,0.));
#6145=DIRECTION('',(0.,0.,-1.));
#6146=DIRECTION('center_axis',(0.,0.,-1.));
#6147=DIRECTION('ref_axis',(-1.,0.,0.));
#6148=DIRECTION('center_axis',(0.,0.,1.));
#6149=DIRECTION('ref_axis',(-1.,0.,0.));
#6150=DIRECTION('',(0.,0.,-1.));
#6151=DIRECTION('center_axis',(0.,0.,1.));
#6152=DIRECTION('ref_axis',(1.,0.,0.));
#6153=DIRECTION('center_axis',(0.,0.,1.));
#6154=DIRECTION('ref_axis',(-1.,0.,0.));
#6155=DIRECTION('center_axis',(0.,0.,1.));
#6156=DIRECTION('ref_axis',(-1.,0.,0.));
#6157=DIRECTION('center_axis',(0.,0.,1.));
#6158=DIRECTION('ref_axis',(-1.,0.,0.));
#6159=DIRECTION('center_axis',(0.,0.,-1.));
#6160=DIRECTION('ref_axis',(-1.,0.,0.));
#6161=DIRECTION('center_axis',(0.,0.,1.));
#6162=DIRECTION('ref_axis',(-1.,0.,0.));
#6163=DIRECTION('',(0.,0.,-1.));
#6164=DIRECTION('center_axis',(0.,0.,-1.));
#6165=DIRECTION('ref_axis',(-1.,0.,0.));
#6166=DIRECTION('center_axis',(0.,0.,1.));
#6167=DIRECTION('ref_axis',(-1.,0.,0.));
#6168=DIRECTION('',(0.,0.,-1.));
#6169=DIRECTION('center_axis',(0.,0.,1.));
#6170=DIRECTION('ref_axis',(-1.,0.,0.));
#6171=DIRECTION('center_axis',(0.,0.,1.));
#6172=DIRECTION('ref_axis',(-1.,0.,0.));
#6173=DIRECTION('center_axis',(0.,0.,-1.));
#6174=DIRECTION('ref_axis',(-1.,0.,0.));
#6175=DIRECTION('center_axis',(0.,0.,1.));
#6176=DIRECTION('ref_axis',(-1.,0.,0.));
#6177=DIRECTION('',(0.,0.,-1.));
#6178=DIRECTION('center_axis',(0.,0.,-1.));
#6179=DIRECTION('ref_axis',(-1.,0.,0.));
#6180=DIRECTION('center_axis',(0.,0.,1.));
#6181=DIRECTION('ref_axis',(-1.,0.,0.));
#6182=DIRECTION('',(0.,0.,-1.));
#6183=DIRECTION('center_axis',(0.,0.,1.));
#6184=DIRECTION('ref_axis',(1.,0.,0.));
#6185=DIRECTION('center_axis',(0.,0.,1.));
#6186=DIRECTION('ref_axis',(-1.,0.,0.));
#6187=DIRECTION('center_axis',(0.,0.,1.));
#6188=DIRECTION('ref_axis',(1.,0.,0.));
#6189=DIRECTION('',(5.389043344034E-17,1.,0.));
#6190=DIRECTION('center_axis',(0.,0.,-1.));
#6191=DIRECTION('ref_axis',(1.,0.,0.));
#6192=DIRECTION('center_axis',(0.,0.,-1.));
#6193=DIRECTION('ref_axis',(1.,0.,0.));
#6194=DIRECTION('center_axis',(0.,0.,-1.));
#6195=DIRECTION('ref_axis',(1.,0.,0.));
#6196=DIRECTION('center_axis',(0.,0.,-1.));
#6197=DIRECTION('ref_axis',(1.,0.,0.));
#6198=DIRECTION('center_axis',(0.,0.,-1.));
#6199=DIRECTION('ref_axis',(1.,0.,0.));
#6200=DIRECTION('center_axis',(0.,0.,-1.));
#6201=DIRECTION('ref_axis',(1.,0.,0.));
#6202=DIRECTION('center_axis',(0.,0.,-1.));
#6203=DIRECTION('ref_axis',(1.,0.,0.));
#6204=DIRECTION('center_axis',(0.,0.,-1.));
#6205=DIRECTION('ref_axis',(1.,0.,0.));
#6206=DIRECTION('center_axis',(0.,0.,-1.));
#6207=DIRECTION('ref_axis',(-1.,0.,0.));
#6208=DIRECTION('center_axis',(0.,0.,1.));
#6209=DIRECTION('ref_axis',(-1.,0.,0.));
#6210=DIRECTION('center_axis',(0.,0.,1.));
#6211=DIRECTION('ref_axis',(-1.,0.,0.));
#6212=DIRECTION('center_axis',(0.,0.,-1.));
#6213=DIRECTION('ref_axis',(-1.,0.,0.));
#6214=DIRECTION('center_axis',(0.,0.,1.));
#6215=DIRECTION('ref_axis',(-1.,0.,0.));
#6216=DIRECTION('',(0.,0.,-1.));
#6217=DIRECTION('center_axis',(0.,0.,1.));
#6218=DIRECTION('ref_axis',(-1.,0.,0.));
#6219=DIRECTION('',(0.,0.,-1.));
#6220=DIRECTION('center_axis',(0.,0.,-1.));
#6221=DIRECTION('ref_axis',(1.,0.,0.));
#6222=DIRECTION('center_axis',(0.,0.,-1.));
#6223=DIRECTION('ref_axis',(1.,0.,0.));
#6224=DIRECTION('center_axis',(0.,0.,-1.));
#6225=DIRECTION('ref_axis',(1.,0.,0.));
#6226=DIRECTION('',(0.,0.,-1.));
#6227=DIRECTION('center_axis',(0.,0.,-1.));
#6228=DIRECTION('ref_axis',(1.,0.,0.));
#6229=DIRECTION('center_axis',(0.,0.,-1.));
#6230=DIRECTION('ref_axis',(1.,0.,0.));
#6231=DIRECTION('center_axis',(0.,0.,-1.));
#6232=DIRECTION('ref_axis',(1.,0.,0.));
#6233=DIRECTION('',(0.,0.,-1.));
#6234=DIRECTION('center_axis',(0.,0.,-1.));
#6235=DIRECTION('ref_axis',(1.,0.,0.));
#6236=DIRECTION('center_axis',(0.,0.,-1.));
#6237=DIRECTION('ref_axis',(1.,0.,0.));
#6238=DIRECTION('center_axis',(0.,0.,-1.));
#6239=DIRECTION('ref_axis',(1.,0.,0.));
#6240=DIRECTION('',(0.,0.,-1.));
#6241=DIRECTION('center_axis',(0.,0.,-1.));
#6242=DIRECTION('ref_axis',(1.,0.,0.));
#6243=DIRECTION('center_axis',(0.,0.,-1.));
#6244=DIRECTION('ref_axis',(1.,0.,0.));
#6245=DIRECTION('center_axis',(0.,0.,-1.));
#6246=DIRECTION('ref_axis',(1.,0.,0.));
#6247=DIRECTION('',(0.,0.,-1.));
#6248=DIRECTION('center_axis',(0.,0.,-1.));
#6249=DIRECTION('ref_axis',(1.,0.,0.));
#6250=DIRECTION('center_axis',(0.,0.,-1.));
#6251=DIRECTION('ref_axis',(1.,0.,0.));
#6252=DIRECTION('center_axis',(0.,0.,-1.));
#6253=DIRECTION('ref_axis',(1.,0.,0.));
#6254=DIRECTION('',(0.,0.,-1.));
#6255=DIRECTION('center_axis',(0.,0.,-1.));
#6256=DIRECTION('ref_axis',(1.,0.,0.));
#6257=DIRECTION('center_axis',(0.,0.,-1.));
#6258=DIRECTION('ref_axis',(1.,0.,0.));
#6259=DIRECTION('center_axis',(0.,0.,-1.));
#6260=DIRECTION('ref_axis',(1.,0.,0.));
#6261=DIRECTION('',(0.,0.,-1.));
#6262=DIRECTION('center_axis',(0.,0.,-1.));
#6263=DIRECTION('ref_axis',(1.,0.,0.));
#6264=DIRECTION('center_axis',(0.,0.,-1.));
#6265=DIRECTION('ref_axis',(1.,0.,0.));
#6266=DIRECTION('center_axis',(0.,0.,-1.));
#6267=DIRECTION('ref_axis',(1.,0.,0.));
#6268=DIRECTION('',(0.,0.,-1.));
#6269=DIRECTION('center_axis',(0.,0.,-1.));
#6270=DIRECTION('ref_axis',(1.,0.,0.));
#6271=DIRECTION('center_axis',(0.,0.,-1.));
#6272=DIRECTION('ref_axis',(1.,0.,0.));
#6273=DIRECTION('center_axis',(0.,0.,-1.));
#6274=DIRECTION('ref_axis',(1.,0.,0.));
#6275=DIRECTION('',(0.,0.,-1.));
#6276=DIRECTION('center_axis',(0.,0.,1.));
#6277=DIRECTION('ref_axis',(1.,0.,0.));
#6278=DIRECTION('',(5.389043344034E-17,1.,0.));
#6279=DIRECTION('',(-1.,0.,0.));
#6280=DIRECTION('',(1.,0.,0.));
#6281=DIRECTION('',(5.389043344034E-17,1.,0.));
#6282=DIRECTION('center_axis',(0.,1.,0.));
#6283=DIRECTION('ref_axis',(-1.,0.,0.));
#6284=DIRECTION('',(0.,0.,-1.));
#6285=DIRECTION('',(1.,0.,0.));
#6286=DIRECTION('center_axis',(0.,0.,1.));
#6287=DIRECTION('ref_axis',(1.,0.,0.));
#6288=DIRECTION('',(-5.389043344034E-17,-1.,0.));
#6289=DIRECTION('',(-1.,0.,0.));
#6290=DIRECTION('',(-1.,0.,0.));
#6291=DIRECTION('center_axis',(0.,0.104528463267899,0.994521895368248));
#6292=DIRECTION('ref_axis',(0.,-0.994521895368248,0.104528463267899));
#6293=DIRECTION('',(-5.35952160073034E-17,-0.994521895368248,0.104528463267899));
#6294=DIRECTION('',(1.,0.,0.));
#6295=DIRECTION('center_axis',(0.,-1.,0.));
#6296=DIRECTION('ref_axis',(1.,0.,0.));
#6297=DIRECTION('',(0.,0.,1.));
#6298=DIRECTION('center_axis',(-1.,5.389043344034E-17,0.));
#6299=DIRECTION('ref_axis',(0.,0.,1.));
#6300=DIRECTION('center_axis',(-1.,5.389043344034E-17,0.));
#6301=DIRECTION('ref_axis',(0.,0.,1.));
#6302=DIRECTION('',(5.389043344034E-17,1.,0.));
#6303=DIRECTION('',(0.,0.,1.));
#6304=DIRECTION('',(5.389043344034E-17,1.,0.));
#6305=DIRECTION('',(0.,0.,1.));
#6306=DIRECTION('',(5.389043344034E-17,1.,0.));
#6307=DIRECTION('',(0.,0.,-1.));
#6308=DIRECTION('',(5.389043344034E-17,1.,0.));
#6309=DIRECTION('',(0.,0.,1.));
#6310=DIRECTION('',(-5.35952160073034E-17,-0.994521895368248,0.104528463267899));
#6311=DIRECTION('',(-5.389043344034E-17,-1.,0.));
#6312=DIRECTION('',(0.,0.,-1.));
#6313=DIRECTION('center_axis',(7.92662578938086E-17,1.,0.));
#6314=DIRECTION('ref_axis',(-1.,7.92662578938086E-17,0.));
#6315=DIRECTION('',(1.,-7.92662578938086E-17,0.));
#6316=DIRECTION('',(0.,0.,1.));
#6317=DIRECTION('',(1.,-7.92662578938086E-17,0.));
#6318=DIRECTION('center_axis',(0.,0.,1.));
#6319=DIRECTION('ref_axis',(1.,0.,0.));
#6320=DIRECTION('',(-1.,-6.71717466212989E-17,0.));
#6321=DIRECTION('center_axis',(0.,0.,-1.));
#6322=DIRECTION('ref_axis',(-1.,0.,0.));
#6323=DIRECTION('center_axis',(0.,0.,1.));
#6324=DIRECTION('ref_axis',(1.,0.,0.));
#6325=DIRECTION('',(-1.,2.3373116307898E-16,0.));
#6326=DIRECTION('center_axis',(0.,0.,1.));
#6327=DIRECTION('ref_axis',(1.42108547152023E-14,1.,0.));
#6328=DIRECTION('',(0.,-1.,0.));
#6329=DIRECTION('center_axis',(0.,0.,1.));
#6330=DIRECTION('ref_axis',(-1.,7.1054273576011E-15,0.));
#6331=DIRECTION('',(1.,0.,0.));
#6332=DIRECTION('center_axis',(0.,0.,-1.));
#6333=DIRECTION('ref_axis',(1.,0.,0.));
#6334=DIRECTION('center_axis',(0.,0.,1.));
#6335=DIRECTION('ref_axis',(-1.,0.,0.));
#6336=DIRECTION('center_axis',(0.,0.,-1.));
#6337=DIRECTION('ref_axis',(-1.,0.,0.));
#6338=DIRECTION('center_axis',(0.,0.,1.));
#6339=DIRECTION('ref_axis',(1.,0.,0.));
#6340=DIRECTION('',(0.,1.,0.));
#6341=DIRECTION('center_axis',(0.,0.,1.));
#6342=DIRECTION('ref_axis',(0.,-1.,0.));
#6343=DIRECTION('',(1.,0.,0.));
#6344=DIRECTION('center_axis',(0.,0.,1.));
#6345=DIRECTION('ref_axis',(-1.,0.,0.));
#6346=DIRECTION('',(0.,-1.,0.));
#6347=DIRECTION('center_axis',(0.,0.,1.));
#6348=DIRECTION('ref_axis',(0.,1.,0.));
#6349=DIRECTION('',(-1.,0.,0.));
#6350=DIRECTION('center_axis',(0.,0.,-1.));
#6351=DIRECTION('ref_axis',(-1.,0.,0.));
#6352=DIRECTION('center_axis',(0.,0.,-1.));
#6353=DIRECTION('ref_axis',(-1.,0.,0.));
#6354=DIRECTION('center_axis',(0.,0.,-1.));
#6355=DIRECTION('ref_axis',(-1.,0.,0.));
#6356=DIRECTION('center_axis',(0.,0.,-1.));
#6357=DIRECTION('ref_axis',(1.,0.,0.));
#6358=DIRECTION('center_axis',(0.,0.,-1.));
#6359=DIRECTION('ref_axis',(1.,0.,0.));
#6360=DIRECTION('center_axis',(0.,0.,-1.));
#6361=DIRECTION('ref_axis',(1.,0.,0.));
#6362=DIRECTION('center_axis',(0.,0.,-1.));
#6363=DIRECTION('ref_axis',(1.,0.,0.));
#6364=DIRECTION('center_axis',(6.71717466212989E-17,-1.,0.));
#6365=DIRECTION('ref_axis',(1.,6.71717466212989E-17,0.));
#6366=DIRECTION('',(-1.,-6.71717466212989E-17,0.));
#6367=DIRECTION('',(0.,0.,1.));
#6368=DIRECTION('',(-1.,-6.71717466212989E-17,0.));
#6369=DIRECTION('',(0.,0.,1.));
#6370=DIRECTION('center_axis',(0.,0.,1.));
#6371=DIRECTION('ref_axis',(-1.,0.,0.));
#6372=DIRECTION('',(1.,0.,0.));
#6373=DIRECTION('center_axis',(0.,0.,-1.));
#6374=DIRECTION('ref_axis',(0.,1.,0.));
#6375=DIRECTION('',(0.,1.,0.));
#6376=DIRECTION('center_axis',(0.,1.,0.));
#6377=DIRECTION('ref_axis',(1.,0.,0.));
#6378=DIRECTION('',(-1.,0.,0.));
#6379=DIRECTION('',(0.,0.,-1.));
#6380=DIRECTION('center_axis',(0.,0.,-1.));
#6381=DIRECTION('ref_axis',(1.,0.,0.));
#6382=DIRECTION('',(0.,0.,-1.));
#6383=DIRECTION('center_axis',(0.,0.,-1.));
#6384=DIRECTION('ref_axis',(1.,0.,0.));
#6385=DIRECTION('center_axis',(0.,0.,-1.));
#6386=DIRECTION('ref_axis',(1.,0.,0.));
#6387=DIRECTION('center_axis',(0.,0.,1.));
#6388=DIRECTION('ref_axis',(1.,0.,0.));
#6389=DIRECTION('center_axis',(0.,0.,-1.));
#6390=DIRECTION('ref_axis',(1.,0.,0.));
#6391=DIRECTION('',(0.,0.,-1.));
#6392=DIRECTION('center_axis',(0.,0.,-1.));
#6393=DIRECTION('ref_axis',(1.,0.,0.));
#6394=DIRECTION('center_axis',(0.,0.,-1.));
#6395=DIRECTION('ref_axis',(1.,0.,0.));
#6396=DIRECTION('center_axis',(0.,0.,1.));
#6397=DIRECTION('ref_axis',(1.,0.,0.));
#6398=DIRECTION('center_axis',(0.,0.,-1.));
#6399=DIRECTION('ref_axis',(1.,0.,0.));
#6400=DIRECTION('',(0.,0.,-1.));
#6401=DIRECTION('center_axis',(0.,0.,-1.));
#6402=DIRECTION('ref_axis',(1.,0.,0.));
#6403=DIRECTION('center_axis',(0.,0.,-1.));
#6404=DIRECTION('ref_axis',(1.,0.,0.));
#6405=DIRECTION('center_axis',(0.,0.,1.));
#6406=DIRECTION('ref_axis',(1.,0.,0.));
#6407=DIRECTION('center_axis',(0.,0.,-1.));
#6408=DIRECTION('ref_axis',(1.,0.,0.));
#6409=DIRECTION('',(0.,0.,-1.));
#6410=DIRECTION('center_axis',(0.,0.,-1.));
#6411=DIRECTION('ref_axis',(1.,0.,0.));
#6412=DIRECTION('center_axis',(0.,0.,-1.));
#6413=DIRECTION('ref_axis',(1.,0.,0.));
#6414=DIRECTION('center_axis',(0.,0.,1.));
#6415=DIRECTION('ref_axis',(1.,0.,0.));
#6416=DIRECTION('center_axis',(0.,0.,1.));
#6417=DIRECTION('ref_axis',(-1.,0.,0.));
#6418=DIRECTION('center_axis',(0.,0.,-1.));
#6419=DIRECTION('ref_axis',(-1.,0.,0.));
#6420=DIRECTION('',(0.,0.,-1.));
#6421=DIRECTION('center_axis',(0.,0.,1.));
#6422=DIRECTION('ref_axis',(-1.,0.,0.));
#6423=DIRECTION('center_axis',(0.,0.,1.));
#6424=DIRECTION('ref_axis',(-1.,0.,0.));
#6425=DIRECTION('center_axis',(0.,0.,1.));
#6426=DIRECTION('ref_axis',(-1.,0.,0.));
#6427=DIRECTION('',(0.,0.,-1.));
#6428=DIRECTION('center_axis',(0.,0.,1.));
#6429=DIRECTION('ref_axis',(-1.,0.,0.));
#6430=DIRECTION('center_axis',(0.,0.,1.));
#6431=DIRECTION('ref_axis',(1.,0.,0.));
#6432=DIRECTION('center_axis',(0.,0.,1.));
#6433=DIRECTION('ref_axis',(-1.,0.,0.));
#6434=DIRECTION('center_axis',(0.,0.,-1.));
#6435=DIRECTION('ref_axis',(-1.,0.,0.));
#6436=DIRECTION('',(0.,0.,-1.));
#6437=DIRECTION('center_axis',(0.,0.,1.));
#6438=DIRECTION('ref_axis',(-1.,0.,0.));
#6439=DIRECTION('center_axis',(0.,0.,1.));
#6440=DIRECTION('ref_axis',(-1.,0.,0.));
#6441=DIRECTION('center_axis',(0.,0.,1.));
#6442=DIRECTION('ref_axis',(-1.,0.,0.));
#6443=DIRECTION('',(0.,0.,-1.));
#6444=DIRECTION('center_axis',(0.,0.,1.));
#6445=DIRECTION('ref_axis',(-1.,0.,0.));
#6446=DIRECTION('center_axis',(0.,0.,1.));
#6447=DIRECTION('ref_axis',(1.,0.,0.));
#6448=DIRECTION('center_axis',(0.,0.,1.));
#6449=DIRECTION('ref_axis',(-1.,0.,0.));
#6450=DIRECTION('center_axis',(0.,0.,-1.));
#6451=DIRECTION('ref_axis',(-1.,0.,0.));
#6452=DIRECTION('',(0.,0.,-1.));
#6453=DIRECTION('center_axis',(0.,0.,1.));
#6454=DIRECTION('ref_axis',(-1.,0.,0.));
#6455=DIRECTION('center_axis',(0.,0.,1.));
#6456=DIRECTION('ref_axis',(-1.,0.,0.));
#6457=DIRECTION('center_axis',(0.,0.,1.));
#6458=DIRECTION('ref_axis',(-1.,0.,0.));
#6459=DIRECTION('',(0.,0.,-1.));
#6460=DIRECTION('center_axis',(0.,0.,1.));
#6461=DIRECTION('ref_axis',(-1.,0.,0.));
#6462=DIRECTION('center_axis',(0.,0.,1.));
#6463=DIRECTION('ref_axis',(1.,0.,0.));
#6464=DIRECTION('center_axis',(0.,0.,1.));
#6465=DIRECTION('ref_axis',(-1.,0.,0.));
#6466=DIRECTION('center_axis',(0.,0.,-1.));
#6467=DIRECTION('ref_axis',(-1.,0.,0.));
#6468=DIRECTION('',(0.,0.,-1.));
#6469=DIRECTION('center_axis',(0.,0.,1.));
#6470=DIRECTION('ref_axis',(-1.,0.,0.));
#6471=DIRECTION('center_axis',(0.,0.,1.));
#6472=DIRECTION('ref_axis',(-1.,0.,0.));
#6473=DIRECTION('center_axis',(0.,0.,1.));
#6474=DIRECTION('ref_axis',(-1.,0.,0.));
#6475=DIRECTION('',(0.,0.,-1.));
#6476=DIRECTION('center_axis',(0.,0.,1.));
#6477=DIRECTION('ref_axis',(-1.,0.,0.));
#6478=DIRECTION('center_axis',(0.,0.,1.));
#6479=DIRECTION('ref_axis',(1.,0.,0.));
#6480=DIRECTION('center_axis',(0.,0.104528463267899,0.994521895368248));
#6481=DIRECTION('ref_axis',(0.,-0.994521895368248,0.104528463267899));
#6482=DIRECTION('',(1.,0.,0.));
#6483=DIRECTION('center_axis',(0.,0.104528463267899,0.994521895368248));
#6484=DIRECTION('ref_axis',(0.,-0.994521895368248,0.104528463267899));
#6485=DIRECTION('',(0.,-0.994521895368248,0.104528463267899));
#6486=DIRECTION('',(-1.,0.,0.));
#6487=DIRECTION('center_axis',(0.,0.104528463267899,0.994521895368248));
#6488=DIRECTION('ref_axis',(0.,-0.994521895368248,0.104528463267899));
#6489=DIRECTION('center_axis',(0.,0.104528463267899,0.994521895368248));
#6490=DIRECTION('ref_axis',(0.,-0.994521895368248,0.104528463267899));
#6491=DIRECTION('center_axis',(0.,0.,1.));
#6492=DIRECTION('ref_axis',(1.,0.,0.));
#6493=DIRECTION('center_axis',(0.,0.,1.));
#6494=DIRECTION('ref_axis',(1.,0.,0.));
#6495=DIRECTION('',(0.,0.,1.));
#6496=DIRECTION('center_axis',(0.,0.,1.));
#6497=DIRECTION('ref_axis',(1.,0.,0.));
#6498=DIRECTION('center_axis',(0.,0.,1.));
#6499=DIRECTION('ref_axis',(1.,0.,0.));
#6500=DIRECTION('',(0.,0.,1.));
#6501=DIRECTION('center_axis',(0.,0.,1.));
#6502=DIRECTION('ref_axis',(1.,0.,0.));
#6503=DIRECTION('center_axis',(0.,0.,1.));
#6504=DIRECTION('ref_axis',(1.,0.,0.));
#6505=DIRECTION('',(0.,0.,1.));
#6506=DIRECTION('center_axis',(0.,0.,1.));
#6507=DIRECTION('ref_axis',(1.,0.,0.));
#6508=DIRECTION('center_axis',(0.,0.,1.));
#6509=DIRECTION('ref_axis',(1.,0.,0.));
#6510=DIRECTION('',(0.,0.,1.));
#6511=DIRECTION('center_axis',(0.,0.,1.));
#6512=DIRECTION('ref_axis',(-1.,0.,0.));
#6513=DIRECTION('center_axis',(0.,0.,1.));
#6514=DIRECTION('ref_axis',(-1.,0.,0.));
#6515=DIRECTION('',(0.,0.,1.));
#6516=DIRECTION('center_axis',(0.,0.,1.));
#6517=DIRECTION('ref_axis',(-1.,0.,0.));
#6518=DIRECTION('center_axis',(0.,0.,1.));
#6519=DIRECTION('ref_axis',(-1.,0.,0.));
#6520=DIRECTION('center_axis',(0.,0.,-1.));
#6521=DIRECTION('ref_axis',(-1.,0.,0.));
#6522=DIRECTION('center_axis',(0.,0.,1.));
#6523=DIRECTION('ref_axis',(-1.,0.,0.));
#6524=DIRECTION('center_axis',(0.,0.,1.));
#6525=DIRECTION('ref_axis',(-1.,0.,0.));
#6526=DIRECTION('',(0.,0.,1.));
#6527=DIRECTION('center_axis',(0.,0.,1.));
#6528=DIRECTION('ref_axis',(-1.,0.,0.));
#6529=DIRECTION('center_axis',(0.,0.,1.));
#6530=DIRECTION('ref_axis',(-1.,0.,0.));
#6531=DIRECTION('center_axis',(0.,0.,-1.));
#6532=DIRECTION('ref_axis',(-1.,0.,0.));
#6533=DIRECTION('center_axis',(0.,0.,1.));
#6534=DIRECTION('ref_axis',(-1.,0.,0.));
#6535=DIRECTION('center_axis',(0.,0.,1.));
#6536=DIRECTION('ref_axis',(-1.,0.,0.));
#6537=DIRECTION('',(0.,0.,1.));
#6538=DIRECTION('center_axis',(0.,0.,1.));
#6539=DIRECTION('ref_axis',(-1.,0.,0.));
#6540=DIRECTION('center_axis',(0.,0.,1.));
#6541=DIRECTION('ref_axis',(-1.,0.,0.));
#6542=DIRECTION('center_axis',(0.,0.,-1.));
#6543=DIRECTION('ref_axis',(-1.,0.,0.));
#6544=DIRECTION('center_axis',(0.,0.,1.));
#6545=DIRECTION('ref_axis',(-1.,0.,0.));
#6546=DIRECTION('',(0.,0.,1.));
#6547=DIRECTION('center_axis',(0.,0.,1.));
#6548=DIRECTION('ref_axis',(-1.,0.,0.));
#6549=DIRECTION('center_axis',(0.,0.,1.));
#6550=DIRECTION('ref_axis',(-1.,0.,0.));
#6551=DIRECTION('center_axis',(0.,0.,-1.));
#6552=DIRECTION('ref_axis',(-1.,0.,0.));
#6553=DIRECTION('center_axis',(0.,0.,1.));
#6554=DIRECTION('ref_axis',(-1.,0.,0.));
#6555=DIRECTION('',(0.,0.,1.));
#6556=DIRECTION('center_axis',(0.,0.,1.));
#6557=DIRECTION('ref_axis',(-1.,0.,0.));
#6558=DIRECTION('center_axis',(0.,0.,1.));
#6559=DIRECTION('ref_axis',(-1.,0.,0.));
#6560=DIRECTION('center_axis',(0.,0.,-1.));
#6561=DIRECTION('ref_axis',(-1.,0.,0.));
#6562=DIRECTION('center_axis',(0.,0.,1.));
#6563=DIRECTION('ref_axis',(-1.,0.,0.));
#6564=DIRECTION('center_axis',(0.,0.,1.));
#6565=DIRECTION('ref_axis',(-1.,0.,0.));
#6566=DIRECTION('',(0.,0.,1.));
#6567=DIRECTION('center_axis',(0.,0.,1.));
#6568=DIRECTION('ref_axis',(-1.,0.,0.));
#6569=DIRECTION('center_axis',(0.,0.,1.));
#6570=DIRECTION('ref_axis',(-1.,0.,0.));
#6571=DIRECTION('center_axis',(0.,0.,-1.));
#6572=DIRECTION('ref_axis',(-1.,0.,0.));
#6573=DIRECTION('center_axis',(0.,0.,-1.));
#6574=DIRECTION('ref_axis',(-1.,0.,0.));
#6575=DIRECTION('center_axis',(0.,0.,-1.));
#6576=DIRECTION('ref_axis',(-1.,0.,0.));
#6577=DIRECTION('',(0.,0.,-1.));
#6578=DIRECTION('center_axis',(0.,0.,-1.));
#6579=DIRECTION('ref_axis',(-1.,0.,0.));
#6580=DIRECTION('center_axis',(0.,0.,-1.));
#6581=DIRECTION('ref_axis',(-1.,0.,0.));
#6582=DIRECTION('',(0.,0.,-1.));
#6583=DIRECTION('center_axis',(0.,0.,-1.));
#6584=DIRECTION('ref_axis',(-1.,0.,0.));
#6585=DIRECTION('center_axis',(0.,0.,-1.));
#6586=DIRECTION('ref_axis',(-1.,0.,0.));
#6587=DIRECTION('',(0.,0.,-1.));
#6588=DIRECTION('center_axis',(0.,0.,-1.));
#6589=DIRECTION('ref_axis',(-1.,0.,0.));
#6590=DIRECTION('center_axis',(0.,0.,-1.));
#6591=DIRECTION('ref_axis',(-1.,0.,0.));
#6592=DIRECTION('',(0.,0.,-1.));
#6593=DIRECTION('center_axis',(0.,0.,-1.));
#6594=DIRECTION('ref_axis',(-1.,0.,0.));
#6595=DIRECTION('center_axis',(0.,0.,-1.));
#6596=DIRECTION('ref_axis',(-1.,0.,0.));
#6597=DIRECTION('',(0.,0.,-1.));
#6598=DIRECTION('center_axis',(0.,0.,-1.));
#6599=DIRECTION('ref_axis',(-1.,0.,0.));
#6600=DIRECTION('center_axis',(0.,0.,-1.));
#6601=DIRECTION('ref_axis',(-1.,0.,0.));
#6602=DIRECTION('',(0.,0.,-1.));
#6603=DIRECTION('center_axis',(0.,0.,1.));
#6604=DIRECTION('ref_axis',(1.,0.,0.));
#6605=DIRECTION('',(0.707106781186546,0.,0.707106781186549));
#6606=DIRECTION('',(0.,-0.707106781186546,-0.707106781186549));
#6607=DIRECTION('center_axis',(0.,0.,-1.));
#6608=DIRECTION('ref_axis',(1.,0.,0.));
#6609=DIRECTION('center_axis',(-0.707106781186549,0.,0.707106781186546));
#6610=DIRECTION('ref_axis',(0.707106781186546,0.,0.707106781186549));
#6611=DIRECTION('',(0.707106781186552,0.,0.707106781186543));
#6612=DIRECTION('',(0.,-1.,0.));
#6613=DIRECTION('center_axis',(0.,0.,1.));
#6614=DIRECTION('ref_axis',(0.,-1.,0.));
#6615=DIRECTION('',(0.,-0.707106781186546,0.707106781186549));
#6616=DIRECTION('center_axis',(0.,0.,-1.));
#6617=DIRECTION('ref_axis',(0.,-1.,0.));
#6618=DIRECTION('center_axis',(0.,0.707106781186548,0.707106781186548));
#6619=DIRECTION('ref_axis',(1.,0.,0.));
#6620=DIRECTION('',(1.25607396694702E-14,-0.707106781186544,0.707106781186551));
#6621=DIRECTION('',(-1.,0.,0.));
#6622=DIRECTION('center_axis',(0.,0.,1.));
#6623=DIRECTION('ref_axis',(-1.,0.,0.));
#6624=DIRECTION('',(-0.707106781186546,0.,0.707106781186549));
#6625=DIRECTION('center_axis',(0.,0.,-1.));
#6626=DIRECTION('ref_axis',(-1.,0.,0.));
#6627=DIRECTION('center_axis',(0.707106781186549,0.,0.707106781186546));
#6628=DIRECTION('ref_axis',(0.707106781186546,0.,-0.707106781186549));
#6629=DIRECTION('',(-0.707106781186552,0.,0.707106781186543));
#6630=DIRECTION('',(0.,1.,0.));
#6631=DIRECTION('center_axis',(0.,0.,1.));
#6632=DIRECTION('ref_axis',(0.,1.,0.));
#6633=DIRECTION('',(0.,0.707106781186546,0.707106781186549));
#6634=DIRECTION('center_axis',(0.,0.,-1.));
#6635=DIRECTION('ref_axis',(0.,1.,0.));
#6636=DIRECTION('center_axis',(0.,-0.707106781186549,0.707106781186546));
#6637=DIRECTION('ref_axis',(1.,0.,0.));
#6638=DIRECTION('',(1.,0.,0.));
#6639=DIRECTION('center_axis',(0.,-1.,0.));
#6640=DIRECTION('ref_axis',(-1.,0.,0.));
#6641=DIRECTION('',(0.,0.,-1.));
#6642=DIRECTION('',(1.,0.,0.));
#6643=DIRECTION('',(0.,0.,-1.));
#6644=DIRECTION('center_axis',(0.,0.,-1.));
#6645=DIRECTION('ref_axis',(0.,-1.,0.));
#6646=DIRECTION('',(0.,0.,-1.));
#6647=DIRECTION('center_axis',(0.,0.,1.));
#6648=DIRECTION('ref_axis',(0.,-1.,0.));
#6649=DIRECTION('center_axis',(1.,0.,0.));
#6650=DIRECTION('ref_axis',(0.,-1.,0.));
#6651=DIRECTION('',(0.,0.,-1.));
#6652=DIRECTION('',(0.,1.,0.));
#6653=DIRECTION('center_axis',(0.,0.,-1.));
#6654=DIRECTION('ref_axis',(1.,0.,0.));
#6655=DIRECTION('',(0.,0.,-1.));
#6656=DIRECTION('center_axis',(0.,0.,1.));
#6657=DIRECTION('ref_axis',(1.,0.,0.));
#6658=DIRECTION('center_axis',(-1.,0.,0.));
#6659=DIRECTION('ref_axis',(0.,1.,0.));
#6660=DIRECTION('',(0.,0.,-1.));
#6661=DIRECTION('',(0.,-1.,0.));
#6662=DIRECTION('',(0.,0.,-1.));
#6663=DIRECTION('center_axis',(0.,0.,-1.));
#6664=DIRECTION('ref_axis',(0.,1.,0.));
#6665=DIRECTION('center_axis',(0.,0.,1.));
#6666=DIRECTION('ref_axis',(0.,1.,0.));
#6667=DIRECTION('',(0.,0.,-1.));
#6668=DIRECTION('center_axis',(0.,1.,0.));
#6669=DIRECTION('ref_axis',(1.,0.,0.));
#6670=DIRECTION('',(-1.,0.,0.));
#6671=DIRECTION('center_axis',(0.,0.,-1.));
#6672=DIRECTION('ref_axis',(-1.,0.,0.));
#6673=DIRECTION('center_axis',(0.,0.,1.));
#6674=DIRECTION('ref_axis',(-1.,0.,0.));
#6675=DIRECTION('center_axis',(0.,0.,1.));
#6676=DIRECTION('ref_axis',(1.,0.,0.));
#6677=DIRECTION('',(0.,1.,0.));
#6678=DIRECTION('center_axis',(0.,0.,1.));
#6679=DIRECTION('ref_axis',(0.,1.,0.));
#6680=DIRECTION('',(1.,0.,0.));
#6681=DIRECTION('center_axis',(0.,0.,1.));
#6682=DIRECTION('ref_axis',(-1.,0.,0.));
#6683=DIRECTION('',(0.,0.,1.));
#6684=DIRECTION('center_axis',(0.,0.,-1.));
#6685=DIRECTION('ref_axis',(-1.,0.,0.));
#6686=DIRECTION('',(0.,0.,1.));
#6687=DIRECTION('center_axis',(0.,-1.,0.));
#6688=DIRECTION('ref_axis',(1.,0.,0.));
#6689=DIRECTION('',(-1.,0.,0.));
#6690=DIRECTION('center_axis',(0.,0.,1.));
#6691=DIRECTION('ref_axis',(1.,0.,0.));
#6692=DIRECTION('center_axis',(0.,0.,1.));
#6693=DIRECTION('ref_axis',(-1.,0.,0.));
#6694=DIRECTION('center_axis',(0.,0.,-1.));
#6695=DIRECTION('ref_axis',(1.,0.,0.));
#6696=DIRECTION('',(1.,0.,0.));
#6697=DIRECTION('',(7.105427357601E-15,1.,0.));
#6698=DIRECTION('center_axis',(0.,0.,1.));
#6699=DIRECTION('ref_axis',(0.,-1.,0.));
#6700=DIRECTION('',(1.,0.,0.));
#6701=DIRECTION('center_axis',(0.,0.,1.));
#6702=DIRECTION('ref_axis',(-1.,8.88178419700144E-15,0.));
#6703=DIRECTION('',(7.105427357601E-15,-1.,0.));
#6704=DIRECTION('',(1.,0.,0.));
#6705=DIRECTION('center_axis',(0.,0.,1.));
#6706=DIRECTION('ref_axis',(-1.,7.1054273576011E-15,0.));
#6707=DIRECTION('',(0.,-1.,0.));
#6708=DIRECTION('',(1.,0.,0.));
#6709=DIRECTION('center_axis',(0.,0.,1.));
#6710=DIRECTION('ref_axis',(-1.,-5.32907051820049E-14,0.));
#6711=DIRECTION('',(0.,-1.,0.));
#6712=DIRECTION('center_axis',(0.,0.,1.));
#6713=DIRECTION('ref_axis',(-3.55271367880029E-14,1.,0.));
#6714=DIRECTION('',(-1.,0.,0.));
#6715=DIRECTION('',(0.,-1.,0.));
#6716=DIRECTION('',(1.,0.,0.));
#6717=DIRECTION('center_axis',(0.,0.,1.));
#6718=DIRECTION('ref_axis',(-1.,-5.21804821573798E-14,0.));
#6719=DIRECTION('',(0.,-1.,0.));
#6720=DIRECTION('center_axis',(0.,0.,1.));
#6721=DIRECTION('ref_axis',(-3.55271367880032E-14,1.,0.));
#6722=DIRECTION('',(-1.,0.,0.));
#6723=DIRECTION('',(0.,-1.,0.));
#6724=DIRECTION('',(1.,0.,0.));
#6725=DIRECTION('center_axis',(0.,0.,1.));
#6726=DIRECTION('ref_axis',(-1.,-5.77315972805053E-14,0.));
#6727=DIRECTION('',(0.,-1.,0.));
#6728=DIRECTION('center_axis',(0.,0.,1.));
#6729=DIRECTION('ref_axis',(-3.55271367880029E-14,1.,0.));
#6730=DIRECTION('',(-1.,0.,0.));
#6731=DIRECTION('',(0.,-1.,0.));
#6732=DIRECTION('center_axis',(0.,0.,1.));
#6733=DIRECTION('ref_axis',(1.42108547152023E-14,1.,0.));
#6734=DIRECTION('',(-1.,2.3373116307898E-16,0.));
#6735=DIRECTION('center_axis',(0.,0.,1.));
#6736=DIRECTION('ref_axis',(1.,0.,0.));
#6737=DIRECTION('center_axis',(0.,0.,-1.));
#6738=DIRECTION('ref_axis',(-1.,0.,0.));
#6739=DIRECTION('',(0.,-1.,0.));
#6740=DIRECTION('center_axis',(0.,0.,1.));
#6741=DIRECTION('ref_axis',(0.,1.,0.));
#6742=DIRECTION('',(1.,0.,0.));
#6743=DIRECTION('center_axis',(0.,0.,-1.));
#6744=DIRECTION('ref_axis',(0.,1.,0.));
#6745=DIRECTION('',(0.,1.,0.));
#6746=DIRECTION('center_axis',(0.,0.,-1.));
#6747=DIRECTION('ref_axis',(0.,1.,0.));
#6748=DIRECTION('',(0.,0.,-1.));
#6749=DIRECTION('center_axis',(-1.,0.,0.));
#6750=DIRECTION('ref_axis',(0.,1.,0.));
#6751=DIRECTION('center_axis',(0.,0.,1.));
#6752=DIRECTION('ref_axis',(-1.,0.,0.));
#6753=DIRECTION('',(0.,0.,1.));
#6754=DIRECTION('center_axis',(0.,0.,1.));
#6755=DIRECTION('ref_axis',(1.,0.,0.));
#6756=DIRECTION('',(0.,0.,1.));
#6757=DIRECTION('center_axis',(-2.3373116307898E-16,-1.,0.));
#6758=DIRECTION('ref_axis',(1.,-2.3373116307898E-16,0.));
#6759=DIRECTION('',(0.,0.,1.));
#6760=DIRECTION('center_axis',(0.,0.,1.));
#6761=DIRECTION('ref_axis',(1.42108547152023E-14,1.,0.));
#6762=DIRECTION('',(0.,0.,1.));
#6763=DIRECTION('center_axis',(0.,1.,0.));
#6764=DIRECTION('ref_axis',(1.,0.,0.));
#6765=DIRECTION('',(0.,0.,-1.));
#6766=DIRECTION('',(1.,0.,0.));
#6767=DIRECTION('',(0.,0.,-1.));
#6768=DIRECTION('center_axis',(0.,0.,-1.));
#6769=DIRECTION('ref_axis',(-3.55271367880029E-14,1.,0.));
#6770=DIRECTION('',(0.,0.,-1.));
#6771=DIRECTION('center_axis',(0.,0.,-1.));
#6772=DIRECTION('ref_axis',(-3.55271367880029E-14,1.,0.));
#6773=DIRECTION('center_axis',(-1.,0.,0.));
#6774=DIRECTION('ref_axis',(0.,1.,0.));
#6775=DIRECTION('',(0.,0.,-1.));
#6776=DIRECTION('',(0.,1.,0.));
#6777=DIRECTION('center_axis',(0.,0.,-1.));
#6778=DIRECTION('ref_axis',(-1.,-5.77315972805053E-14,0.));
#6779=DIRECTION('',(0.,0.,-1.));
#6780=DIRECTION('center_axis',(0.,0.,-1.));
#6781=DIRECTION('ref_axis',(-1.,-5.77315972805053E-14,0.));
#6782=DIRECTION('center_axis',(0.,-1.,0.));
#6783=DIRECTION('ref_axis',(-1.,0.,0.));
#6784=DIRECTION('',(0.,0.,1.));
#6785=DIRECTION('',(-1.,0.,0.));
#6786=DIRECTION('center_axis',(0.,1.,0.));
#6787=DIRECTION('ref_axis',(1.,0.,0.));
#6788=DIRECTION('',(0.,0.,-1.));
#6789=DIRECTION('',(1.,0.,0.));
#6790=DIRECTION('',(0.,0.,-1.));
#6791=DIRECTION('center_axis',(0.,0.,-1.));
#6792=DIRECTION('ref_axis',(-3.55271367880032E-14,1.,0.));
#6793=DIRECTION('',(0.,0.,-1.));
#6794=DIRECTION('center_axis',(0.,0.,-1.));
#6795=DIRECTION('ref_axis',(-3.55271367880032E-14,1.,0.));
#6796=DIRECTION('center_axis',(-1.,0.,0.));
#6797=DIRECTION('ref_axis',(0.,1.,0.));
#6798=DIRECTION('',(0.,0.,-1.));
#6799=DIRECTION('',(0.,1.,0.));
#6800=DIRECTION('center_axis',(0.,0.,-1.));
#6801=DIRECTION('ref_axis',(-1.,-5.21804821573798E-14,0.));
#6802=DIRECTION('',(0.,0.,-1.));
#6803=DIRECTION('center_axis',(0.,0.,-1.));
#6804=DIRECTION('ref_axis',(-1.,-5.21804821573798E-14,0.));
#6805=DIRECTION('center_axis',(0.,-1.,0.));
#6806=DIRECTION('ref_axis',(-1.,0.,0.));
#6807=DIRECTION('',(0.,0.,1.));
#6808=DIRECTION('',(-1.,0.,0.));
#6809=DIRECTION('center_axis',(0.,1.,0.));
#6810=DIRECTION('ref_axis',(1.,0.,0.));
#6811=DIRECTION('',(0.,0.,-1.));
#6812=DIRECTION('',(1.,0.,0.));
#6813=DIRECTION('',(0.,0.,-1.));
#6814=DIRECTION('center_axis',(0.,0.,-1.));
#6815=DIRECTION('ref_axis',(-3.55271367880029E-14,1.,0.));
#6816=DIRECTION('',(0.,0.,-1.));
#6817=DIRECTION('center_axis',(0.,0.,-1.));
#6818=DIRECTION('ref_axis',(-3.55271367880029E-14,1.,0.));
#6819=DIRECTION('center_axis',(-1.,0.,0.));
#6820=DIRECTION('ref_axis',(0.,1.,0.));
#6821=DIRECTION('',(0.,0.,-1.));
#6822=DIRECTION('',(0.,1.,0.));
#6823=DIRECTION('center_axis',(0.,0.,-1.));
#6824=DIRECTION('ref_axis',(-1.,-5.32907051820049E-14,0.));
#6825=DIRECTION('',(0.,0.,-1.));
#6826=DIRECTION('center_axis',(0.,0.,-1.));
#6827=DIRECTION('ref_axis',(-1.,-5.32907051820049E-14,0.));
#6828=DIRECTION('center_axis',(0.,-1.,0.));
#6829=DIRECTION('ref_axis',(-1.,0.,0.));
#6830=DIRECTION('',(0.,0.,1.));
#6831=DIRECTION('',(-1.,0.,0.));
#6832=DIRECTION('center_axis',(1.,0.,0.));
#6833=DIRECTION('ref_axis',(0.,1.,0.));
#6834=DIRECTION('',(0.,-1.,0.));
#6835=DIRECTION('',(0.,-1.,0.));
#6836=DIRECTION('',(0.,-1.,0.));
#6837=DIRECTION('',(0.,0.,1.));
#6838=DIRECTION('center_axis',(0.,0.,1.));
#6839=DIRECTION('ref_axis',(-1.,7.1054273576011E-15,0.));
#6840=DIRECTION('',(0.,0.,1.));
#6841=DIRECTION('center_axis',(-1.,-7.105427357601E-15,0.));
#6842=DIRECTION('ref_axis',(-7.105427357601E-15,1.,0.));
#6843=DIRECTION('',(0.,0.,-1.));
#6844=DIRECTION('',(-7.105427357601E-15,1.,0.));
#6845=DIRECTION('',(0.,0.,-1.));
#6846=DIRECTION('center_axis',(0.,0.,-1.));
#6847=DIRECTION('ref_axis',(-1.,8.88178419700144E-15,0.));
#6848=DIRECTION('',(0.,0.,-1.));
#6849=DIRECTION('center_axis',(0.,0.,-1.));
#6850=DIRECTION('ref_axis',(-1.,8.88178419700144E-15,0.));
#6851=DIRECTION('center_axis',(0.,-1.,0.));
#6852=DIRECTION('ref_axis',(-1.,0.,0.));
#6853=DIRECTION('',(0.,0.,-1.));
#6854=DIRECTION('',(-1.,0.,0.));
#6855=DIRECTION('center_axis',(0.,0.,-1.));
#6856=DIRECTION('ref_axis',(0.,-1.,0.));
#6857=DIRECTION('',(0.,0.,-1.));
#6858=DIRECTION('center_axis',(0.,0.,-1.));
#6859=DIRECTION('ref_axis',(0.,-1.,0.));
#6860=DIRECTION('center_axis',(1.,-7.105427357601E-15,0.));
#6861=DIRECTION('ref_axis',(-7.105427357601E-15,-1.,0.));
#6862=DIRECTION('',(0.,0.,1.));
#6863=DIRECTION('',(-7.105427357601E-15,-1.,0.));
#6864=DIRECTION('center_axis',(0.,1.,0.));
#6865=DIRECTION('ref_axis',(-1.,0.,0.));
#6866=DIRECTION('',(1.,0.,0.));
#6867=DIRECTION('',(0.,0.,1.));
#6868=DIRECTION('center_axis',(0.,0.,1.));
#6869=DIRECTION('ref_axis',(1.,0.,0.));
#6870=DIRECTION('',(0.,0.,1.));
#6871=DIRECTION('center_axis',(0.,0.,1.));
#6872=DIRECTION('ref_axis',(-1.,0.,0.));
#6873=DIRECTION('center_axis',(0.,1.,0.));
#6874=DIRECTION('ref_axis',(-1.,0.,0.));
#6875=DIRECTION('',(0.,0.,1.));
#6876=DIRECTION('center_axis',(0.,0.,1.));
#6877=DIRECTION('ref_axis',(-1.,0.,0.));
#6878=DIRECTION('center_axis',(0.,0.,1.));
#6879=DIRECTION('ref_axis',(-1.,0.,0.));
#6880=DIRECTION('center_axis',(0.,0.,1.));
#6881=DIRECTION('ref_axis',(-1.,0.,0.));
#6882=DIRECTION('center_axis',(0.,0.,1.));
#6883=DIRECTION('ref_axis',(-1.,0.,0.));
#6884=DIRECTION('center_axis',(-1.,0.,0.));
#6885=DIRECTION('ref_axis',(0.,-1.,0.));
#6886=DIRECTION('',(0.,0.,1.));
#6887=DIRECTION('center_axis',(0.,0.,1.));
#6888=DIRECTION('ref_axis',(0.,1.,0.));
#6889=CARTESIAN_POINT('',(0.,0.,0.));
#6890=CARTESIAN_POINT('Origin',(174.725,60.425,0.));
#6891=CARTESIAN_POINT('',(177.225,60.425,13.573));
#6892=CARTESIAN_POINT('',(174.725,62.925,13.573));
#6893=CARTESIAN_POINT('Origin',(174.725,60.425,13.573));
#6894=CARTESIAN_POINT('',(174.725,62.925,3.));
#6895=CARTESIAN_POINT('',(174.725,62.925,0.));
#6896=CARTESIAN_POINT('',(177.225,60.425,3.));
#6897=CARTESIAN_POINT('Origin',(174.725,60.425,3.));
#6898=CARTESIAN_POINT('',(177.225,60.425,0.));
#6899=CARTESIAN_POINT('Origin',(177.225,60.425,0.));
#6900=CARTESIAN_POINT('',(177.225,59.925,13.573));
#6901=CARTESIAN_POINT('',(177.225,31.7125,13.573));
#6902=CARTESIAN_POINT('',(177.225,-60.425,3.));
#6903=CARTESIAN_POINT('',(177.225,60.425,3.));
#6904=CARTESIAN_POINT('',(177.225,-60.425,13.573));
#6905=CARTESIAN_POINT('',(177.225,-60.425,12.83));
#6906=CARTESIAN_POINT('',(177.225,-53.925,13.573));
#6907=CARTESIAN_POINT('',(177.225,31.7125,13.573));
#6908=CARTESIAN_POINT('',(177.225,-53.925,12.823));
#6909=CARTESIAN_POINT('',(177.225,-53.925,7.1615));
#6910=CARTESIAN_POINT('',(177.225,-18.925,12.823));
#6911=CARTESIAN_POINT('',(177.225,12.,12.823));
#6912=CARTESIAN_POINT('',(177.225,-18.925,13.573));
#6913=CARTESIAN_POINT('',(177.225,-18.925,7.1615));
#6914=CARTESIAN_POINT('',(177.225,-9.50000000000001,13.573));
#6915=CARTESIAN_POINT('',(177.225,31.7125,13.573));
#6916=CARTESIAN_POINT('',(177.225,-9.50000000000001,12.823));
#6917=CARTESIAN_POINT('',(177.225,-9.50000000000001,7.1615));
#6918=CARTESIAN_POINT('',(177.225,15.5,12.823));
#6919=CARTESIAN_POINT('',(177.225,31.7125,12.823));
#6920=CARTESIAN_POINT('',(177.225,15.5,13.573));
#6921=CARTESIAN_POINT('',(177.225,15.5,7.1615));
#6922=CARTESIAN_POINT('',(177.225,24.925,13.573));
#6923=CARTESIAN_POINT('',(177.225,31.7125,13.573));
#6924=CARTESIAN_POINT('',(177.225,24.925,12.823));
#6925=CARTESIAN_POINT('',(177.225,24.925,7.1615));
#6926=CARTESIAN_POINT('',(177.225,59.925,12.823));
#6927=CARTESIAN_POINT('',(177.225,51.425,12.823));
#6928=CARTESIAN_POINT('',(177.225,59.925,7.1615));
#6929=CARTESIAN_POINT('Origin',(174.725,-60.425,0.));
#6930=CARTESIAN_POINT('',(174.725,-62.925,13.573));
#6931=CARTESIAN_POINT('Origin',(174.725,-60.425,13.573));
#6932=CARTESIAN_POINT('',(174.725,-62.925,3.));
#6933=CARTESIAN_POINT('Origin',(174.725,-60.425,3.));
#6934=CARTESIAN_POINT('',(174.725,-62.925,12.83));
#6935=CARTESIAN_POINT('Origin',(5.77500000000003,68.925,14.323));
#6936=CARTESIAN_POINT('',(6.77500000000002,68.925,13.573));
#6937=CARTESIAN_POINT('',(5.77500000000002,69.925,13.573));
#6938=CARTESIAN_POINT('Origin',(5.77500000000003,68.925,13.573));
#6939=CARTESIAN_POINT('',(5.77500000000002,69.925,12.823));
#6940=CARTESIAN_POINT('',(5.77500000000002,69.925,14.323));
#6941=CARTESIAN_POINT('',(6.77500000000002,68.925,12.823));
#6942=CARTESIAN_POINT('Origin',(5.77500000000003,68.925,12.823));
#6943=CARTESIAN_POINT('',(6.77500000000002,68.925,14.323));
#6944=CARTESIAN_POINT('Origin',(6.77500000000002,68.925,14.323));
#6945=CARTESIAN_POINT('',(6.77500000000002,62.925,13.573));
#6946=CARTESIAN_POINT('',(6.77500000000002,35.9625,13.573));
#6947=CARTESIAN_POINT('',(6.77500000000002,62.925,12.823));
#6948=CARTESIAN_POINT('',(6.77500000000002,68.925,12.823));
#6949=CARTESIAN_POINT('',(6.77500000000002,62.925,7.1615));
#6950=CARTESIAN_POINT('Origin',(178.725,-9.50000000000001,14.323));
#6951=CARTESIAN_POINT('',(178.725,-9.50000000000001,13.573));
#6952=CARTESIAN_POINT('',(89.3625000000001,-9.50000000000014,13.573));
#6953=CARTESIAN_POINT('',(178.725,-9.50000000000001,12.823));
#6954=CARTESIAN_POINT('',(178.725,-9.50000000000001,14.323));
#6955=CARTESIAN_POINT('',(178.725,-9.50000000000001,12.823));
#6956=CARTESIAN_POINT('Origin',(177.225,15.5,14.323));
#6957=CARTESIAN_POINT('',(178.725,15.5,13.573));
#6958=CARTESIAN_POINT('',(88.6125,15.5,13.573));
#6959=CARTESIAN_POINT('',(178.725,15.5,12.823));
#6960=CARTESIAN_POINT('',(177.225,15.5,12.823));
#6961=CARTESIAN_POINT('',(178.725,15.5,14.323));
#6962=CARTESIAN_POINT('Origin',(178.725,14.5,14.323));
#6963=CARTESIAN_POINT('',(179.725,14.5,13.573));
#6964=CARTESIAN_POINT('Origin',(178.725,14.5,13.573));
#6965=CARTESIAN_POINT('',(179.725,14.5,12.823));
#6966=CARTESIAN_POINT('Origin',(178.725,14.5,12.823));
#6967=CARTESIAN_POINT('',(179.725,14.5,14.323));
#6968=CARTESIAN_POINT('Origin',(179.725,14.5,14.323));
#6969=CARTESIAN_POINT('',(179.725,-8.50000000000001,13.573));
#6970=CARTESIAN_POINT('',(179.725,8.74999999999999,13.573));
#6971=CARTESIAN_POINT('',(179.725,-8.50000000000001,12.823));
#6972=CARTESIAN_POINT('',(179.725,14.5,12.823));
#6973=CARTESIAN_POINT('',(179.725,-8.50000000000001,14.323));
#6974=CARTESIAN_POINT('Origin',(178.725,-8.5,14.323));
#6975=CARTESIAN_POINT('Origin',(178.725,-8.5,13.573));
#6976=CARTESIAN_POINT('Origin',(178.725,-8.5,12.823));
#6977=CARTESIAN_POINT('Origin',(178.725,-19.925,14.323));
#6978=CARTESIAN_POINT('',(179.725,-19.925,13.573));
#6979=CARTESIAN_POINT('',(178.725,-18.925,13.573));
#6980=CARTESIAN_POINT('Origin',(178.725,-19.925,13.573));
#6981=CARTESIAN_POINT('',(178.725,-18.925,12.823));
#6982=CARTESIAN_POINT('',(178.725,-18.925,14.323));
#6983=CARTESIAN_POINT('',(179.725,-19.925,12.823));
#6984=CARTESIAN_POINT('Origin',(178.725,-19.925,12.823));
#6985=CARTESIAN_POINT('',(179.725,-19.925,14.323));
#6986=CARTESIAN_POINT('Origin',(179.725,-19.925,14.323));
#6987=CARTESIAN_POINT('',(179.725,-52.925,13.573));
#6988=CARTESIAN_POINT('',(179.725,-8.46249999999999,13.573));
#6989=CARTESIAN_POINT('',(179.725,-52.925,12.823));
#6990=CARTESIAN_POINT('',(179.725,-52.925,12.823));
#6991=CARTESIAN_POINT('',(179.725,-52.925,14.323));
#6992=CARTESIAN_POINT('Origin',(178.725,-52.925,14.323));
#6993=CARTESIAN_POINT('',(178.725,-53.925,13.573));
#6994=CARTESIAN_POINT('Origin',(178.725,-52.925,13.573));
#6995=CARTESIAN_POINT('',(178.725,-53.925,12.823));
#6996=CARTESIAN_POINT('Origin',(178.725,-52.925,12.823));
#6997=CARTESIAN_POINT('',(178.725,-53.925,14.323));
#6998=CARTESIAN_POINT('Origin',(178.725,-53.925,14.323));
#6999=CARTESIAN_POINT('',(89.3625,-53.925,13.573));
#7000=CARTESIAN_POINT('',(177.225,-53.925,12.823));
#7001=CARTESIAN_POINT('Origin',(177.225,-18.925,14.323));
#7002=CARTESIAN_POINT('',(88.6125,-18.925,13.573));
#7003=CARTESIAN_POINT('',(178.725,-18.925,12.823));
#7004=CARTESIAN_POINT('Origin',(28.,68.925,14.323));
#7005=CARTESIAN_POINT('',(28.,69.925,13.573));
#7006=CARTESIAN_POINT('',(27.,68.925,13.573));
#7007=CARTESIAN_POINT('Origin',(28.,68.925,13.573));
#7008=CARTESIAN_POINT('',(27.,68.925,12.823));
#7009=CARTESIAN_POINT('',(27.,68.925,14.323));
#7010=CARTESIAN_POINT('',(28.,69.925,12.823));
#7011=CARTESIAN_POINT('Origin',(28.,68.925,12.823));
#7012=CARTESIAN_POINT('',(28.,69.925,14.323));
#7013=CARTESIAN_POINT('Origin',(28.,69.925,14.323));
#7014=CARTESIAN_POINT('',(61.,69.925,13.573));
#7015=CARTESIAN_POINT('',(14.,69.925,13.573));
#7016=CARTESIAN_POINT('',(61.,69.925,12.823));
#7017=CARTESIAN_POINT('',(61.,69.925,12.823));
#7018=CARTESIAN_POINT('',(61.,69.925,14.323));
#7019=CARTESIAN_POINT('Origin',(61.,68.925,14.323));
#7020=CARTESIAN_POINT('',(62.,68.925,13.573));
#7021=CARTESIAN_POINT('Origin',(61.,68.925,13.573));
#7022=CARTESIAN_POINT('',(62.,68.925,12.823));
#7023=CARTESIAN_POINT('Origin',(61.,68.925,12.823));
#7024=CARTESIAN_POINT('',(62.,68.925,14.323));
#7025=CARTESIAN_POINT('Origin',(62.,68.925,14.323));
#7026=CARTESIAN_POINT('',(62.,62.925,13.573));
#7027=CARTESIAN_POINT('',(62.,35.9625,13.573));
#7028=CARTESIAN_POINT('',(62.,62.925,12.823));
#7029=CARTESIAN_POINT('',(62.,62.925,12.823));
#7030=CARTESIAN_POINT('',(62.,62.925,7.1615));
#7031=CARTESIAN_POINT('Origin',(27.,62.925,14.323));
#7032=CARTESIAN_POINT('',(27.,62.925,13.573));
#7033=CARTESIAN_POINT('',(27.,32.9625,13.573));
#7034=CARTESIAN_POINT('',(27.,62.925,12.823));
#7035=CARTESIAN_POINT('',(27.,62.925,7.1615));
#7036=CARTESIAN_POINT('',(27.,68.925,12.823));
#7037=CARTESIAN_POINT('Origin',(178.725,24.925,14.323));
#7038=CARTESIAN_POINT('',(178.725,24.925,13.573));
#7039=CARTESIAN_POINT('',(89.3625,24.925,13.573));
#7040=CARTESIAN_POINT('',(178.725,24.925,12.823));
#7041=CARTESIAN_POINT('',(178.725,24.925,14.323));
#7042=CARTESIAN_POINT('',(178.725,24.925,12.823));
#7043=CARTESIAN_POINT('Origin',(177.225,59.925,14.323));
#7044=CARTESIAN_POINT('',(178.725,59.925,13.573));
#7045=CARTESIAN_POINT('',(88.6125,59.925,13.573));
#7046=CARTESIAN_POINT('',(178.725,59.925,12.823));
#7047=CARTESIAN_POINT('',(177.225,59.925,12.823));
#7048=CARTESIAN_POINT('',(178.725,59.925,14.323));
#7049=CARTESIAN_POINT('Origin',(178.725,58.925,14.323));
#7050=CARTESIAN_POINT('',(179.725,58.925,13.573));
#7051=CARTESIAN_POINT('Origin',(178.725,58.925,13.573));
#7052=CARTESIAN_POINT('',(179.725,58.925,12.823));
#7053=CARTESIAN_POINT('Origin',(178.725,58.925,12.823));
#7054=CARTESIAN_POINT('',(179.725,58.925,14.323));
#7055=CARTESIAN_POINT('Origin',(179.725,58.925,14.323));
#7056=CARTESIAN_POINT('',(179.725,25.925,13.573));
#7057=CARTESIAN_POINT('',(179.725,30.9625,13.573));
#7058=CARTESIAN_POINT('',(179.725,25.925,12.823));
#7059=CARTESIAN_POINT('',(179.725,58.925,12.823));
#7060=CARTESIAN_POINT('',(179.725,25.925,14.323));
#7061=CARTESIAN_POINT('Origin',(178.725,25.925,14.323));
#7062=CARTESIAN_POINT('Origin',(178.725,25.925,13.573));
#7063=CARTESIAN_POINT('Origin',(178.725,25.925,12.823));
#7064=CARTESIAN_POINT('Origin',(133.225,-65.425,14.323));
#7065=CARTESIAN_POINT('',(132.225,-65.425,13.573));
#7066=CARTESIAN_POINT('',(133.225,-66.425,13.573));
#7067=CARTESIAN_POINT('Origin',(133.225,-65.425,13.573));
#7068=CARTESIAN_POINT('',(133.225,-66.425,12.823));
#7069=CARTESIAN_POINT('',(133.225,-66.425,14.323));
#7070=CARTESIAN_POINT('',(132.225,-65.425,12.823));
#7071=CARTESIAN_POINT('Origin',(133.225,-65.425,12.823));
#7072=CARTESIAN_POINT('',(132.225,-65.425,14.323));
#7073=CARTESIAN_POINT('Origin',(132.225,-65.425,14.323));
#7074=CARTESIAN_POINT('',(132.225,-62.925,13.573));
#7075=CARTESIAN_POINT('',(132.225,-31.2125,13.573));
#7076=CARTESIAN_POINT('',(132.225,-62.925,12.823));
#7077=CARTESIAN_POINT('',(132.225,-65.425,12.823));
#7078=CARTESIAN_POINT('',(132.225,-62.925,7.1615));
#7079=CARTESIAN_POINT('Origin',(167.225,-62.925,14.323));
#7080=CARTESIAN_POINT('',(167.225,-65.425,13.573));
#7081=CARTESIAN_POINT('',(167.225,-62.925,13.573));
#7082=CARTESIAN_POINT('',(167.225,-29.9625,13.573));
#7083=CARTESIAN_POINT('',(167.225,-62.925,12.823));
#7084=CARTESIAN_POINT('',(167.225,-62.925,7.1615));
#7085=CARTESIAN_POINT('',(167.225,-65.425,12.823));
#7086=CARTESIAN_POINT('',(167.225,-62.925,12.823));
#7087=CARTESIAN_POINT('',(167.225,-65.425,14.323));
#7088=CARTESIAN_POINT('Origin',(166.225,-65.425,14.323));
#7089=CARTESIAN_POINT('',(166.225,-66.425,13.573));
#7090=CARTESIAN_POINT('Origin',(166.225,-65.425,13.573));
#7091=CARTESIAN_POINT('',(166.225,-66.425,12.823));
#7092=CARTESIAN_POINT('Origin',(166.225,-65.425,12.823));
#7093=CARTESIAN_POINT('',(166.225,-66.425,14.323));
#7094=CARTESIAN_POINT('Origin',(166.225,-66.425,14.323));
#7095=CARTESIAN_POINT('',(83.1125,-66.425,13.573));
#7096=CARTESIAN_POINT('',(166.225,-66.425,12.823));
#7097=CARTESIAN_POINT('Origin',(156.225,68.925,14.323));
#7098=CARTESIAN_POINT('',(157.225,68.925,13.573));
#7099=CARTESIAN_POINT('',(156.225,69.925,13.573));
#7100=CARTESIAN_POINT('Origin',(156.225,68.925,13.573));
#7101=CARTESIAN_POINT('',(156.225,69.925,12.823));
#7102=CARTESIAN_POINT('',(156.225,69.925,14.323));
#7103=CARTESIAN_POINT('',(157.225,68.925,12.823));
#7104=CARTESIAN_POINT('Origin',(156.225,68.925,12.823));
#7105=CARTESIAN_POINT('',(157.225,68.925,14.323));
#7106=CARTESIAN_POINT('Origin',(157.225,68.925,14.323));
#7107=CARTESIAN_POINT('',(157.225,62.925,13.573));
#7108=CARTESIAN_POINT('',(157.225,35.9625,13.573));
#7109=CARTESIAN_POINT('',(157.225,62.925,12.823));
#7110=CARTESIAN_POINT('',(157.225,68.925,12.823));
#7111=CARTESIAN_POINT('',(157.225,62.925,7.1615));
#7112=CARTESIAN_POINT('Origin',(82.2250000000001,62.925,14.323));
#7113=CARTESIAN_POINT('',(82.2250000000001,68.925,13.573));
#7114=CARTESIAN_POINT('',(82.2250000000001,62.925,13.573));
#7115=CARTESIAN_POINT('',(82.2250000000001,32.9625,13.573));
#7116=CARTESIAN_POINT('',(82.2250000000001,62.925,12.823));
#7117=CARTESIAN_POINT('',(82.2250000000001,62.925,7.1615));
#7118=CARTESIAN_POINT('',(82.2250000000001,68.925,12.823));
#7119=CARTESIAN_POINT('',(82.2250000000001,62.925,12.823));
#7120=CARTESIAN_POINT('',(82.2250000000001,68.925,14.323));
#7121=CARTESIAN_POINT('Origin',(83.2250000000001,68.925,14.323));
#7122=CARTESIAN_POINT('',(83.2250000000001,69.925,13.573));
#7123=CARTESIAN_POINT('Origin',(83.2250000000001,68.925,13.573));
#7124=CARTESIAN_POINT('',(83.2250000000001,69.925,12.823));
#7125=CARTESIAN_POINT('Origin',(83.2250000000001,68.925,12.823));
#7126=CARTESIAN_POINT('',(83.2250000000001,69.925,14.323));
#7127=CARTESIAN_POINT('Origin',(83.2250000000001,69.925,14.323));
#7128=CARTESIAN_POINT('',(41.6125,69.925,13.573));
#7129=CARTESIAN_POINT('',(83.2250000000001,69.925,12.823));
#7130=CARTESIAN_POINT('Origin',(81.375,-65.425,14.323));
#7131=CARTESIAN_POINT('',(80.375,-65.425,13.573));
#7132=CARTESIAN_POINT('',(81.375,-66.425,13.573));
#7133=CARTESIAN_POINT('Origin',(81.375,-65.425,13.573));
#7134=CARTESIAN_POINT('',(81.375,-66.425,12.823));
#7135=CARTESIAN_POINT('',(81.375,-66.425,14.323));
#7136=CARTESIAN_POINT('',(80.375,-65.425,12.823));
#7137=CARTESIAN_POINT('Origin',(81.375,-65.425,12.823));
#7138=CARTESIAN_POINT('',(80.375,-65.425,14.323));
#7139=CARTESIAN_POINT('Origin',(115.375,-62.925,14.323));
#7140=CARTESIAN_POINT('',(115.375,-65.425,13.573));
#7141=CARTESIAN_POINT('',(115.375,-62.925,13.573));
#7142=CARTESIAN_POINT('',(115.375,-29.9625,13.573));
#7143=CARTESIAN_POINT('',(115.375,-62.925,12.823));
#7144=CARTESIAN_POINT('',(115.375,-62.925,7.1615));
#7145=CARTESIAN_POINT('',(115.375,-65.425,12.823));
#7146=CARTESIAN_POINT('',(115.375,-62.925,12.823));
#7147=CARTESIAN_POINT('',(115.375,-65.425,14.323));
#7148=CARTESIAN_POINT('Origin',(114.375,-65.425,14.323));
#7149=CARTESIAN_POINT('',(114.375,-66.425,13.573));
#7150=CARTESIAN_POINT('Origin',(114.375,-65.425,13.573));
#7151=CARTESIAN_POINT('',(114.375,-66.425,12.823));
#7152=CARTESIAN_POINT('Origin',(114.375,-65.425,12.823));
#7153=CARTESIAN_POINT('',(114.375,-66.425,14.323));
#7154=CARTESIAN_POINT('Origin',(114.375,-66.425,14.323));
#7155=CARTESIAN_POINT('',(57.1875,-66.425,13.573));
#7156=CARTESIAN_POINT('',(114.375,-66.425,12.823));
#7157=CARTESIAN_POINT('Origin',(174.725,-62.925,0.));
#7158=CARTESIAN_POINT('',(87.3625,-62.925,13.573));
#7159=CARTESIAN_POINT('',(14.275,-62.925,3.));
#7160=CARTESIAN_POINT('',(174.725,-62.925,3.));
#7161=CARTESIAN_POINT('',(14.275,-62.925,13.573));
#7162=CARTESIAN_POINT('',(14.275,-62.925,12.83));
#7163=CARTESIAN_POINT('',(28.525,-62.925,13.573));
#7164=CARTESIAN_POINT('',(87.3625,-62.925,13.573));
#7165=CARTESIAN_POINT('',(28.525,-62.925,12.823));
#7166=CARTESIAN_POINT('',(28.525,-62.925,7.1615));
#7167=CARTESIAN_POINT('',(63.525,-62.925,12.823));
#7168=CARTESIAN_POINT('',(110.375,-62.925,12.823));
#7169=CARTESIAN_POINT('',(63.525,-62.925,13.573));
#7170=CARTESIAN_POINT('',(63.525,-62.925,7.1615));
#7171=CARTESIAN_POINT('',(80.375,-62.925,13.573));
#7172=CARTESIAN_POINT('',(87.3625,-62.925,13.573));
#7173=CARTESIAN_POINT('',(80.375,-62.925,12.823));
#7174=CARTESIAN_POINT('',(80.375,-62.925,7.1615));
#7175=CARTESIAN_POINT('',(136.3,-62.925,12.823));
#7176=CARTESIAN_POINT('',(87.3625,-62.925,13.573));
#7177=CARTESIAN_POINT('',(162.225,-62.925,12.823));
#7178=CARTESIAN_POINT('Origin',(178.475,-36.425,12.823));
#7179=CARTESIAN_POINT('Origin',(119.725,66.425,12.823));
#7180=CARTESIAN_POINT('',(15.,62.925,12.823));
#7181=CARTESIAN_POINT('Origin',(178.475,2.99999999999999,12.823));
#7182=CARTESIAN_POINT('Origin',(97.875,-64.675,12.823));
#7183=CARTESIAN_POINT('',(80.375,-65.425,12.823));
#7184=CARTESIAN_POINT('Origin',(-30.725,66.425,12.823));
#7185=CARTESIAN_POINT('',(-33.278127419805,62.925,12.823));
#7186=CARTESIAN_POINT('',(-33.278127419805,69.925,12.823));
#7187=CARTESIAN_POINT('',(-33.278127419805,34.7125,12.823));
#7188=CARTESIAN_POINT('',(-60.225,62.925,12.823));
#7189=CARTESIAN_POINT('',(-67.225,69.925,12.823));
#7190=CARTESIAN_POINT('Origin',(46.025,-64.675,12.823));
#7191=CARTESIAN_POINT('',(29.525,-66.425,12.823));
#7192=CARTESIAN_POINT('',(28.525,-65.425,12.823));
#7193=CARTESIAN_POINT('Origin',(29.525,-65.425,12.823));
#7194=CARTESIAN_POINT('',(62.525,-66.425,12.823));
#7195=CARTESIAN_POINT('',(62.525,-66.425,12.823));
#7196=CARTESIAN_POINT('',(63.525,-65.425,12.823));
#7197=CARTESIAN_POINT('Origin',(62.525,-65.425,12.823));
#7198=CARTESIAN_POINT('',(63.525,-62.925,12.823));
#7199=CARTESIAN_POINT('',(28.525,-65.425,12.823));
#7200=CARTESIAN_POINT('Origin',(149.725,-64.675,12.823));
#7201=CARTESIAN_POINT('Origin',(178.475,42.425,12.823));
#7202=CARTESIAN_POINT('Origin',(44.5,66.425,12.823));
#7203=CARTESIAN_POINT('',(-22.6125,62.925,12.823));
#7204=CARTESIAN_POINT('Origin',(183.225,-61.925,0.));
#7205=CARTESIAN_POINT('',(183.225,-61.925,1.25638742742749));
#7206=CARTESIAN_POINT('',(183.225,-49.9712721197801,0.));
#7207=CARTESIAN_POINT('',(183.225,-55.8828316513003,0.621329943789419));
#7208=CARTESIAN_POINT('',(183.225,67.925,0.));
#7209=CARTESIAN_POINT('',(183.225,67.925,0.));
#7210=CARTESIAN_POINT('',(183.225,67.925,13.573));
#7211=CARTESIAN_POINT('',(183.225,67.9249999999999,12.83));
#7212=CARTESIAN_POINT('',(183.225,-61.925,13.573));
#7213=CARTESIAN_POINT('',(183.225,-29.4625,13.573));
#7214=CARTESIAN_POINT('',(183.225,-61.925,12.83));
#7215=CARTESIAN_POINT('Origin',(176.225,67.925,0.));
#7216=CARTESIAN_POINT('',(176.225,74.925,13.573));
#7217=CARTESIAN_POINT('Origin',(176.225,67.925,13.573));
#7218=CARTESIAN_POINT('',(176.225,74.925,0.));
#7219=CARTESIAN_POINT('Origin',(176.225,67.925,0.));
#7220=CARTESIAN_POINT('',(176.225,74.925,12.83));
#7221=CARTESIAN_POINT('Origin',(80.375,-65.425,14.323));
#7222=CARTESIAN_POINT('',(80.375,-31.2125,13.573));
#7223=CARTESIAN_POINT('Origin',(63.525,-62.925,14.323));
#7224=CARTESIAN_POINT('',(63.525,-65.425,13.573));
#7225=CARTESIAN_POINT('',(63.525,-29.9625,13.573));
#7226=CARTESIAN_POINT('',(63.525,-65.425,14.323));
#7227=CARTESIAN_POINT('Origin',(62.525,-65.425,14.323));
#7228=CARTESIAN_POINT('',(62.525,-66.425,13.573));
#7229=CARTESIAN_POINT('Origin',(62.525,-65.425,13.573));
#7230=CARTESIAN_POINT('',(62.525,-66.425,14.323));
#7231=CARTESIAN_POINT('Origin',(62.525,-66.425,14.323));
#7232=CARTESIAN_POINT('',(29.525,-66.425,13.573));
#7233=CARTESIAN_POINT('',(31.2625,-66.425,13.573));
#7234=CARTESIAN_POINT('',(29.525,-66.425,14.323));
#7235=CARTESIAN_POINT('Origin',(29.525,-65.425,14.323));
#7236=CARTESIAN_POINT('',(28.525,-65.425,13.573));
#7237=CARTESIAN_POINT('Origin',(29.525,-65.425,13.573));
#7238=CARTESIAN_POINT('',(28.525,-65.425,14.323));
#7239=CARTESIAN_POINT('Origin',(28.525,-65.425,14.323));
#7240=CARTESIAN_POINT('',(28.525,-31.2125,13.573));
#7241=CARTESIAN_POINT('Origin',(14.275,-63.675,0.));
#7242=CARTESIAN_POINT('',(13.525,-63.675,13.573));
#7243=CARTESIAN_POINT('Origin',(14.275,-63.675,13.573));
#7244=CARTESIAN_POINT('',(13.525,-63.675,3.));
#7245=CARTESIAN_POINT('Origin',(14.275,-63.675,3.));
#7246=CARTESIAN_POINT('',(13.525,-63.675,12.83));
#7247=CARTESIAN_POINT('Origin',(10.775,-63.675,0.));
#7248=CARTESIAN_POINT('',(10.775,-66.425,13.573));
#7249=CARTESIAN_POINT('Origin',(10.775,-63.675,13.573));
#7250=CARTESIAN_POINT('',(10.775,-66.425,3.));
#7251=CARTESIAN_POINT('Origin',(10.775,-63.675,3.));
#7252=CARTESIAN_POINT('',(10.775,-66.425,12.83));
#7253=CARTESIAN_POINT('Origin',(10.775,-66.425,0.));
#7254=CARTESIAN_POINT('',(-33.278127419805,-66.425,13.573));
#7255=CARTESIAN_POINT('',(-33.278127419805,-66.425,3.));
#7256=CARTESIAN_POINT('',(-33.278127419805,-66.425,3.39325));
#7257=CARTESIAN_POINT('',(5.38750000000002,-66.425,13.573));
#7258=CARTESIAN_POINT('',(10.775,-66.425,3.));
#7259=CARTESIAN_POINT('Origin',(-67.225,69.925,14.323));
#7260=CARTESIAN_POINT('',(-33.278127419805,69.925,13.573));
#7261=CARTESIAN_POINT('',(-33.278127419805,69.925,10.55475));
#7262=CARTESIAN_POINT('',(-33.6125,69.925,13.573));
#7263=CARTESIAN_POINT('Origin',(176.225,-61.925,0.));
#7264=CARTESIAN_POINT('',(176.225,-68.925,1.99211707428897));
#7265=CARTESIAN_POINT('Origin',(176.225,-61.925,1.25638742742749));
#7266=CARTESIAN_POINT('',(176.225,-68.925,13.573));
#7267=CARTESIAN_POINT('Origin',(176.225,-61.925,13.573));
#7268=CARTESIAN_POINT('',(176.225,-68.925,0.));
#7269=CARTESIAN_POINT('Origin',(125.,38.782,13.573));
#7270=CARTESIAN_POINT('',(125.,38.782,2.));
#7271=CARTESIAN_POINT('',(125.,42.782,2.));
#7272=CARTESIAN_POINT('',(125.,20.766,2.));
#7273=CARTESIAN_POINT('',(125.,38.782,0.));
#7274=CARTESIAN_POINT('',(125.,38.782,13.573));
#7275=CARTESIAN_POINT('',(125.,42.782,0.));
#7276=CARTESIAN_POINT('',(125.,20.766,0.));
#7277=CARTESIAN_POINT('',(125.,42.782,13.573));
#7278=CARTESIAN_POINT('Origin',(128.,42.782,13.573));
#7279=CARTESIAN_POINT('',(128.,45.782,2.));
#7280=CARTESIAN_POINT('Origin',(128.,42.782,2.));
#7281=CARTESIAN_POINT('',(128.,45.782,0.));
#7282=CARTESIAN_POINT('Origin',(128.,42.782,0.));
#7283=CARTESIAN_POINT('',(128.,45.782,13.573));
#7284=CARTESIAN_POINT('Origin',(147.,42.782,13.573));
#7285=CARTESIAN_POINT('',(147.,45.782,2.));
#7286=CARTESIAN_POINT('',(150.,42.782,2.));
#7287=CARTESIAN_POINT('Origin',(147.,42.782,2.));
#7288=CARTESIAN_POINT('',(147.,45.782,0.));
#7289=CARTESIAN_POINT('',(147.,45.782,13.573));
#7290=CARTESIAN_POINT('',(150.,42.782,0.));
#7291=CARTESIAN_POINT('Origin',(147.,42.782,0.));
#7292=CARTESIAN_POINT('',(150.,42.782,13.573));
#7293=CARTESIAN_POINT('Origin',(128.,45.782,13.573));
#7294=CARTESIAN_POINT('',(64.,45.782,2.));
#7295=CARTESIAN_POINT('',(64.,45.782,0.));
#7296=CARTESIAN_POINT('Origin',(3.5527136788005E-14,2.75000000000001,3.));
#7297=CARTESIAN_POINT('',(30.275,50.725,3.));
#7298=CARTESIAN_POINT('Origin',(28.675,50.725,3.));
#7299=CARTESIAN_POINT('Origin',(150.,42.782,13.573));
#7300=CARTESIAN_POINT('',(150.,38.782,2.));
#7301=CARTESIAN_POINT('',(150.,22.766,2.));
#7302=CARTESIAN_POINT('',(150.,38.782,0.));
#7303=CARTESIAN_POINT('',(150.,22.766,0.));
#7304=CARTESIAN_POINT('',(150.,38.782,13.573));
#7305=CARTESIAN_POINT('Origin',(147.,38.782,13.573));
#7306=CARTESIAN_POINT('',(147.,35.782,2.));
#7307=CARTESIAN_POINT('Origin',(147.,38.782,2.));
#7308=CARTESIAN_POINT('',(147.,35.782,0.));
#7309=CARTESIAN_POINT('Origin',(147.,38.782,0.));
#7310=CARTESIAN_POINT('',(147.,35.782,13.573));
#7311=CARTESIAN_POINT('Origin',(147.,35.782,13.573));
#7312=CARTESIAN_POINT('',(128.,35.782,2.));
#7313=CARTESIAN_POINT('',(73.5,35.782,2.));
#7314=CARTESIAN_POINT('',(128.,35.782,0.));
#7315=CARTESIAN_POINT('',(73.5,35.782,0.));
#7316=CARTESIAN_POINT('',(128.,35.782,13.573));
#7317=CARTESIAN_POINT('Origin',(128.,38.782,13.573));
#7318=CARTESIAN_POINT('Origin',(128.,38.782,2.));
#7319=CARTESIAN_POINT('Origin',(128.,38.782,0.));
#7320=CARTESIAN_POINT('Origin',(147.,42.782,2.5));
#7321=CARTESIAN_POINT('',(151.,42.782,3.));
#7322=CARTESIAN_POINT('',(151.,42.782,3.));
#7323=CARTESIAN_POINT('',(147.,46.782,3.));
#7324=CARTESIAN_POINT('Origin',(147.,42.782,3.));
#7325=CARTESIAN_POINT('',(147.,45.782,2.));
#7326=CARTESIAN_POINT('Origin',(64.,46.282,2.5));
#7327=CARTESIAN_POINT('',(128.,46.782,3.));
#7328=CARTESIAN_POINT('',(64.,46.782,3.));
#7329=CARTESIAN_POINT('',(128.,45.782,2.));
#7330=CARTESIAN_POINT('Origin',(128.,42.782,2.5));
#7331=CARTESIAN_POINT('',(124.,42.782,3.));
#7332=CARTESIAN_POINT('Origin',(128.,42.782,3.));
#7333=CARTESIAN_POINT('',(125.,42.782,2.));
#7334=CARTESIAN_POINT('Origin',(124.5,20.766,2.5));
#7335=CARTESIAN_POINT('',(124.,38.782,3.));
#7336=CARTESIAN_POINT('',(124.,20.766,3.));
#7337=CARTESIAN_POINT('',(125.,38.782,2.));
#7338=CARTESIAN_POINT('Origin',(128.,38.782,2.5));
#7339=CARTESIAN_POINT('',(128.,34.782,3.));
#7340=CARTESIAN_POINT('Origin',(128.,38.782,3.));
#7341=CARTESIAN_POINT('',(128.,35.782,2.));
#7342=CARTESIAN_POINT('Origin',(73.5,35.282,2.5));
#7343=CARTESIAN_POINT('',(147.,34.782,3.));
#7344=CARTESIAN_POINT('',(73.5,34.782,3.));
#7345=CARTESIAN_POINT('',(147.,35.782,2.));
#7346=CARTESIAN_POINT('Origin',(147.,38.782,2.5));
#7347=CARTESIAN_POINT('',(151.,38.782,3.));
#7348=CARTESIAN_POINT('Origin',(147.,38.782,3.));
#7349=CARTESIAN_POINT('',(150.,38.782,2.));
#7350=CARTESIAN_POINT('Origin',(150.5,22.766,2.5));
#7351=CARTESIAN_POINT('',(151.,22.766,3.));
#7352=CARTESIAN_POINT('Origin',(180.025,20.2124999999999,13.573));
#7353=CARTESIAN_POINT('',(181.275,20.2124999999999,13.573));
#7354=CARTESIAN_POINT('Origin',(180.025,20.2124999999999,13.573));
#7355=CARTESIAN_POINT('',(181.275,20.2124999999999,4.573));
#7356=CARTESIAN_POINT('',(181.275,20.2124999999999,13.573));
#7357=CARTESIAN_POINT('Origin',(180.025,20.2124999999999,4.573));
#7358=CARTESIAN_POINT('Origin',(71.95,-65.925,13.573));
#7359=CARTESIAN_POINT('',(73.2,-65.925,13.573));
#7360=CARTESIAN_POINT('Origin',(71.95,-65.925,13.573));
#7361=CARTESIAN_POINT('',(73.2,-65.925,4.573));
#7362=CARTESIAN_POINT('',(73.2,-65.925,13.573));
#7363=CARTESIAN_POINT('Origin',(71.95,-65.925,4.573));
#7364=CARTESIAN_POINT('Origin',(21.025,-65.925,13.573));
#7365=CARTESIAN_POINT('',(22.275,-65.925,13.573));
#7366=CARTESIAN_POINT('Origin',(21.025,-65.925,13.573));
#7367=CARTESIAN_POINT('',(22.275,-65.925,4.573));
#7368=CARTESIAN_POINT('',(22.275,-65.925,13.573));
#7369=CARTESIAN_POINT('Origin',(21.025,-65.925,4.573));
#7370=CARTESIAN_POINT('Origin',(180.225,-14.2125000000001,13.573));
#7371=CARTESIAN_POINT('',(181.475,-14.2125000000001,13.573));
#7372=CARTESIAN_POINT('Origin',(180.225,-14.2125000000001,13.573));
#7373=CARTESIAN_POINT('',(181.475,-14.2125000000001,4.573));
#7374=CARTESIAN_POINT('',(181.475,-14.2125000000001,13.573));
#7375=CARTESIAN_POINT('Origin',(180.225,-14.2125000000001,4.573));
#7376=CARTESIAN_POINT('Origin',(16.8875000000001,68.925,13.573));
#7377=CARTESIAN_POINT('',(18.1375000000001,68.925,13.573));
#7378=CARTESIAN_POINT('Origin',(16.8875000000001,68.925,13.573));
#7379=CARTESIAN_POINT('',(18.1375000000001,68.925,4.573));
#7380=CARTESIAN_POINT('',(18.1375000000001,68.925,13.573));
#7381=CARTESIAN_POINT('Origin',(16.8875000000001,68.925,4.573));
#7382=CARTESIAN_POINT('Origin',(167.225,68.0000010132789,13.573));
#7383=CARTESIAN_POINT('',(168.475,68.0000010132789,13.573));
#7384=CARTESIAN_POINT('Origin',(167.225,68.0000010132789,13.573));
#7385=CARTESIAN_POINT('',(168.475,68.0000010132789,4.573));
#7386=CARTESIAN_POINT('',(168.475,68.0000010132789,13.573));
#7387=CARTESIAN_POINT('Origin',(167.225,68.0000010132789,4.573));
#7388=CARTESIAN_POINT('Origin',(123.8,-65.925,13.573));
#7389=CARTESIAN_POINT('',(125.05,-65.925,13.573));
#7390=CARTESIAN_POINT('Origin',(123.8,-65.925,13.573));
#7391=CARTESIAN_POINT('',(125.05,-65.925,4.573));
#7392=CARTESIAN_POINT('',(125.05,-65.925,13.573));
#7393=CARTESIAN_POINT('Origin',(123.8,-65.925,4.573));
#7394=CARTESIAN_POINT('Origin',(180.225,-60.425,13.573));
#7395=CARTESIAN_POINT('',(181.475,-60.425,13.573));
#7396=CARTESIAN_POINT('Origin',(180.225,-60.425,13.573));
#7397=CARTESIAN_POINT('',(181.475,-60.425,4.573));
#7398=CARTESIAN_POINT('',(181.475,-60.425,13.573));
#7399=CARTESIAN_POINT('Origin',(180.225,-60.425,4.573));
#7400=CARTESIAN_POINT('Origin',(72.1125,68.925,13.573));
#7401=CARTESIAN_POINT('',(73.3625,68.925,13.573));
#7402=CARTESIAN_POINT('Origin',(72.1125,68.925,13.573));
#7403=CARTESIAN_POINT('',(73.3625,68.925,4.573));
#7404=CARTESIAN_POINT('',(73.3625,68.925,13.573));
#7405=CARTESIAN_POINT('Origin',(72.1125,68.925,4.573));
#7406=CARTESIAN_POINT('Origin',(123.8,-65.925,4.573));
#7407=CARTESIAN_POINT('',(126.05,-65.925,4.573));
#7408=CARTESIAN_POINT('Origin',(123.8,-65.925,4.573));
#7409=CARTESIAN_POINT('Origin',(123.8,-65.925,-2.22044604925031E-15));
#7410=CARTESIAN_POINT('',(126.05,-65.925,1.67680436849119));
#7411=CARTESIAN_POINT('Origin',(123.8,-65.925,1.67680436849119));
#7412=CARTESIAN_POINT('',(126.05,-65.925,-2.22044604925031E-15));
#7413=CARTESIAN_POINT('Origin',(167.225,68.0000010132789,4.573));
#7414=CARTESIAN_POINT('',(169.475,68.0000010132789,4.573));
#7415=CARTESIAN_POINT('Origin',(167.225,68.0000010132789,4.573));
#7416=CARTESIAN_POINT('Origin',(167.225,68.0000010132789,-2.22044604925031E-15));
#7417=CARTESIAN_POINT('',(169.475,68.0000010132789,-2.22044604925031E-15));
#7418=CARTESIAN_POINT('Origin',(167.225,68.0000010132789,0.));
#7419=CARTESIAN_POINT('',(169.475,68.0000010132789,-2.22044604925031E-15));
#7420=CARTESIAN_POINT('Origin',(72.1125,68.925,4.573));
#7421=CARTESIAN_POINT('',(74.3625,68.925,4.573));
#7422=CARTESIAN_POINT('Origin',(72.1125,68.925,4.573));
#7423=CARTESIAN_POINT('Origin',(72.1125,68.925,-2.22044604925031E-15));
#7424=CARTESIAN_POINT('',(74.3625,68.925,-2.22044604925031E-15));
#7425=CARTESIAN_POINT('Origin',(72.1125,68.925,0.));
#7426=CARTESIAN_POINT('',(74.3625,68.925,-2.22044604925031E-15));
#7427=CARTESIAN_POINT('Origin',(180.225,-60.425,4.573));
#7428=CARTESIAN_POINT('',(182.475,-60.425,4.573));
#7429=CARTESIAN_POINT('Origin',(180.225,-60.425,4.573));
#7430=CARTESIAN_POINT('Origin',(180.225,-60.425,-2.22044604925031E-15));
#7431=CARTESIAN_POINT('',(182.475,-60.425,1.0987310745286));
#7432=CARTESIAN_POINT('Origin',(180.225,-60.425,1.0987310745286));
#7433=CARTESIAN_POINT('',(182.475,-60.425,-2.22044604925031E-15));
#7434=CARTESIAN_POINT('Origin',(71.95,-65.925,4.573));
#7435=CARTESIAN_POINT('',(74.2,-65.925,4.573));
#7436=CARTESIAN_POINT('Origin',(71.95,-65.925,4.573));
#7437=CARTESIAN_POINT('Origin',(71.95,-65.925,-2.22044604925031E-15));
#7438=CARTESIAN_POINT('',(74.2,-65.925,1.67680436849119));
#7439=CARTESIAN_POINT('Origin',(71.95,-65.925,1.67680436849119));
#7440=CARTESIAN_POINT('',(74.2,-65.925,-2.22044604925031E-15));
#7441=CARTESIAN_POINT('Origin',(180.025,20.2124999999999,4.573));
#7442=CARTESIAN_POINT('',(182.275,20.2124999999999,4.573));
#7443=CARTESIAN_POINT('Origin',(180.025,20.2124999999999,4.573));
#7444=CARTESIAN_POINT('Origin',(180.025,20.2124999999999,-2.22044604925031E-15));
#7445=CARTESIAN_POINT('',(182.275,20.2124999999999,-2.22044604925031E-15));
#7446=CARTESIAN_POINT('Origin',(180.025,20.2124999999999,0.));
#7447=CARTESIAN_POINT('',(182.275,20.2124999999999,-2.22044604925031E-15));
#7448=CARTESIAN_POINT('Origin',(16.8875000000001,68.925,4.573));
#7449=CARTESIAN_POINT('',(19.1375000000001,68.925,4.573));
#7450=CARTESIAN_POINT('Origin',(16.8875000000001,68.925,4.573));
#7451=CARTESIAN_POINT('Origin',(16.8875000000001,68.925,-2.22044604925031E-15));
#7452=CARTESIAN_POINT('',(19.1375000000001,68.925,-2.22044604925031E-15));
#7453=CARTESIAN_POINT('Origin',(16.8875000000001,68.925,0.));
#7454=CARTESIAN_POINT('',(19.1375000000001,68.925,-2.22044604925031E-15));
#7455=CARTESIAN_POINT('Origin',(180.225,-14.2125000000001,4.573));
#7456=CARTESIAN_POINT('',(182.475,-14.2125000000001,4.573));
#7457=CARTESIAN_POINT('Origin',(180.225,-14.2125000000001,4.573));
#7458=CARTESIAN_POINT('Origin',(180.225,-14.2125000000001,-2.22044604925031E-15));
#7459=CARTESIAN_POINT('',(182.475,-14.2125000000001,-2.22044604925031E-15));
#7460=CARTESIAN_POINT('Origin',(180.225,-14.2125000000001,0.));
#7461=CARTESIAN_POINT('',(182.475,-14.2125000000001,-2.22044604925031E-15));
#7462=CARTESIAN_POINT('Origin',(21.025,-65.925,4.573));
#7463=CARTESIAN_POINT('',(23.275,-65.925,4.573));
#7464=CARTESIAN_POINT('Origin',(21.025,-65.925,4.573));
#7465=CARTESIAN_POINT('Origin',(21.025,-65.925,-2.22044604925031E-15));
#7466=CARTESIAN_POINT('',(23.275,-65.925,1.67680436849119));
#7467=CARTESIAN_POINT('Origin',(21.025,-65.925,1.67680436849119));
#7468=CARTESIAN_POINT('',(23.275,-65.925,-2.22044604925031E-15));
#7469=CARTESIAN_POINT('Origin',(163.225,-10.075,0.));
#7470=CARTESIAN_POINT('',(161.975,-10.075,0.));
#7471=CARTESIAN_POINT('Origin',(163.225,-10.075,0.));
#7472=CARTESIAN_POINT('',(161.975,-10.075,1.5));
#7473=CARTESIAN_POINT('',(161.975,-10.075,0.));
#7474=CARTESIAN_POINT('Origin',(163.225,-10.075,1.5));
#7475=CARTESIAN_POINT('Origin',(-23.3178571428571,54.925,0.));
#7476=CARTESIAN_POINT('',(-24.5678571428571,54.925,0.));
#7477=CARTESIAN_POINT('Origin',(-23.3178571428571,54.925,0.));
#7478=CARTESIAN_POINT('',(-24.5678571428571,54.925,1.5));
#7479=CARTESIAN_POINT('',(-24.5678571428571,54.925,0.));
#7480=CARTESIAN_POINT('Origin',(-23.3178571428571,54.925,1.5));
#7481=CARTESIAN_POINT('Origin',(163.225,54.925,0.));
#7482=CARTESIAN_POINT('',(161.975,54.925,0.));
#7483=CARTESIAN_POINT('Origin',(163.225,54.925,0.));
#7484=CARTESIAN_POINT('',(161.975,54.925,1.5));
#7485=CARTESIAN_POINT('',(161.975,54.925,0.));
#7486=CARTESIAN_POINT('Origin',(163.225,54.925,1.5));
#7487=CARTESIAN_POINT('Origin',(-23.3178571428571,-10.075,0.));
#7488=CARTESIAN_POINT('',(-24.5678571428571,-10.075,0.));
#7489=CARTESIAN_POINT('Origin',(-23.3178571428571,-10.075,0.));
#7490=CARTESIAN_POINT('',(-24.5678571428571,-10.075,1.5));
#7491=CARTESIAN_POINT('',(-24.5678571428571,-10.075,0.));
#7492=CARTESIAN_POINT('Origin',(-23.3178571428571,-10.075,1.5));
#7493=CARTESIAN_POINT('Origin',(116.589285714286,-10.075,0.));
#7494=CARTESIAN_POINT('',(115.339285714286,-10.075,0.));
#7495=CARTESIAN_POINT('Origin',(116.589285714286,-10.075,0.));
#7496=CARTESIAN_POINT('',(115.339285714286,-10.075,1.5));
#7497=CARTESIAN_POINT('',(115.339285714286,-10.075,0.));
#7498=CARTESIAN_POINT('Origin',(116.589285714286,-10.075,1.5));
#7499=CARTESIAN_POINT('Origin',(23.3178571428572,54.925,0.));
#7500=CARTESIAN_POINT('',(22.0678571428572,54.925,0.));
#7501=CARTESIAN_POINT('Origin',(23.3178571428572,54.925,0.));
#7502=CARTESIAN_POINT('',(22.0678571428572,54.925,1.5));
#7503=CARTESIAN_POINT('',(22.0678571428572,54.925,0.));
#7504=CARTESIAN_POINT('Origin',(23.3178571428572,54.925,1.5));
#7505=CARTESIAN_POINT('Origin',(69.9535714285715,54.925,0.));
#7506=CARTESIAN_POINT('',(68.7035714285715,54.925,0.));
#7507=CARTESIAN_POINT('Origin',(69.9535714285715,54.925,0.));
#7508=CARTESIAN_POINT('',(68.7035714285715,54.925,1.5));
#7509=CARTESIAN_POINT('',(68.7035714285715,54.925,0.));
#7510=CARTESIAN_POINT('Origin',(69.9535714285715,54.925,1.5));
#7511=CARTESIAN_POINT('Origin',(23.3178571428572,-10.075,0.));
#7512=CARTESIAN_POINT('',(22.0678571428572,-10.075,0.));
#7513=CARTESIAN_POINT('Origin',(23.3178571428572,-10.075,0.));
#7514=CARTESIAN_POINT('',(22.0678571428572,-10.075,1.5));
#7515=CARTESIAN_POINT('',(22.0678571428572,-10.075,0.));
#7516=CARTESIAN_POINT('Origin',(23.3178571428572,-10.075,1.5));
#7517=CARTESIAN_POINT('Origin',(-89.725,62.925,0.));
#7518=CARTESIAN_POINT('',(-33.278127419805,62.925,3.));
#7519=CARTESIAN_POINT('',(-33.278127419805,62.925,3.39325));
#7520=CARTESIAN_POINT('',(-89.725,62.925,3.));
#7521=CARTESIAN_POINT('',(-44.8625,62.925,13.573));
#7522=CARTESIAN_POINT('',(-44.8625,62.925,13.573));
#7523=CARTESIAN_POINT('',(-44.8625,62.925,13.573));
#7524=CARTESIAN_POINT('Origin',(114.175,-49.275,3.));
#7525=CARTESIAN_POINT('',(112.734442769198,-49.9712721197801,0.));
#7526=CARTESIAN_POINT('',(115.615557230802,-49.9712721197801,0.));
#7527=CARTESIAN_POINT('Origin',(114.175,-49.275,-0.0731811486864758));
#7528=CARTESIAN_POINT('Origin',(114.175,-49.275,0.));
#7529=CARTESIAN_POINT('Origin',(28.675,50.725,8.));
#7530=CARTESIAN_POINT('',(32.275,50.725,8.));
#7531=CARTESIAN_POINT('Origin',(28.675,50.725,8.));
#7532=CARTESIAN_POINT('',(30.275,50.725,8.));
#7533=CARTESIAN_POINT('Origin',(28.675,50.725,8.));
#7534=CARTESIAN_POINT('Origin',(28.675,50.725,3.));
#7535=CARTESIAN_POINT('',(32.275,50.725,3.));
#7536=CARTESIAN_POINT('',(32.275,50.725,3.));
#7537=CARTESIAN_POINT('Origin',(28.675,50.725,3.));
#7538=CARTESIAN_POINT('Origin',(28.675,50.725,3.));
#7539=CARTESIAN_POINT('',(30.275,50.725,3.));
#7540=CARTESIAN_POINT('Origin',(3.5527136788005E-14,2.75000000000001,3.));
#7541=CARTESIAN_POINT('',(166.275,-36.275,3.));
#7542=CARTESIAN_POINT('Origin',(164.675,-36.275,3.));
#7543=CARTESIAN_POINT('Origin',(3.5527136788005E-14,2.75000000000001,3.));
#7544=CARTESIAN_POINT('',(170.775,-14.275,3.));
#7545=CARTESIAN_POINT('Origin',(169.175,-14.275,3.));
#7546=CARTESIAN_POINT('Origin',(164.675,-36.275,8.));
#7547=CARTESIAN_POINT('',(168.275,-36.275,8.));
#7548=CARTESIAN_POINT('Origin',(164.675,-36.275,8.));
#7549=CARTESIAN_POINT('',(166.275,-36.275,8.));
#7550=CARTESIAN_POINT('Origin',(164.675,-36.275,8.));
#7551=CARTESIAN_POINT('Origin',(164.675,-36.275,3.));
#7552=CARTESIAN_POINT('',(168.275,-36.275,3.));
#7553=CARTESIAN_POINT('',(168.275,-36.275,3.));
#7554=CARTESIAN_POINT('Origin',(164.675,-36.275,3.));
#7555=CARTESIAN_POINT('Origin',(164.675,-36.275,3.));
#7556=CARTESIAN_POINT('',(166.275,-36.275,3.));
#7557=CARTESIAN_POINT('Origin',(169.175,-14.275,8.));
#7558=CARTESIAN_POINT('',(172.775,-14.275,8.));
#7559=CARTESIAN_POINT('Origin',(169.175,-14.275,8.));
#7560=CARTESIAN_POINT('',(170.775,-14.275,8.));
#7561=CARTESIAN_POINT('Origin',(169.175,-14.275,8.));
#7562=CARTESIAN_POINT('Origin',(169.175,-14.275,3.));
#7563=CARTESIAN_POINT('',(172.775,-14.275,3.));
#7564=CARTESIAN_POINT('',(172.775,-14.275,3.));
#7565=CARTESIAN_POINT('Origin',(169.175,-14.275,3.));
#7566=CARTESIAN_POINT('Origin',(169.175,-14.275,3.));
#7567=CARTESIAN_POINT('',(170.775,-14.275,3.));
#7568=CARTESIAN_POINT('Origin',(3.5527136788005E-14,2.75000000000001,3.));
#7569=CARTESIAN_POINT('',(115.775,50.725,3.));
#7570=CARTESIAN_POINT('Origin',(114.175,50.725,3.));
#7571=CARTESIAN_POINT('Origin',(114.175,50.725,8.));
#7572=CARTESIAN_POINT('',(117.775,50.725,8.));
#7573=CARTESIAN_POINT('Origin',(114.175,50.725,8.));
#7574=CARTESIAN_POINT('',(115.775,50.725,8.));
#7575=CARTESIAN_POINT('Origin',(114.175,50.725,8.));
#7576=CARTESIAN_POINT('Origin',(114.175,50.725,3.));
#7577=CARTESIAN_POINT('',(117.775,50.725,3.));
#7578=CARTESIAN_POINT('',(117.775,50.725,3.));
#7579=CARTESIAN_POINT('Origin',(114.175,50.725,3.));
#7580=CARTESIAN_POINT('Origin',(114.175,50.725,3.));
#7581=CARTESIAN_POINT('',(115.775,50.725,3.));
#7582=CARTESIAN_POINT('Origin',(3.5527136788005E-14,2.75000000000001,3.));
#7583=CARTESIAN_POINT('',(-14.625,-61.775,3.));
#7584=CARTESIAN_POINT('Origin',(-16.225,-61.775,3.));
#7585=CARTESIAN_POINT('Origin',(3.5527136788005E-14,2.75000000000001,3.));
#7586=CARTESIAN_POINT('',(115.775,-49.275,3.));
#7587=CARTESIAN_POINT('Origin',(114.175,-49.275,3.));
#7588=CARTESIAN_POINT('Origin',(-16.225,-61.775,8.));
#7589=CARTESIAN_POINT('',(-12.625,-61.775,8.));
#7590=CARTESIAN_POINT('Origin',(-16.225,-61.775,8.));
#7591=CARTESIAN_POINT('',(-14.625,-61.775,8.));
#7592=CARTESIAN_POINT('Origin',(-16.225,-61.775,8.));
#7593=CARTESIAN_POINT('Origin',(-16.225,-61.775,3.));
#7594=CARTESIAN_POINT('',(-12.625,-61.775,3.));
#7595=CARTESIAN_POINT('',(-12.625,-61.775,3.));
#7596=CARTESIAN_POINT('Origin',(-16.225,-61.775,3.));
#7597=CARTESIAN_POINT('Origin',(-16.225,-61.775,3.));
#7598=CARTESIAN_POINT('',(-14.625,-61.775,3.));
#7599=CARTESIAN_POINT('Origin',(3.5527136788005E-14,2.75000000000001,3.));
#7600=CARTESIAN_POINT('',(115.775,2.72500000000002,3.));
#7601=CARTESIAN_POINT('Origin',(114.175,2.72500000000002,3.));
#7602=CARTESIAN_POINT('Origin',(114.175,-49.275,8.));
#7603=CARTESIAN_POINT('',(117.775,-49.275,8.));
#7604=CARTESIAN_POINT('Origin',(114.175,-49.275,8.));
#7605=CARTESIAN_POINT('',(115.775,-49.275,8.));
#7606=CARTESIAN_POINT('Origin',(114.175,-49.275,8.));
#7607=CARTESIAN_POINT('Origin',(114.175,-49.275,3.));
#7608=CARTESIAN_POINT('',(117.775,-49.275,3.));
#7609=CARTESIAN_POINT('',(117.775,-49.275,3.));
#7610=CARTESIAN_POINT('Origin',(114.175,-49.275,3.));
#7611=CARTESIAN_POINT('Origin',(114.175,-49.275,3.));
#7612=CARTESIAN_POINT('',(115.775,-49.275,3.));
#7613=CARTESIAN_POINT('Origin',(114.175,2.72500000000002,8.));
#7614=CARTESIAN_POINT('',(117.775,2.72500000000002,8.));
#7615=CARTESIAN_POINT('Origin',(114.175,2.72500000000002,8.));
#7616=CARTESIAN_POINT('',(115.775,2.72500000000002,8.));
#7617=CARTESIAN_POINT('Origin',(114.175,2.72500000000002,8.));
#7618=CARTESIAN_POINT('Origin',(114.175,2.72500000000002,3.));
#7619=CARTESIAN_POINT('',(117.775,2.72500000000002,3.));
#7620=CARTESIAN_POINT('',(117.775,2.72500000000002,3.));
#7621=CARTESIAN_POINT('Origin',(114.175,2.72500000000002,3.));
#7622=CARTESIAN_POINT('Origin',(114.175,2.72500000000002,3.));
#7623=CARTESIAN_POINT('',(115.775,2.72500000000002,3.));
#7624=CARTESIAN_POINT('Origin',(3.5527136788005E-14,2.75000000000001,3.));
#7625=CARTESIAN_POINT('',(165.775,38.225,3.));
#7626=CARTESIAN_POINT('Origin',(164.175,38.225,3.));
#7627=CARTESIAN_POINT('Origin',(3.5527136788005E-14,2.75000000000001,3.));
#7628=CARTESIAN_POINT('',(-33.278127419805,2.87500000000001,3.));
#7629=CARTESIAN_POINT('',(-25.5678571428571,-10.075,3.));
#7630=CARTESIAN_POINT('Origin',(-23.3178571428571,-10.075,3.));
#7631=CARTESIAN_POINT('',(160.975,54.925,3.));
#7632=CARTESIAN_POINT('Origin',(163.225,54.925,3.));
#7633=CARTESIAN_POINT('',(-25.5678571428571,54.925,3.));
#7634=CARTESIAN_POINT('Origin',(-23.3178571428571,54.925,3.));
#7635=CARTESIAN_POINT('',(160.975,-10.075,3.));
#7636=CARTESIAN_POINT('Origin',(163.225,-10.075,3.));
#7637=CARTESIAN_POINT('',(21.0678571428572,-10.075,3.));
#7638=CARTESIAN_POINT('Origin',(23.3178571428572,-10.075,3.));
#7639=CARTESIAN_POINT('',(67.7035714285715,54.925,3.));
#7640=CARTESIAN_POINT('Origin',(69.9535714285715,54.925,3.));
#7641=CARTESIAN_POINT('',(21.0678571428572,54.925,3.));
#7642=CARTESIAN_POINT('Origin',(23.3178571428572,54.925,3.));
#7643=CARTESIAN_POINT('',(114.339285714286,-10.075,3.));
#7644=CARTESIAN_POINT('Origin',(116.589285714286,-10.075,3.));
#7645=CARTESIAN_POINT('',(167.775,38.225,3.));
#7646=CARTESIAN_POINT('Origin',(164.175,38.225,3.));
#7647=CARTESIAN_POINT('Origin',(164.175,38.225,8.));
#7648=CARTESIAN_POINT('',(167.775,38.225,8.));
#7649=CARTESIAN_POINT('Origin',(164.175,38.225,8.));
#7650=CARTESIAN_POINT('',(165.775,38.225,8.));
#7651=CARTESIAN_POINT('Origin',(164.175,38.225,8.));
#7652=CARTESIAN_POINT('Origin',(164.175,38.225,3.));
#7653=CARTESIAN_POINT('',(167.775,38.225,3.));
#7654=CARTESIAN_POINT('Origin',(164.175,38.225,3.));
#7655=CARTESIAN_POINT('',(165.775,38.225,3.));
#7656=CARTESIAN_POINT('Origin',(116.589285714286,-10.075,1.5));
#7657=CARTESIAN_POINT('',(114.339285714286,-10.075,1.5));
#7658=CARTESIAN_POINT('Origin',(116.589285714286,-10.075,1.5));
#7659=CARTESIAN_POINT('Origin',(116.589285714286,-10.075,3.));
#7660=CARTESIAN_POINT('',(114.339285714286,-10.075,3.));
#7661=CARTESIAN_POINT('Origin',(23.3178571428572,54.925,1.5));
#7662=CARTESIAN_POINT('',(21.0678571428572,54.925,1.5));
#7663=CARTESIAN_POINT('Origin',(23.3178571428572,54.925,1.5));
#7664=CARTESIAN_POINT('Origin',(23.3178571428572,54.925,3.));
#7665=CARTESIAN_POINT('',(21.0678571428572,54.925,3.));
#7666=CARTESIAN_POINT('Origin',(69.9535714285715,54.925,1.5));
#7667=CARTESIAN_POINT('',(67.7035714285715,54.925,1.5));
#7668=CARTESIAN_POINT('Origin',(69.9535714285715,54.925,1.5));
#7669=CARTESIAN_POINT('Origin',(69.9535714285715,54.925,3.));
#7670=CARTESIAN_POINT('',(67.7035714285715,54.925,3.));
#7671=CARTESIAN_POINT('Origin',(23.3178571428572,-10.075,1.5));
#7672=CARTESIAN_POINT('',(21.0678571428572,-10.075,1.5));
#7673=CARTESIAN_POINT('Origin',(23.3178571428572,-10.075,1.5));
#7674=CARTESIAN_POINT('Origin',(23.3178571428572,-10.075,3.));
#7675=CARTESIAN_POINT('',(21.0678571428572,-10.075,3.));
#7676=CARTESIAN_POINT('Origin',(163.225,-10.075,1.5));
#7677=CARTESIAN_POINT('',(160.975,-10.075,1.5));
#7678=CARTESIAN_POINT('Origin',(163.225,-10.075,1.5));
#7679=CARTESIAN_POINT('Origin',(163.225,-10.075,3.));
#7680=CARTESIAN_POINT('',(160.975,-10.075,3.));
#7681=CARTESIAN_POINT('Origin',(-23.3178571428571,54.925,1.5));
#7682=CARTESIAN_POINT('',(-25.5678571428571,54.925,1.5));
#7683=CARTESIAN_POINT('Origin',(-23.3178571428571,54.925,1.5));
#7684=CARTESIAN_POINT('Origin',(-23.3178571428571,54.925,3.));
#7685=CARTESIAN_POINT('',(-25.5678571428571,54.925,3.));
#7686=CARTESIAN_POINT('Origin',(163.225,54.925,1.5));
#7687=CARTESIAN_POINT('',(160.975,54.925,1.5));
#7688=CARTESIAN_POINT('Origin',(163.225,54.925,1.5));
#7689=CARTESIAN_POINT('Origin',(163.225,54.925,3.));
#7690=CARTESIAN_POINT('',(160.975,54.925,3.));
#7691=CARTESIAN_POINT('Origin',(-23.3178571428571,-10.075,1.5));
#7692=CARTESIAN_POINT('',(-25.5678571428571,-10.075,1.5));
#7693=CARTESIAN_POINT('Origin',(-23.3178571428571,-10.075,1.5));
#7694=CARTESIAN_POINT('Origin',(-23.3178571428571,-10.075,3.));
#7695=CARTESIAN_POINT('',(-25.5678571428571,-10.075,3.));
#7696=CARTESIAN_POINT('Origin',(3.5527136788005E-14,3.,13.573));
#7697=CARTESIAN_POINT('',(-33.278127419805,-68.925,13.573));
#7698=CARTESIAN_POINT('',(-33.278127419805,3.,13.573));
#7699=CARTESIAN_POINT('',(-88.1125,-68.925,13.573));
#7700=CARTESIAN_POINT('',(-33.278127419805,74.925,13.573));
#7701=CARTESIAN_POINT('',(88.1125,74.925,13.573));
#7702=CARTESIAN_POINT('',(-33.278127419805,3.,13.573));
#7703=CARTESIAN_POINT('Origin',(176.225,74.925,0.));
#7704=CARTESIAN_POINT('',(-33.278127419805,74.925,0.));
#7705=CARTESIAN_POINT('',(-33.278127419805,74.925,3.39325));
#7706=CARTESIAN_POINT('',(-176.225,74.925,0.));
#7707=CARTESIAN_POINT('Origin',(3.5527136788005E-14,2.75000000000001,0.));
#7708=CARTESIAN_POINT('',(-33.278127419805,-49.9712721197801,0.));
#7709=CARTESIAN_POINT('',(-33.278127419805,2.87500000000001,0.));
#7710=CARTESIAN_POINT('',(-91.6125,-49.9712721197801,0.));
#7711=CARTESIAN_POINT('',(-91.6125,-49.9712721197801,0.));
#7712=CARTESIAN_POINT('Origin',(-183.225,-49.9712721197801,-2.77555756156289E-16));
#7713=CARTESIAN_POINT('',(-33.278127419805,-68.925,1.99211707428897));
#7714=CARTESIAN_POINT('',(-33.278127419805,-24.1277715793258,-2.71626136089899));
#7715=CARTESIAN_POINT('',(-179.725,-68.925,1.99211707428897));
#7716=CARTESIAN_POINT('Origin',(-176.225,-68.925,0.));
#7717=CARTESIAN_POINT('',(-33.278127419805,-68.925,3.39325));
#7718=CARTESIAN_POINT('Origin',(-33.278127419805,3.,6.7865));
#7719=CARTESIAN_POINT('Origin',(-33.278127419805,3.,6.7865));
#7720=CARTESIAN_POINT('',(-33.278127419805,69.925,13.573));
#7721=CARTESIAN_POINT('',(-33.278127419805,74.925,13.573));
#7722=CARTESIAN_POINT('',(-33.278127419805,3.,13.573));
#7723=CARTESIAN_POINT('',(-33.278127419805,69.925,12.823));
#7724=CARTESIAN_POINT('',(-33.278127419805,69.925,10.55475));
#7725=CARTESIAN_POINT('',(-33.278127419805,62.925,12.823));
#7726=CARTESIAN_POINT('',(-33.278127419805,34.7125,12.823));
#7727=CARTESIAN_POINT('',(-33.278127419805,62.925,3.));
#7728=CARTESIAN_POINT('',(-33.278127419805,62.925,3.39325));
#7729=CARTESIAN_POINT('',(-33.278127419805,-66.425,3.));
#7730=CARTESIAN_POINT('',(-33.278127419805,2.87500000000001,3.));
#7731=CARTESIAN_POINT('',(-33.278127419805,-66.425,13.573));
#7732=CARTESIAN_POINT('',(-33.278127419805,-66.425,3.39325));
#7733=CARTESIAN_POINT('',(-33.278127419805,-68.925,13.573));
#7734=CARTESIAN_POINT('',(-33.278127419805,3.,13.573));
#7735=CARTESIAN_POINT('',(-33.278127419805,-68.925,1.99211707428897));
#7736=CARTESIAN_POINT('',(-33.278127419805,-68.925,3.39325));
#7737=CARTESIAN_POINT('',(-33.278127419805,-49.9712721197801,0.));
#7738=CARTESIAN_POINT('',(-33.278127419805,-24.1277715793258,-2.71626136089899));
#7739=CARTESIAN_POINT('',(-33.278127419805,74.925,0.));
#7740=CARTESIAN_POINT('',(-33.278127419805,2.87500000000001,0.));
#7741=CARTESIAN_POINT('',(-33.278127419805,74.925,3.39325));
#7742=CARTESIAN_POINT('Origin',(10.775,-66.425,0.));
#7743=CARTESIAN_POINT('',(-101.275,-66.425,3.));
#7744=CARTESIAN_POINT('',(10.775,-66.425,3.));
#7745=CARTESIAN_POINT('',(-101.275,-66.425,13.573));
#7746=CARTESIAN_POINT('',(-101.275,-66.425,12.83));
#7747=CARTESIAN_POINT('',(5.38750000000002,-66.425,13.573));
#7748=CARTESIAN_POINT('Origin',(3.5527136788005E-14,2.75000000000001,3.));
#7749=CARTESIAN_POINT('',(-89.725,62.925,3.));
#7750=CARTESIAN_POINT('',(-89.725,62.925,3.));
#7751=CARTESIAN_POINT('',(-93.225,66.425,3.));
#7752=CARTESIAN_POINT('Origin',(-89.725,66.425,3.));
#7753=CARTESIAN_POINT('',(-98.725,71.925,3.));
#7754=CARTESIAN_POINT('Origin',(-98.725,66.425,3.));
#7755=CARTESIAN_POINT('',(-174.725,71.925,3.));
#7756=CARTESIAN_POINT('',(-98.725,71.925,3.));
#7757=CARTESIAN_POINT('',(-177.225,69.425,3.));
#7758=CARTESIAN_POINT('Origin',(-174.725,69.4250000000001,3.));
#7759=CARTESIAN_POINT('',(-177.225,-60.425,3.));
#7760=CARTESIAN_POINT('',(-177.225,-60.425,3.));
#7761=CARTESIAN_POINT('',(-174.725,-62.925,3.));
#7762=CARTESIAN_POINT('Origin',(-174.725,-60.425,3.));
#7763=CARTESIAN_POINT('',(-104.775,-62.925,3.));
#7764=CARTESIAN_POINT('',(-104.775,-62.925,3.));
#7765=CARTESIAN_POINT('',(-104.025,-63.675,3.));
#7766=CARTESIAN_POINT('Origin',(-104.775,-63.675,3.));
#7767=CARTESIAN_POINT('Origin',(-101.275,-63.675,3.));
#7768=CARTESIAN_POINT('',(-73.625,-44.775,3.));
#7769=CARTESIAN_POINT('Origin',(-77.225,-44.775,3.));
#7770=CARTESIAN_POINT('',(-124.,42.782,3.));
#7771=CARTESIAN_POINT('',(-128.,46.782,3.));
#7772=CARTESIAN_POINT('Origin',(-128.,42.782,3.));
#7773=CARTESIAN_POINT('',(-124.,38.782,3.));
#7774=CARTESIAN_POINT('',(-124.,22.766,3.));
#7775=CARTESIAN_POINT('',(-128.,34.782,3.));
#7776=CARTESIAN_POINT('Origin',(-128.,38.782,3.));
#7777=CARTESIAN_POINT('',(-147.,34.782,3.));
#7778=CARTESIAN_POINT('',(-64.,34.782,3.));
#7779=CARTESIAN_POINT('',(-151.,38.782,3.));
#7780=CARTESIAN_POINT('Origin',(-147.,38.782,3.));
#7781=CARTESIAN_POINT('',(-151.,42.782,3.));
#7782=CARTESIAN_POINT('',(-151.,20.766,3.));
#7783=CARTESIAN_POINT('',(-147.,46.782,3.));
#7784=CARTESIAN_POINT('Origin',(-147.,42.782,3.));
#7785=CARTESIAN_POINT('',(-73.5,46.782,3.));
#7786=CARTESIAN_POINT('',(-168.725,-14.275,3.));
#7787=CARTESIAN_POINT('Origin',(-172.325,-14.275,3.));
#7788=CARTESIAN_POINT('',(-53.725,50.725,3.));
#7789=CARTESIAN_POINT('Origin',(-57.325,50.725,3.));
#7790=CARTESIAN_POINT('',(-162.725,38.225,3.));
#7791=CARTESIAN_POINT('Origin',(-166.325,38.225,3.));
#7792=CARTESIAN_POINT('',(-165.475,-10.075,3.));
#7793=CARTESIAN_POINT('Origin',(-163.225,-10.075,3.));
#7794=CARTESIAN_POINT('',(-165.475,54.925,3.));
#7795=CARTESIAN_POINT('Origin',(-163.225,54.925,3.));
#7796=CARTESIAN_POINT('',(-118.839285714286,-10.075,3.));
#7797=CARTESIAN_POINT('Origin',(-116.589285714286,-10.075,3.));
#7798=CARTESIAN_POINT('',(-72.2035714285714,54.925,3.));
#7799=CARTESIAN_POINT('Origin',(-69.9535714285714,54.925,3.));
#7800=CARTESIAN_POINT('Origin',(-89.725,62.925,0.));
#7801=CARTESIAN_POINT('',(-68.225,62.925,12.823));
#7802=CARTESIAN_POINT('',(-60.225,62.925,12.823));
#7803=CARTESIAN_POINT('',(-68.225,62.925,13.573));
#7804=CARTESIAN_POINT('',(-68.225,62.925,7.1615));
#7805=CARTESIAN_POINT('',(-89.725,62.925,13.573));
#7806=CARTESIAN_POINT('',(-44.8625,62.925,13.573));
#7807=CARTESIAN_POINT('',(-89.725,62.925,0.));
#7808=CARTESIAN_POINT('Origin',(-30.725,66.425,12.823));
#7809=CARTESIAN_POINT('',(-67.225,69.925,12.823));
#7810=CARTESIAN_POINT('',(-67.225,69.925,12.823));
#7811=CARTESIAN_POINT('',(-68.225,68.925,12.823));
#7812=CARTESIAN_POINT('Origin',(-67.225,68.925,12.823));
#7813=CARTESIAN_POINT('',(-68.225,62.925,12.823));
#7814=CARTESIAN_POINT('Origin',(-67.225,69.925,14.323));
#7815=CARTESIAN_POINT('',(-67.225,69.925,13.573));
#7816=CARTESIAN_POINT('',(-33.6125,69.925,13.573));
#7817=CARTESIAN_POINT('',(-67.225,69.925,14.323));
#7818=CARTESIAN_POINT('Origin',(-69.9535714285714,54.925,3.));
#7819=CARTESIAN_POINT('',(-72.2035714285714,54.925,1.5));
#7820=CARTESIAN_POINT('',(-72.2035714285714,54.925,3.));
#7821=CARTESIAN_POINT('Origin',(-69.9535714285714,54.925,1.5));
#7822=CARTESIAN_POINT('Origin',(-69.9535714285714,54.925,1.5));
#7823=CARTESIAN_POINT('',(-71.2035714285714,54.925,1.5));
#7824=CARTESIAN_POINT('Origin',(-69.9535714285714,54.925,1.5));
#7825=CARTESIAN_POINT('Origin',(-116.589285714286,-10.075,3.));
#7826=CARTESIAN_POINT('',(-118.839285714286,-10.075,1.5));
#7827=CARTESIAN_POINT('',(-118.839285714286,-10.075,3.));
#7828=CARTESIAN_POINT('Origin',(-116.589285714286,-10.075,1.5));
#7829=CARTESIAN_POINT('Origin',(-116.589285714286,-10.075,1.5));
#7830=CARTESIAN_POINT('',(-117.839285714286,-10.075,1.5));
#7831=CARTESIAN_POINT('Origin',(-116.589285714286,-10.075,1.5));
#7832=CARTESIAN_POINT('Origin',(-163.225,54.925,3.));
#7833=CARTESIAN_POINT('',(-165.475,54.925,1.5));
#7834=CARTESIAN_POINT('',(-165.475,54.925,3.));
#7835=CARTESIAN_POINT('Origin',(-163.225,54.925,1.5));
#7836=CARTESIAN_POINT('Origin',(-163.225,54.925,1.5));
#7837=CARTESIAN_POINT('',(-164.475,54.925,1.5));
#7838=CARTESIAN_POINT('Origin',(-163.225,54.925,1.5));
#7839=CARTESIAN_POINT('Origin',(-163.225,-10.075,3.));
#7840=CARTESIAN_POINT('',(-165.475,-10.075,1.5));
#7841=CARTESIAN_POINT('',(-165.475,-10.075,3.));
#7842=CARTESIAN_POINT('Origin',(-163.225,-10.075,1.5));
#7843=CARTESIAN_POINT('Origin',(-163.225,-10.075,1.5));
#7844=CARTESIAN_POINT('',(-164.475,-10.075,1.5));
#7845=CARTESIAN_POINT('Origin',(-163.225,-10.075,1.5));
#7846=CARTESIAN_POINT('Origin',(-166.325,38.225,3.));
#7847=CARTESIAN_POINT('',(-164.725,38.225,8.));
#7848=CARTESIAN_POINT('Origin',(-166.325,38.225,8.));
#7849=CARTESIAN_POINT('',(-164.725,38.225,3.));
#7850=CARTESIAN_POINT('',(-164.725,38.225,3.));
#7851=CARTESIAN_POINT('Origin',(-166.325,38.225,3.));
#7852=CARTESIAN_POINT('Origin',(-166.325,38.225,3.));
#7853=CARTESIAN_POINT('',(-162.725,38.225,8.));
#7854=CARTESIAN_POINT('Origin',(-166.325,38.225,8.));
#7855=CARTESIAN_POINT('',(-162.725,38.225,3.));
#7856=CARTESIAN_POINT('Origin',(-166.325,38.225,8.));
#7857=CARTESIAN_POINT('Origin',(3.5527136788005E-14,2.75000000000001,3.));
#7858=CARTESIAN_POINT('Origin',(-57.325,50.725,3.));
#7859=CARTESIAN_POINT('',(-55.725,50.725,8.));
#7860=CARTESIAN_POINT('Origin',(-57.325,50.725,8.));
#7861=CARTESIAN_POINT('',(-55.725,50.725,3.));
#7862=CARTESIAN_POINT('',(-55.725,50.725,3.));
#7863=CARTESIAN_POINT('Origin',(-57.325,50.725,3.));
#7864=CARTESIAN_POINT('Origin',(-57.325,50.725,3.));
#7865=CARTESIAN_POINT('',(-53.725,50.725,8.));
#7866=CARTESIAN_POINT('Origin',(-57.325,50.725,8.));
#7867=CARTESIAN_POINT('',(-53.725,50.725,3.));
#7868=CARTESIAN_POINT('Origin',(-57.325,50.725,8.));
#7869=CARTESIAN_POINT('Origin',(3.5527136788005E-14,2.75000000000001,3.));
#7870=CARTESIAN_POINT('Origin',(-172.325,-14.275,3.));
#7871=CARTESIAN_POINT('',(-170.725,-14.275,8.));
#7872=CARTESIAN_POINT('Origin',(-172.325,-14.275,8.));
#7873=CARTESIAN_POINT('',(-170.725,-14.275,3.));
#7874=CARTESIAN_POINT('',(-170.725,-14.275,3.));
#7875=CARTESIAN_POINT('Origin',(-172.325,-14.275,3.));
#7876=CARTESIAN_POINT('Origin',(-172.325,-14.275,3.));
#7877=CARTESIAN_POINT('',(-168.725,-14.275,8.));
#7878=CARTESIAN_POINT('Origin',(-172.325,-14.275,8.));
#7879=CARTESIAN_POINT('',(-168.725,-14.275,3.));
#7880=CARTESIAN_POINT('Origin',(-172.325,-14.275,8.));
#7881=CARTESIAN_POINT('Origin',(3.5527136788005E-14,2.75000000000001,3.));
#7882=CARTESIAN_POINT('Origin',(-77.225,-44.775,3.));
#7883=CARTESIAN_POINT('',(-75.625,-44.775,8.));
#7884=CARTESIAN_POINT('Origin',(-77.225,-44.775,8.));
#7885=CARTESIAN_POINT('',(-75.625,-44.775,3.));
#7886=CARTESIAN_POINT('',(-75.625,-44.775,3.));
#7887=CARTESIAN_POINT('Origin',(-77.225,-44.775,3.));
#7888=CARTESIAN_POINT('Origin',(-77.225,-44.775,3.));
#7889=CARTESIAN_POINT('',(-73.625,-44.775,8.));
#7890=CARTESIAN_POINT('Origin',(-77.225,-44.775,8.));
#7891=CARTESIAN_POINT('',(-73.625,-44.775,3.));
#7892=CARTESIAN_POINT('Origin',(-77.225,-44.775,8.));
#7893=CARTESIAN_POINT('Origin',(3.5527136788005E-14,2.75000000000001,3.));
#7894=CARTESIAN_POINT('Origin',(-183.225,-49.9712721197801,-2.77555756156289E-16));
#7895=CARTESIAN_POINT('',(-176.225,-68.925,1.99211707428897));
#7896=CARTESIAN_POINT('',(-179.725,-68.925,1.99211707428897));
#7897=CARTESIAN_POINT('',(-183.225,-61.925,1.25638742742749));
#7898=CARTESIAN_POINT('Origin',(-176.225,-61.925,1.25638742742749));
#7899=CARTESIAN_POINT('',(-183.225,-49.9712721197801,0.));
#7900=CARTESIAN_POINT('',(-183.225,8.33278483751758,-6.12800331939777));
#7901=CARTESIAN_POINT('',(-91.6125,-49.9712721197801,0.));
#7902=CARTESIAN_POINT('',(-177.975,-60.425,1.09873107452859));
#7903=CARTESIAN_POINT('Origin',(-180.225,-60.425,1.09873107452859));
#7904=CARTESIAN_POINT('',(-111.325,-65.925,1.67680436849119));
#7905=CARTESIAN_POINT('Origin',(-113.575,-65.925,1.67680436849119));
#7906=CARTESIAN_POINT('Origin',(-163.225,54.925,0.));
#7907=CARTESIAN_POINT('',(-164.475,54.925,0.));
#7908=CARTESIAN_POINT('Origin',(-163.225,54.925,0.));
#7909=CARTESIAN_POINT('',(-164.475,54.925,0.));
#7910=CARTESIAN_POINT('Origin',(-163.225,-10.075,0.));
#7911=CARTESIAN_POINT('',(-164.475,-10.075,0.));
#7912=CARTESIAN_POINT('Origin',(-163.225,-10.075,0.));
#7913=CARTESIAN_POINT('',(-164.475,-10.075,0.));
#7914=CARTESIAN_POINT('Origin',(-69.9535714285714,54.925,0.));
#7915=CARTESIAN_POINT('',(-71.2035714285714,54.925,0.));
#7916=CARTESIAN_POINT('Origin',(-69.9535714285714,54.925,0.));
#7917=CARTESIAN_POINT('',(-71.2035714285714,54.925,0.));
#7918=CARTESIAN_POINT('Origin',(-116.589285714286,-10.075,0.));
#7919=CARTESIAN_POINT('',(-117.839285714286,-10.075,0.));
#7920=CARTESIAN_POINT('Origin',(-116.589285714286,-10.075,0.));
#7921=CARTESIAN_POINT('',(-117.839285714286,-10.075,0.));
#7922=CARTESIAN_POINT('Origin',(-180.225,21.9625,-2.22044604925031E-15));
#7923=CARTESIAN_POINT('',(-177.975,21.9625,-2.22044604925031E-15));
#7924=CARTESIAN_POINT('Origin',(-180.225,21.9625,0.));
#7925=CARTESIAN_POINT('',(-177.975,21.9625,4.573));
#7926=CARTESIAN_POINT('',(-177.975,21.9625,-2.22044604925031E-15));
#7927=CARTESIAN_POINT('Origin',(-180.225,21.9625,4.573));
#7928=CARTESIAN_POINT('Origin',(-180.225,21.9625,4.573));
#7929=CARTESIAN_POINT('',(-178.975,21.9625,4.573));
#7930=CARTESIAN_POINT('Origin',(-180.225,21.9625,4.573));
#7931=CARTESIAN_POINT('Origin',(-180.225,-15.9625,-2.22044604925031E-15));
#7932=CARTESIAN_POINT('',(-177.975,-15.9625,-2.22044604925031E-15));
#7933=CARTESIAN_POINT('Origin',(-180.225,-15.9625,0.));
#7934=CARTESIAN_POINT('',(-177.975,-15.9625,4.573));
#7935=CARTESIAN_POINT('',(-177.975,-15.9625,-2.22044604925031E-15));
#7936=CARTESIAN_POINT('Origin',(-180.225,-15.9625,4.573));
#7937=CARTESIAN_POINT('Origin',(-180.225,-15.9625,4.573));
#7938=CARTESIAN_POINT('',(-178.975,-15.9625,4.573));
#7939=CARTESIAN_POINT('Origin',(-180.225,-15.9625,4.573));
#7940=CARTESIAN_POINT('Origin',(-180.225,66.425,-2.22044604925031E-15));
#7941=CARTESIAN_POINT('',(-177.975,66.425,-2.22044604925031E-15));
#7942=CARTESIAN_POINT('Origin',(-180.225,66.425,0.));
#7943=CARTESIAN_POINT('',(-177.975,66.425,4.573));
#7944=CARTESIAN_POINT('',(-177.975,66.425,-2.22044604925031E-15));
#7945=CARTESIAN_POINT('Origin',(-180.225,66.425,4.573));
#7946=CARTESIAN_POINT('Origin',(-180.225,66.425,4.573));
#7947=CARTESIAN_POINT('',(-178.975,66.425,4.573));
#7948=CARTESIAN_POINT('Origin',(-180.225,66.425,4.573));
#7949=CARTESIAN_POINT('Origin',(-113.575,-65.925,-2.22044604925031E-15));
#7950=CARTESIAN_POINT('',(-111.325,-65.925,4.573));
#7951=CARTESIAN_POINT('',(-111.325,-65.925,-2.22044604925031E-15));
#7952=CARTESIAN_POINT('Origin',(-113.575,-65.925,4.573));
#7953=CARTESIAN_POINT('Origin',(-113.575,-65.925,4.573));
#7954=CARTESIAN_POINT('',(-112.325,-65.925,4.573));
#7955=CARTESIAN_POINT('Origin',(-113.575,-65.925,4.573));
#7956=CARTESIAN_POINT('Origin',(-180.225,-60.425,-2.22044604925031E-15));
#7957=CARTESIAN_POINT('',(-177.975,-60.425,4.573));
#7958=CARTESIAN_POINT('',(-177.975,-60.425,-2.22044604925031E-15));
#7959=CARTESIAN_POINT('Origin',(-180.225,-60.425,4.573));
#7960=CARTESIAN_POINT('Origin',(-180.225,-60.425,4.573));
#7961=CARTESIAN_POINT('',(-178.975,-60.425,4.573));
#7962=CARTESIAN_POINT('Origin',(-180.225,-60.425,4.573));
#7963=CARTESIAN_POINT('Origin',(-80.725,68.925,-2.22044604925031E-15));
#7964=CARTESIAN_POINT('',(-78.475,68.925,-2.22044604925031E-15));
#7965=CARTESIAN_POINT('Origin',(-80.725,68.925,0.));
#7966=CARTESIAN_POINT('',(-78.475,68.925,4.573));
#7967=CARTESIAN_POINT('',(-78.475,68.925,-2.22044604925031E-15));
#7968=CARTESIAN_POINT('Origin',(-80.725,68.925,4.573));
#7969=CARTESIAN_POINT('Origin',(-80.725,68.925,4.573));
#7970=CARTESIAN_POINT('',(-79.475,68.925,4.573));
#7971=CARTESIAN_POINT('Origin',(-80.725,68.925,4.573));
#7972=CARTESIAN_POINT('Origin',(-113.575,-65.925,13.573));
#7973=CARTESIAN_POINT('',(-112.325,-65.925,13.573));
#7974=CARTESIAN_POINT('Origin',(-113.575,-65.925,13.573));
#7975=CARTESIAN_POINT('',(-112.325,-65.925,13.573));
#7976=CARTESIAN_POINT('Origin',(-180.225,66.425,13.573));
#7977=CARTESIAN_POINT('',(-178.975,66.425,13.573));
#7978=CARTESIAN_POINT('Origin',(-180.225,66.425,13.573));
#7979=CARTESIAN_POINT('',(-178.975,66.425,13.573));
#7980=CARTESIAN_POINT('Origin',(-180.225,-60.425,13.573));
#7981=CARTESIAN_POINT('',(-178.975,-60.425,13.573));
#7982=CARTESIAN_POINT('Origin',(-180.225,-60.425,13.573));
#7983=CARTESIAN_POINT('',(-178.975,-60.425,13.573));
#7984=CARTESIAN_POINT('Origin',(-180.225,21.9625,13.573));
#7985=CARTESIAN_POINT('',(-178.975,21.9625,13.573));
#7986=CARTESIAN_POINT('Origin',(-180.225,21.9625,13.573));
#7987=CARTESIAN_POINT('',(-178.975,21.9625,13.573));
#7988=CARTESIAN_POINT('Origin',(-180.225,-15.9625,13.573));
#7989=CARTESIAN_POINT('',(-178.975,-15.9625,13.573));
#7990=CARTESIAN_POINT('Origin',(-180.225,-15.9625,13.573));
#7991=CARTESIAN_POINT('',(-178.975,-15.9625,13.573));
#7992=CARTESIAN_POINT('Origin',(-80.725,68.925,13.573));
#7993=CARTESIAN_POINT('',(-79.475,68.925,13.573));
#7994=CARTESIAN_POINT('Origin',(-80.725,68.925,13.573));
#7995=CARTESIAN_POINT('',(-79.475,68.925,13.573));
#7996=CARTESIAN_POINT('Origin',(-128.,42.782,2.5));
#7997=CARTESIAN_POINT('',(-125.,42.782,2.));
#7998=CARTESIAN_POINT('',(-125.,42.782,2.));
#7999=CARTESIAN_POINT('',(-128.,45.782,2.));
#8000=CARTESIAN_POINT('',(-128.,46.782,3.));
#8001=CARTESIAN_POINT('Origin',(-128.,42.782,2.));
#8002=CARTESIAN_POINT('Origin',(-124.5,22.766,2.5));
#8003=CARTESIAN_POINT('',(-125.,38.782,2.));
#8004=CARTESIAN_POINT('',(-125.,38.782,2.));
#8005=CARTESIAN_POINT('',(-125.,22.766,2.));
#8006=CARTESIAN_POINT('Origin',(-128.,38.782,2.5));
#8007=CARTESIAN_POINT('',(-128.,35.782,2.));
#8008=CARTESIAN_POINT('',(-128.,35.782,2.));
#8009=CARTESIAN_POINT('Origin',(-128.,38.782,2.));
#8010=CARTESIAN_POINT('Origin',(-64.,35.282,2.5));
#8011=CARTESIAN_POINT('',(-147.,35.782,2.));
#8012=CARTESIAN_POINT('',(-147.,35.782,2.));
#8013=CARTESIAN_POINT('',(-64.,35.782,2.));
#8014=CARTESIAN_POINT('Origin',(-147.,38.782,2.5));
#8015=CARTESIAN_POINT('',(-150.,38.782,2.));
#8016=CARTESIAN_POINT('',(-150.,38.782,2.));
#8017=CARTESIAN_POINT('Origin',(-147.,38.782,2.));
#8018=CARTESIAN_POINT('Origin',(-150.5,20.766,2.5));
#8019=CARTESIAN_POINT('',(-150.,42.782,2.));
#8020=CARTESIAN_POINT('',(-150.,42.782,2.));
#8021=CARTESIAN_POINT('',(-150.,20.766,2.));
#8022=CARTESIAN_POINT('Origin',(-147.,42.782,2.5));
#8023=CARTESIAN_POINT('',(-147.,45.782,2.));
#8024=CARTESIAN_POINT('',(-147.,45.782,2.));
#8025=CARTESIAN_POINT('Origin',(-147.,42.782,2.));
#8026=CARTESIAN_POINT('Origin',(-73.5,46.282,2.5));
#8027=CARTESIAN_POINT('',(-73.5,45.782,2.));
#8028=CARTESIAN_POINT('Origin',(-128.,35.782,13.573));
#8029=CARTESIAN_POINT('',(-128.,35.782,0.));
#8030=CARTESIAN_POINT('',(-128.,35.782,13.573));
#8031=CARTESIAN_POINT('',(-147.,35.782,0.));
#8032=CARTESIAN_POINT('',(-64.,35.782,0.));
#8033=CARTESIAN_POINT('',(-147.,35.782,13.573));
#8034=CARTESIAN_POINT('Origin',(-128.,38.782,13.573));
#8035=CARTESIAN_POINT('',(-125.,38.782,0.));
#8036=CARTESIAN_POINT('',(-125.,38.782,13.573));
#8037=CARTESIAN_POINT('Origin',(-128.,38.782,0.));
#8038=CARTESIAN_POINT('Origin',(-125.,42.782,13.573));
#8039=CARTESIAN_POINT('',(-125.,42.782,0.));
#8040=CARTESIAN_POINT('',(-125.,42.782,13.573));
#8041=CARTESIAN_POINT('',(-125.,22.766,0.));
#8042=CARTESIAN_POINT('Origin',(-128.,42.782,13.573));
#8043=CARTESIAN_POINT('',(-128.,45.782,0.));
#8044=CARTESIAN_POINT('',(-128.,45.782,13.573));
#8045=CARTESIAN_POINT('Origin',(-128.,42.782,0.));
#8046=CARTESIAN_POINT('Origin',(-150.,38.782,13.573));
#8047=CARTESIAN_POINT('',(-150.,38.782,0.));
#8048=CARTESIAN_POINT('',(-150.,38.782,13.573));
#8049=CARTESIAN_POINT('',(-150.,42.782,0.));
#8050=CARTESIAN_POINT('',(-150.,20.766,0.));
#8051=CARTESIAN_POINT('',(-150.,42.782,13.573));
#8052=CARTESIAN_POINT('Origin',(-147.,42.782,13.573));
#8053=CARTESIAN_POINT('',(-147.,45.782,0.));
#8054=CARTESIAN_POINT('Origin',(-147.,42.782,0.));
#8055=CARTESIAN_POINT('',(-147.,45.782,13.573));
#8056=CARTESIAN_POINT('Origin',(-147.,45.782,13.573));
#8057=CARTESIAN_POINT('',(-73.5,45.782,0.));
#8058=CARTESIAN_POINT('Origin',(-147.,38.782,13.573));
#8059=CARTESIAN_POINT('Origin',(-147.,38.782,0.));
#8060=CARTESIAN_POINT('Origin',(3.5527136788005E-14,2.75000000000001,0.));
#8061=CARTESIAN_POINT('',(-183.225,67.925,0.));
#8062=CARTESIAN_POINT('',(-183.225,-61.925,0.));
#8063=CARTESIAN_POINT('',(-176.225,74.925,0.));
#8064=CARTESIAN_POINT('Origin',(-176.225,67.925,0.));
#8065=CARTESIAN_POINT('',(-176.225,74.925,0.));
#8066=CARTESIAN_POINT('Origin',(-176.225,-61.925,0.));
#8067=CARTESIAN_POINT('',(-176.225,-68.925,13.573));
#8068=CARTESIAN_POINT('',(-176.225,-68.925,0.));
#8069=CARTESIAN_POINT('',(-183.225,-61.925,13.573));
#8070=CARTESIAN_POINT('Origin',(-176.225,-61.925,13.573));
#8071=CARTESIAN_POINT('',(-183.225,-61.925,0.));
#8072=CARTESIAN_POINT('Origin',(-176.225,-68.925,0.));
#8073=CARTESIAN_POINT('',(-88.1125,-68.925,13.573));
#8074=CARTESIAN_POINT('Origin',(3.5527136788005E-14,3.,13.573));
#8075=CARTESIAN_POINT('',(-104.025,-63.675,13.573));
#8076=CARTESIAN_POINT('Origin',(-101.275,-63.675,13.573));
#8077=CARTESIAN_POINT('',(-104.775,-62.925,13.573));
#8078=CARTESIAN_POINT('Origin',(-104.775,-63.675,13.573));
#8079=CARTESIAN_POINT('',(-123.125,-62.925,13.573));
#8080=CARTESIAN_POINT('',(-52.3875,-62.925,13.573));
#8081=CARTESIAN_POINT('',(-123.125,-65.425,13.573));
#8082=CARTESIAN_POINT('',(-123.125,-29.9624999999996,13.573));
#8083=CARTESIAN_POINT('',(-124.125,-66.425,13.573));
#8084=CARTESIAN_POINT('Origin',(-124.125,-65.425,13.573));
#8085=CARTESIAN_POINT('',(-157.125,-66.425,13.573));
#8086=CARTESIAN_POINT('',(-62.0625,-66.425,13.573));
#8087=CARTESIAN_POINT('',(-158.125,-65.425,13.573));
#8088=CARTESIAN_POINT('Origin',(-157.125,-65.425,13.573));
#8089=CARTESIAN_POINT('',(-158.125,-62.925,13.573));
#8090=CARTESIAN_POINT('',(-158.125,-31.2125000000006,13.573));
#8091=CARTESIAN_POINT('',(-174.725,-62.925,13.573));
#8092=CARTESIAN_POINT('',(-52.3875,-62.925,13.573));
#8093=CARTESIAN_POINT('',(-177.225,-60.425,13.573));
#8094=CARTESIAN_POINT('Origin',(-174.725,-60.425,13.573));
#8095=CARTESIAN_POINT('',(-177.225,-57.425,13.573));
#8096=CARTESIAN_POINT('',(-177.225,-28.7125,13.573));
#8097=CARTESIAN_POINT('',(-178.725,-57.425,13.573));
#8098=CARTESIAN_POINT('',(-88.6125,-57.425,13.573));
#8099=CARTESIAN_POINT('',(-179.725,-56.425,13.573));
#8100=CARTESIAN_POINT('Origin',(-178.725,-56.4249999999999,13.573));
#8101=CARTESIAN_POINT('',(-179.725,-23.425,13.573));
#8102=CARTESIAN_POINT('',(-179.725,-26.7125,13.573));
#8103=CARTESIAN_POINT('',(-178.725,-22.425,13.573));
#8104=CARTESIAN_POINT('Origin',(-178.725,-23.425,13.573));
#8105=CARTESIAN_POINT('',(-177.225,-22.425,13.573));
#8106=CARTESIAN_POINT('',(-89.3625,-22.425,13.573));
#8107=CARTESIAN_POINT('',(-177.225,-9.50000000000004,13.573));
#8108=CARTESIAN_POINT('',(-177.225,-28.7125,13.573));
#8109=CARTESIAN_POINT('',(-178.725,-9.50000000000003,13.573));
#8110=CARTESIAN_POINT('',(-88.6125,-9.50000000000004,13.573));
#8111=CARTESIAN_POINT('',(-179.725,-8.50000000000003,13.573));
#8112=CARTESIAN_POINT('Origin',(-178.725,-8.49999999999998,13.573));
#8113=CARTESIAN_POINT('',(-179.725,14.5,13.573));
#8114=CARTESIAN_POINT('',(-179.725,-2.75000000000002,13.573));
#8115=CARTESIAN_POINT('',(-178.725,15.5,13.573));
#8116=CARTESIAN_POINT('Origin',(-178.725,14.4999999999999,13.573));
#8117=CARTESIAN_POINT('',(-177.225,15.5,13.573));
#8118=CARTESIAN_POINT('',(-89.3625,15.5,13.573));
#8119=CARTESIAN_POINT('',(-177.225,28.425,13.573));
#8120=CARTESIAN_POINT('',(-177.225,-28.7125,13.573));
#8121=CARTESIAN_POINT('',(-178.725,28.425,13.573));
#8122=CARTESIAN_POINT('',(-88.6125,28.425,13.573));
#8123=CARTESIAN_POINT('',(-179.725,29.425,13.573));
#8124=CARTESIAN_POINT('Origin',(-178.725,29.425,13.573));
#8125=CARTESIAN_POINT('',(-179.725,62.425,13.573));
#8126=CARTESIAN_POINT('',(-179.725,16.2125,13.573));
#8127=CARTESIAN_POINT('',(-178.725,63.425,13.573));
#8128=CARTESIAN_POINT('Origin',(-178.725,62.4249999999999,13.573));
#8129=CARTESIAN_POINT('',(-177.225,63.425,13.573));
#8130=CARTESIAN_POINT('',(-89.3625,63.425,13.573));
#8131=CARTESIAN_POINT('',(-177.225,69.425,13.573));
#8132=CARTESIAN_POINT('',(-177.225,-28.7125,13.573));
#8133=CARTESIAN_POINT('',(-174.725,71.925,13.573));
#8134=CARTESIAN_POINT('Origin',(-174.725,69.4250000000001,13.573));
#8135=CARTESIAN_POINT('',(-98.725,71.925,13.573));
#8136=CARTESIAN_POINT('',(-87.3625,71.925,13.573));
#8137=CARTESIAN_POINT('',(-93.225,66.425,13.573));
#8138=CARTESIAN_POINT('Origin',(-98.725,66.425,13.573));
#8139=CARTESIAN_POINT('Origin',(-89.725,66.425,13.573));
#8140=CARTESIAN_POINT('',(-68.225,68.925,13.573));
#8141=CARTESIAN_POINT('',(-68.225,32.9625,13.573));
#8142=CARTESIAN_POINT('Origin',(-67.225,68.925,13.573));
#8143=CARTESIAN_POINT('',(-176.225,74.925,13.573));
#8144=CARTESIAN_POINT('',(88.1125,74.925,13.573));
#8145=CARTESIAN_POINT('',(-183.225,67.925,13.573));
#8146=CARTESIAN_POINT('Origin',(-176.225,67.925,13.573));
#8147=CARTESIAN_POINT('',(-183.225,35.4625,13.573));
#8148=CARTESIAN_POINT('Origin',(-67.225,68.925,14.323));
#8149=CARTESIAN_POINT('',(-68.225,68.925,14.323));
#8150=CARTESIAN_POINT('Origin',(-68.225,62.925,14.323));
#8151=CARTESIAN_POINT('Origin',(-89.725,66.425,0.));
#8152=CARTESIAN_POINT('',(-93.225,66.425,0.));
#8153=CARTESIAN_POINT('Origin',(-98.725,66.425,0.));
#8154=CARTESIAN_POINT('',(-98.725,71.925,0.));
#8155=CARTESIAN_POINT('Origin',(-174.725,71.925,0.));
#8156=CARTESIAN_POINT('',(-174.725,71.925,0.));
#8157=CARTESIAN_POINT('Origin',(-174.725,69.4250000000001,0.));
#8158=CARTESIAN_POINT('',(-177.225,69.425,0.));
#8159=CARTESIAN_POINT('Origin',(-178.725,63.425,14.323));
#8160=CARTESIAN_POINT('',(-178.725,63.425,12.823));
#8161=CARTESIAN_POINT('',(-178.725,63.425,14.323));
#8162=CARTESIAN_POINT('',(-177.225,63.425,12.823));
#8163=CARTESIAN_POINT('',(-177.225,63.425,12.823));
#8164=CARTESIAN_POINT('',(-177.225,63.425,7.1615));
#8165=CARTESIAN_POINT('Origin',(-178.725,62.4249999999999,14.323));
#8166=CARTESIAN_POINT('',(-179.725,62.425,12.823));
#8167=CARTESIAN_POINT('',(-179.725,62.425,14.323));
#8168=CARTESIAN_POINT('Origin',(-178.725,62.4249999999999,12.823));
#8169=CARTESIAN_POINT('Origin',(-179.725,29.425,14.323));
#8170=CARTESIAN_POINT('',(-179.725,29.425,12.823));
#8171=CARTESIAN_POINT('',(-179.725,29.425,14.323));
#8172=CARTESIAN_POINT('',(-179.725,62.425,12.823));
#8173=CARTESIAN_POINT('Origin',(-178.725,29.425,14.323));
#8174=CARTESIAN_POINT('',(-178.725,28.425,12.823));
#8175=CARTESIAN_POINT('',(-178.725,28.425,14.323));
#8176=CARTESIAN_POINT('Origin',(-178.725,29.425,12.823));
#8177=CARTESIAN_POINT('Origin',(-177.225,28.425,14.323));
#8178=CARTESIAN_POINT('',(-177.225,28.425,12.823));
#8179=CARTESIAN_POINT('',(-177.225,28.425,7.1615));
#8180=CARTESIAN_POINT('',(-178.725,28.425,12.823));
#8181=CARTESIAN_POINT('Origin',(-178.725,15.5,14.323));
#8182=CARTESIAN_POINT('',(-178.725,15.5,12.823));
#8183=CARTESIAN_POINT('',(-178.725,15.5,14.323));
#8184=CARTESIAN_POINT('',(-177.225,15.5,12.823));
#8185=CARTESIAN_POINT('',(-178.725,15.5,12.823));
#8186=CARTESIAN_POINT('',(-177.225,15.5,7.1615));
#8187=CARTESIAN_POINT('Origin',(-178.725,14.4999999999999,14.323));
#8188=CARTESIAN_POINT('',(-179.725,14.5,12.823));
#8189=CARTESIAN_POINT('',(-179.725,14.5,14.323));
#8190=CARTESIAN_POINT('Origin',(-178.725,14.4999999999999,12.823));
#8191=CARTESIAN_POINT('Origin',(-179.725,-8.50000000000004,14.323));
#8192=CARTESIAN_POINT('',(-179.725,-8.50000000000003,12.823));
#8193=CARTESIAN_POINT('',(-179.725,-8.50000000000004,14.323));
#8194=CARTESIAN_POINT('',(-179.725,-8.50000000000004,12.823));
#8195=CARTESIAN_POINT('Origin',(-178.725,-8.49999999999998,14.323));
#8196=CARTESIAN_POINT('',(-178.725,-9.50000000000004,12.823));
#8197=CARTESIAN_POINT('',(-178.725,-9.50000000000003,14.323));
#8198=CARTESIAN_POINT('Origin',(-178.725,-8.49999999999998,12.823));
#8199=CARTESIAN_POINT('Origin',(-177.225,-9.50000000000004,14.323));
#8200=CARTESIAN_POINT('',(-177.225,-9.50000000000004,12.823));
#8201=CARTESIAN_POINT('',(-177.225,-9.50000000000004,7.1615));
#8202=CARTESIAN_POINT('',(-177.225,-9.50000000000004,12.823));
#8203=CARTESIAN_POINT('Origin',(-178.725,-22.425,14.323));
#8204=CARTESIAN_POINT('',(-178.725,-22.425,12.823));
#8205=CARTESIAN_POINT('',(-178.725,-22.425,14.323));
#8206=CARTESIAN_POINT('',(-177.225,-22.425,12.823));
#8207=CARTESIAN_POINT('',(-178.725,-22.425,12.823));
#8208=CARTESIAN_POINT('',(-177.225,-22.425,7.1615));
#8209=CARTESIAN_POINT('Origin',(-178.725,-23.425,14.323));
#8210=CARTESIAN_POINT('',(-179.725,-23.425,12.823));
#8211=CARTESIAN_POINT('',(-179.725,-23.425,14.323));
#8212=CARTESIAN_POINT('Origin',(-178.725,-23.425,12.823));
#8213=CARTESIAN_POINT('Origin',(-179.725,-56.425,14.323));
#8214=CARTESIAN_POINT('',(-179.725,-56.425,12.823));
#8215=CARTESIAN_POINT('',(-179.725,-56.425,14.323));
#8216=CARTESIAN_POINT('',(-179.725,-56.425,12.823));
#8217=CARTESIAN_POINT('Origin',(-178.725,-56.4249999999999,14.323));
#8218=CARTESIAN_POINT('',(-178.725,-57.425,12.823));
#8219=CARTESIAN_POINT('',(-178.725,-57.425,14.323));
#8220=CARTESIAN_POINT('Origin',(-178.725,-56.4249999999999,12.823));
#8221=CARTESIAN_POINT('Origin',(-177.225,-57.425,14.323));
#8222=CARTESIAN_POINT('',(-177.225,-57.425,12.823));
#8223=CARTESIAN_POINT('',(-177.225,-57.425,7.1615));
#8224=CARTESIAN_POINT('',(-177.225,-57.425,12.823));
#8225=CARTESIAN_POINT('Origin',(-177.225,-60.425,0.));
#8226=CARTESIAN_POINT('',(-177.225,-7.25000000000003,12.823));
#8227=CARTESIAN_POINT('',(-177.225,-28.7125,12.823));
#8228=CARTESIAN_POINT('',(-177.225,-50.175,12.823));
#8229=CARTESIAN_POINT('',(-177.225,-60.425,0.));
#8230=CARTESIAN_POINT('Origin',(-174.725,-60.425,0.));
#8231=CARTESIAN_POINT('',(-174.725,-62.925,0.));
#8232=CARTESIAN_POINT('Origin',(-158.125,-65.425,14.323));
#8233=CARTESIAN_POINT('',(-158.125,-65.425,12.823));
#8234=CARTESIAN_POINT('',(-158.125,-65.425,14.323));
#8235=CARTESIAN_POINT('',(-158.125,-62.925,12.823));
#8236=CARTESIAN_POINT('',(-158.125,-65.425,12.823));
#8237=CARTESIAN_POINT('',(-158.125,-62.925,7.1615));
#8238=CARTESIAN_POINT('Origin',(-157.125,-65.425,14.323));
#8239=CARTESIAN_POINT('',(-157.125,-66.425,12.823));
#8240=CARTESIAN_POINT('',(-157.125,-66.425,14.323));
#8241=CARTESIAN_POINT('Origin',(-157.125,-65.425,12.823));
#8242=CARTESIAN_POINT('Origin',(-124.125,-66.425,14.323));
#8243=CARTESIAN_POINT('',(-124.125,-66.425,12.823));
#8244=CARTESIAN_POINT('',(-124.125,-66.425,14.323));
#8245=CARTESIAN_POINT('',(-124.125,-66.425,12.823));
#8246=CARTESIAN_POINT('Origin',(-124.125,-65.425,14.323));
#8247=CARTESIAN_POINT('',(-123.125,-65.425,12.823));
#8248=CARTESIAN_POINT('',(-123.125,-65.425,14.323));
#8249=CARTESIAN_POINT('Origin',(-124.125,-65.425,12.823));
#8250=CARTESIAN_POINT('Origin',(-123.125,-62.925,14.323));
#8251=CARTESIAN_POINT('',(-123.125,-62.925,12.823));
#8252=CARTESIAN_POINT('',(-123.125,-62.925,7.1615));
#8253=CARTESIAN_POINT('',(-123.125,-62.925,12.823));
#8254=CARTESIAN_POINT('Origin',(-104.775,-62.925,0.));
#8255=CARTESIAN_POINT('',(-122.7,-62.925,12.823));
#8256=CARTESIAN_POINT('',(-104.775,-62.925,12.83));
#8257=CARTESIAN_POINT('Origin',(-104.775,-63.675,0.));
#8258=CARTESIAN_POINT('',(-104.025,-63.675,12.83));
#8259=CARTESIAN_POINT('Origin',(-101.275,-63.675,0.));
#8260=CARTESIAN_POINT('Origin',(176.225,74.925,0.));
#8261=CARTESIAN_POINT('',(-176.225,74.925,0.));
#8262=CARTESIAN_POINT('Origin',(-178.475,45.925,12.823));
#8263=CARTESIAN_POINT('Origin',(-140.625,-64.675,12.823));
#8264=CARTESIAN_POINT('Origin',(-178.475,-39.925,12.823));
#8265=CARTESIAN_POINT('Origin',(-178.475,2.99999999999996,12.823));
#8266=CARTESIAN_POINT('Origin',(-183.225,67.925,0.));
#8267=CARTESIAN_POINT('',(-183.225,67.925,0.));
#8268=CARTESIAN_POINT('Origin',(-176.225,67.925,0.));
#8269=UNCERTAINTY_MEASURE_WITH_UNIT(LENGTH_MEASURE(0.01),#8273,
'DISTANCE_ACCURACY_VALUE',
'Maximum model space distance between geometric entities at asserted c
onnectivities');
#8270=UNCERTAINTY_MEASURE_WITH_UNIT(LENGTH_MEASURE(0.01),#8273,
'DISTANCE_ACCURACY_VALUE',
'Maximum model space distance between geometric entities at asserted c
onnectivities');
#8271=(
GEOMETRIC_REPRESENTATION_CONTEXT(3)
GLOBAL_UNCERTAINTY_ASSIGNED_CONTEXT((#8269))
GLOBAL_UNIT_ASSIGNED_CONTEXT((#8273,#8275,#8276))
REPRESENTATION_CONTEXT('','3D')
);
#8272=(
GEOMETRIC_REPRESENTATION_CONTEXT(3)
GLOBAL_UNCERTAINTY_ASSIGNED_CONTEXT((#8270))
GLOBAL_UNIT_ASSIGNED_CONTEXT((#8273,#8275,#8276))
REPRESENTATION_CONTEXT('','3D')
);
#8273=(
LENGTH_UNIT()
NAMED_UNIT(*)
SI_UNIT(.MILLI.,.METRE.)
);
#8274=(
LENGTH_UNIT()
NAMED_UNIT(*)
SI_UNIT($,.METRE.)
);
#8275=(
NAMED_UNIT(*)
PLANE_ANGLE_UNIT()
SI_UNIT($,.RADIAN.)
);
#8276=(
NAMED_UNIT(*)
SI_UNIT($,.STERADIAN.)
SOLID_ANGLE_UNIT()
);
#8277=SHAPE_DEFINITION_REPRESENTATION(#8278,#8279);
#8278=PRODUCT_DEFINITION_SHAPE('',$,#8281);
#8279=SHAPE_REPRESENTATION('',(#4857),#8271);
#8280=PRODUCT_DEFINITION_CONTEXT('part definition',#8285,'design');
#8281=PRODUCT_DEFINITION('[MAIN] Lower Case','[MAIN] Lower Case v88',#8282,
#8280);
#8282=PRODUCT_DEFINITION_FORMATION('',$,#8287);
#8283=PRODUCT_RELATED_PRODUCT_CATEGORY('[MAIN] Lower Case v88',
'[MAIN] Lower Case v88',(#8287));
#8284=APPLICATION_PROTOCOL_DEFINITION('international standard',
'automotive_design',2009,#8285);
#8285=APPLICATION_CONTEXT(
'Core Data for Automotive Mechanical Design Process');
#8286=PRODUCT_CONTEXT('part definition',#8285,'mechanical');
#8287=PRODUCT('[MAIN] Lower Case','[MAIN] Lower Case v88',$,(#8286));
#8288=PRESENTATION_STYLE_ASSIGNMENT((#8290));
#8289=PRESENTATION_STYLE_ASSIGNMENT((#8291));
#8290=SURFACE_STYLE_USAGE(.BOTH.,#8292);
#8291=SURFACE_STYLE_USAGE(.BOTH.,#8293);
#8292=SURFACE_SIDE_STYLE('',(#8294));
#8293=SURFACE_SIDE_STYLE('',(#8295));
#8294=SURFACE_STYLE_FILL_AREA(#8296);
#8295=SURFACE_STYLE_FILL_AREA(#8297);
#8296=FILL_AREA_STYLE('Steel - Satin',(#8298));
#8297=FILL_AREA_STYLE('ABS (White)',(#8299));
#8298=FILL_AREA_STYLE_COLOUR('Steel - Satin',#8300);
#8299=FILL_AREA_STYLE_COLOUR('ABS (White)',#8301);
#8300=COLOUR_RGB('Steel - Satin',0.627450980392157,0.627450980392157,0.627450980392157);
#8301=COLOUR_RGB('ABS (White)',0.231372549019608,0.435294117647059,0.627450980392157);
ENDSEC;
END-ISO-10303-21;
