ISO-10303-21;
HEADER;
/* Generated by software containing ST-Developer
 * from STEP Tools, Inc. (www.steptools.com) 
 */

FILE_DESCRIPTION(
/* description */ (''),
/* implementation_level */ '2;1');

FILE_NAME(
/* name */ '[MAIN] Top Case v39.step',
/* time_stamp */ '2025-10-21T01:19:03+08:00',
/* author */ (''),
/* organization */ (''),
/* preprocessor_version */ 'ST-DEVELOPER v20.1',
/* originating_system */ 'Autodesk Translation Framework v14.17.0.0',
/* authorisation */ '');

FILE_SCHEMA (('AUTOMOTIVE_DESIGN { 1 0 10303 214 3 1 1 }'));
ENDSEC;

DATA;
#10=MECHANICAL_DESIGN_GEOMETRIC_PRESENTATION_REPRESENTATION('',(#13,#14),
#7380);
#11=SHAPE_REPRESENTATION_RELATIONSHIP('SRR','None',#7387,#12);
#12=ADVANCED_BREP_SHAPE_REPRESENTATION('',(#15,#16),#7379);
#13=STYLED_ITEM('',(#7397),#15);
#14=STYLED_ITEM('',(#7397),#16);
#15=MANIFOLD_SOLID_BREP('TopCaseRight',#4383);
#16=MANIFOLD_SOLID_BREP('TopCaseLeft',#4384);
#17=CONICAL_SURFACE('',#4585,2.,0.785398163397448);
#18=CONICAL_SURFACE('',#4589,2.,0.785398163397448);
#19=CONICAL_SURFACE('',#4593,2.,0.785398163397448);
#20=CONICAL_SURFACE('',#4597,2.,0.785398163397447);
#21=CYLINDRICAL_SURFACE('',#4425,7.);
#22=CYLINDRICAL_SURFACE('',#4428,6.99999999999999);
#23=CYLINDRICAL_SURFACE('',#4432,0.999999999999979);
#24=CYLINDRICAL_SURFACE('',#4436,1.00000000000001);
#25=CYLINDRICAL_SURFACE('',#4439,0.999999999999988);
#26=CYLINDRICAL_SURFACE('',#4442,2.50000000000004);
#27=CYLINDRICAL_SURFACE('',#4445,1.00000000000004);
#28=CYLINDRICAL_SURFACE('',#4448,1.00000000000005);
#29=CYLINDRICAL_SURFACE('',#4452,1.00000000000004);
#30=CYLINDRICAL_SURFACE('',#4455,1.00000000000005);
#31=CYLINDRICAL_SURFACE('',#4459,1.00000000000005);
#32=CYLINDRICAL_SURFACE('',#4462,1.00000000000004);
#33=CYLINDRICAL_SURFACE('',#4466,2.49999999999993);
#34=CYLINDRICAL_SURFACE('',#4469,1.00000000000005);
#35=CYLINDRICAL_SURFACE('',#4472,0.999999999999988);
#36=CYLINDRICAL_SURFACE('',#4476,1.00000000000001);
#37=CYLINDRICAL_SURFACE('',#4479,1.00000000000002);
#38=CYLINDRICAL_SURFACE('',#4483,0.999999999999996);
#39=CYLINDRICAL_SURFACE('',#4486,0.999999999999988);
#40=CYLINDRICAL_SURFACE('',#4498,1.6);
#41=CYLINDRICAL_SURFACE('',#4500,1.6);
#42=CYLINDRICAL_SURFACE('',#4502,1.6);
#43=CYLINDRICAL_SURFACE('',#4504,1.6);
#44=CYLINDRICAL_SURFACE('',#4506,1.6);
#45=CYLINDRICAL_SURFACE('',#4508,1.6);
#46=CYLINDRICAL_SURFACE('',#4511,1.);
#47=CYLINDRICAL_SURFACE('',#4515,1.);
#48=CYLINDRICAL_SURFACE('',#4518,1.);
#49=CYLINDRICAL_SURFACE('',#4522,1.);
#50=CYLINDRICAL_SURFACE('',#4525,1.);
#51=CYLINDRICAL_SURFACE('',#4529,1.);
#52=CYLINDRICAL_SURFACE('',#4532,1.);
#53=CYLINDRICAL_SURFACE('',#4536,1.);
#54=CYLINDRICAL_SURFACE('',#4540,1.);
#55=CYLINDRICAL_SURFACE('',#4544,1.);
#56=CYLINDRICAL_SURFACE('',#4547,1.);
#57=CYLINDRICAL_SURFACE('',#4550,1.);
#58=CYLINDRICAL_SURFACE('',#4554,1.);
#59=CYLINDRICAL_SURFACE('',#4558,1.);
#60=CYLINDRICAL_SURFACE('',#4562,1.);
#61=CYLINDRICAL_SURFACE('',#4566,1.);
#62=CYLINDRICAL_SURFACE('',#4570,1.);
#63=CYLINDRICAL_SURFACE('',#4574,1.);
#64=CYLINDRICAL_SURFACE('',#4578,1.);
#65=CYLINDRICAL_SURFACE('',#4582,1.);
#66=CYLINDRICAL_SURFACE('',#4602,1.5);
#67=CYLINDRICAL_SURFACE('',#4605,1.5);
#68=CYLINDRICAL_SURFACE('',#4610,1.5);
#69=CYLINDRICAL_SURFACE('',#4613,1.5);
#70=CYLINDRICAL_SURFACE('',#4619,1.6);
#71=CYLINDRICAL_SURFACE('',#4723,1.);
#72=CYLINDRICAL_SURFACE('',#4725,1.);
#73=CYLINDRICAL_SURFACE('',#4726,1.);
#74=CYLINDRICAL_SURFACE('',#4728,1.);
#75=CYLINDRICAL_SURFACE('',#4729,1.);
#76=CYLINDRICAL_SURFACE('',#4731,1.);
#77=CYLINDRICAL_SURFACE('',#4733,1.);
#78=CYLINDRICAL_SURFACE('',#4735,1.);
#79=CYLINDRICAL_SURFACE('',#4736,1.);
#80=CYLINDRICAL_SURFACE('',#4738,1.);
#81=CYLINDRICAL_SURFACE('',#4740,1.);
#82=CYLINDRICAL_SURFACE('',#4741,1.);
#83=CYLINDRICAL_SURFACE('',#4743,1.);
#84=CYLINDRICAL_SURFACE('',#4745,1.6);
#85=CYLINDRICAL_SURFACE('',#4746,1.6);
#86=CYLINDRICAL_SURFACE('',#4747,1.6);
#87=CYLINDRICAL_SURFACE('',#4748,1.6);
#88=CYLINDRICAL_SURFACE('',#4749,1.6);
#89=CYLINDRICAL_SURFACE('',#4750,1.6);
#90=CYLINDRICAL_SURFACE('',#4751,1.6);
#91=CYLINDRICAL_SURFACE('',#4752,1.6);
#92=CYLINDRICAL_SURFACE('',#4772,0.999999999999996);
#93=CYLINDRICAL_SURFACE('',#4775,0.999999999999996);
#94=CYLINDRICAL_SURFACE('',#4777,0.999999999999996);
#95=CYLINDRICAL_SURFACE('',#4779,3.5);
#96=CYLINDRICAL_SURFACE('',#4780,5.49999999999999);
#97=CYLINDRICAL_SURFACE('',#4782,2.49999999999996);
#98=CYLINDRICAL_SURFACE('',#4785,1.00000000000006);
#99=CYLINDRICAL_SURFACE('',#4787,1.00000000000009);
#100=CYLINDRICAL_SURFACE('',#4790,1.00000000000009);
#101=CYLINDRICAL_SURFACE('',#4792,1.00000000000006);
#102=CYLINDRICAL_SURFACE('',#4795,1.00000000000009);
#103=CYLINDRICAL_SURFACE('',#4797,1.00000000000007);
#104=CYLINDRICAL_SURFACE('',#4799,2.49999999999999);
#105=CYLINDRICAL_SURFACE('',#4801,0.999999999999988);
#106=CYLINDRICAL_SURFACE('',#4803,0.999999999999961);
#107=CYLINDRICAL_SURFACE('',#4805,0.749999999999993);
#108=CYLINDRICAL_SURFACE('',#4806,2.75000000000002);
#109=CYLINDRICAL_SURFACE('',#4808,2.75000000000001);
#110=CYLINDRICAL_SURFACE('',#4809,0.750000000000002);
#111=CYLINDRICAL_SURFACE('',#4810,6.99999999999999);
#112=CYLINDRICAL_SURFACE('',#4812,7.);
#113=FACE_BOUND('',#368,.T.);
#114=FACE_BOUND('',#369,.T.);
#115=FACE_BOUND('',#370,.T.);
#116=FACE_BOUND('',#371,.T.);
#117=FACE_BOUND('',#372,.T.);
#118=FACE_BOUND('',#373,.T.);
#119=FACE_BOUND('',#374,.T.);
#120=FACE_BOUND('',#491,.T.);
#121=FACE_BOUND('',#493,.T.);
#122=FACE_BOUND('',#503,.T.);
#123=FACE_BOUND('',#504,.T.);
#124=FACE_BOUND('',#505,.T.);
#125=FACE_BOUND('',#506,.T.);
#126=FACE_BOUND('',#507,.T.);
#127=FACE_BOUND('',#516,.T.);
#128=FACE_BOUND('',#517,.T.);
#129=FACE_BOUND('',#518,.T.);
#130=FACE_BOUND('',#519,.T.);
#131=FACE_BOUND('',#520,.T.);
#132=FACE_BOUND('',#521,.T.);
#133=FACE_BOUND('',#522,.T.);
#134=FACE_BOUND('',#523,.T.);
#135=FACE_BOUND('',#526,.T.);
#136=FACE_BOUND('',#537,.T.);
#137=FACE_BOUND('',#538,.T.);
#138=FACE_BOUND('',#539,.T.);
#139=FACE_OUTER_BOUND('',#367,.T.);
#140=FACE_OUTER_BOUND('',#375,.T.);
#141=FACE_OUTER_BOUND('',#376,.T.);
#142=FACE_OUTER_BOUND('',#377,.T.);
#143=FACE_OUTER_BOUND('',#378,.T.);
#144=FACE_OUTER_BOUND('',#379,.T.);
#145=FACE_OUTER_BOUND('',#380,.T.);
#146=FACE_OUTER_BOUND('',#381,.T.);
#147=FACE_OUTER_BOUND('',#382,.T.);
#148=FACE_OUTER_BOUND('',#383,.T.);
#149=FACE_OUTER_BOUND('',#384,.T.);
#150=FACE_OUTER_BOUND('',#385,.T.);
#151=FACE_OUTER_BOUND('',#386,.T.);
#152=FACE_OUTER_BOUND('',#387,.T.);
#153=FACE_OUTER_BOUND('',#388,.T.);
#154=FACE_OUTER_BOUND('',#389,.T.);
#155=FACE_OUTER_BOUND('',#390,.T.);
#156=FACE_OUTER_BOUND('',#391,.T.);
#157=FACE_OUTER_BOUND('',#392,.T.);
#158=FACE_OUTER_BOUND('',#393,.T.);
#159=FACE_OUTER_BOUND('',#394,.T.);
#160=FACE_OUTER_BOUND('',#395,.T.);
#161=FACE_OUTER_BOUND('',#396,.T.);
#162=FACE_OUTER_BOUND('',#397,.T.);
#163=FACE_OUTER_BOUND('',#398,.T.);
#164=FACE_OUTER_BOUND('',#399,.T.);
#165=FACE_OUTER_BOUND('',#400,.T.);
#166=FACE_OUTER_BOUND('',#401,.T.);
#167=FACE_OUTER_BOUND('',#402,.T.);
#168=FACE_OUTER_BOUND('',#403,.T.);
#169=FACE_OUTER_BOUND('',#404,.T.);
#170=FACE_OUTER_BOUND('',#405,.T.);
#171=FACE_OUTER_BOUND('',#406,.T.);
#172=FACE_OUTER_BOUND('',#407,.T.);
#173=FACE_OUTER_BOUND('',#408,.T.);
#174=FACE_OUTER_BOUND('',#409,.T.);
#175=FACE_OUTER_BOUND('',#410,.T.);
#176=FACE_OUTER_BOUND('',#411,.T.);
#177=FACE_OUTER_BOUND('',#412,.T.);
#178=FACE_OUTER_BOUND('',#413,.T.);
#179=FACE_OUTER_BOUND('',#414,.T.);
#180=FACE_OUTER_BOUND('',#415,.T.);
#181=FACE_OUTER_BOUND('',#416,.T.);
#182=FACE_OUTER_BOUND('',#417,.T.);
#183=FACE_OUTER_BOUND('',#418,.T.);
#184=FACE_OUTER_BOUND('',#419,.T.);
#185=FACE_OUTER_BOUND('',#420,.T.);
#186=FACE_OUTER_BOUND('',#421,.T.);
#187=FACE_OUTER_BOUND('',#422,.T.);
#188=FACE_OUTER_BOUND('',#423,.T.);
#189=FACE_OUTER_BOUND('',#424,.T.);
#190=FACE_OUTER_BOUND('',#425,.T.);
#191=FACE_OUTER_BOUND('',#426,.T.);
#192=FACE_OUTER_BOUND('',#427,.T.);
#193=FACE_OUTER_BOUND('',#428,.T.);
#194=FACE_OUTER_BOUND('',#429,.T.);
#195=FACE_OUTER_BOUND('',#430,.T.);
#196=FACE_OUTER_BOUND('',#431,.T.);
#197=FACE_OUTER_BOUND('',#432,.T.);
#198=FACE_OUTER_BOUND('',#433,.T.);
#199=FACE_OUTER_BOUND('',#434,.T.);
#200=FACE_OUTER_BOUND('',#435,.T.);
#201=FACE_OUTER_BOUND('',#436,.T.);
#202=FACE_OUTER_BOUND('',#437,.T.);
#203=FACE_OUTER_BOUND('',#438,.T.);
#204=FACE_OUTER_BOUND('',#439,.T.);
#205=FACE_OUTER_BOUND('',#440,.T.);
#206=FACE_OUTER_BOUND('',#441,.T.);
#207=FACE_OUTER_BOUND('',#442,.T.);
#208=FACE_OUTER_BOUND('',#443,.T.);
#209=FACE_OUTER_BOUND('',#444,.T.);
#210=FACE_OUTER_BOUND('',#445,.T.);
#211=FACE_OUTER_BOUND('',#446,.T.);
#212=FACE_OUTER_BOUND('',#447,.T.);
#213=FACE_OUTER_BOUND('',#448,.T.);
#214=FACE_OUTER_BOUND('',#449,.T.);
#215=FACE_OUTER_BOUND('',#450,.T.);
#216=FACE_OUTER_BOUND('',#451,.T.);
#217=FACE_OUTER_BOUND('',#452,.T.);
#218=FACE_OUTER_BOUND('',#453,.T.);
#219=FACE_OUTER_BOUND('',#454,.T.);
#220=FACE_OUTER_BOUND('',#455,.T.);
#221=FACE_OUTER_BOUND('',#456,.T.);
#222=FACE_OUTER_BOUND('',#457,.T.);
#223=FACE_OUTER_BOUND('',#458,.T.);
#224=FACE_OUTER_BOUND('',#459,.T.);
#225=FACE_OUTER_BOUND('',#460,.T.);
#226=FACE_OUTER_BOUND('',#461,.T.);
#227=FACE_OUTER_BOUND('',#462,.T.);
#228=FACE_OUTER_BOUND('',#463,.T.);
#229=FACE_OUTER_BOUND('',#464,.T.);
#230=FACE_OUTER_BOUND('',#465,.T.);
#231=FACE_OUTER_BOUND('',#466,.T.);
#232=FACE_OUTER_BOUND('',#467,.T.);
#233=FACE_OUTER_BOUND('',#468,.T.);
#234=FACE_OUTER_BOUND('',#469,.T.);
#235=FACE_OUTER_BOUND('',#470,.T.);
#236=FACE_OUTER_BOUND('',#471,.T.);
#237=FACE_OUTER_BOUND('',#472,.T.);
#238=FACE_OUTER_BOUND('',#473,.T.);
#239=FACE_OUTER_BOUND('',#474,.T.);
#240=FACE_OUTER_BOUND('',#475,.T.);
#241=FACE_OUTER_BOUND('',#476,.T.);
#242=FACE_OUTER_BOUND('',#477,.T.);
#243=FACE_OUTER_BOUND('',#478,.T.);
#244=FACE_OUTER_BOUND('',#479,.T.);
#245=FACE_OUTER_BOUND('',#480,.T.);
#246=FACE_OUTER_BOUND('',#481,.T.);
#247=FACE_OUTER_BOUND('',#482,.T.);
#248=FACE_OUTER_BOUND('',#483,.T.);
#249=FACE_OUTER_BOUND('',#484,.T.);
#250=FACE_OUTER_BOUND('',#485,.T.);
#251=FACE_OUTER_BOUND('',#486,.T.);
#252=FACE_OUTER_BOUND('',#487,.T.);
#253=FACE_OUTER_BOUND('',#488,.T.);
#254=FACE_OUTER_BOUND('',#489,.T.);
#255=FACE_OUTER_BOUND('',#490,.T.);
#256=FACE_OUTER_BOUND('',#492,.T.);
#257=FACE_OUTER_BOUND('',#494,.T.);
#258=FACE_OUTER_BOUND('',#495,.T.);
#259=FACE_OUTER_BOUND('',#496,.T.);
#260=FACE_OUTER_BOUND('',#497,.T.);
#261=FACE_OUTER_BOUND('',#498,.T.);
#262=FACE_OUTER_BOUND('',#499,.T.);
#263=FACE_OUTER_BOUND('',#500,.T.);
#264=FACE_OUTER_BOUND('',#501,.T.);
#265=FACE_OUTER_BOUND('',#502,.T.);
#266=FACE_OUTER_BOUND('',#508,.T.);
#267=FACE_OUTER_BOUND('',#509,.T.);
#268=FACE_OUTER_BOUND('',#510,.T.);
#269=FACE_OUTER_BOUND('',#511,.T.);
#270=FACE_OUTER_BOUND('',#512,.T.);
#271=FACE_OUTER_BOUND('',#513,.T.);
#272=FACE_OUTER_BOUND('',#514,.T.);
#273=FACE_OUTER_BOUND('',#515,.T.);
#274=FACE_OUTER_BOUND('',#524,.T.);
#275=FACE_OUTER_BOUND('',#525,.T.);
#276=FACE_OUTER_BOUND('',#527,.T.);
#277=FACE_OUTER_BOUND('',#528,.T.);
#278=FACE_OUTER_BOUND('',#529,.T.);
#279=FACE_OUTER_BOUND('',#530,.T.);
#280=FACE_OUTER_BOUND('',#531,.T.);
#281=FACE_OUTER_BOUND('',#532,.T.);
#282=FACE_OUTER_BOUND('',#533,.T.);
#283=FACE_OUTER_BOUND('',#534,.T.);
#284=FACE_OUTER_BOUND('',#535,.T.);
#285=FACE_OUTER_BOUND('',#536,.T.);
#286=FACE_OUTER_BOUND('',#540,.T.);
#287=FACE_OUTER_BOUND('',#541,.T.);
#288=FACE_OUTER_BOUND('',#542,.T.);
#289=FACE_OUTER_BOUND('',#543,.T.);
#290=FACE_OUTER_BOUND('',#544,.T.);
#291=FACE_OUTER_BOUND('',#545,.T.);
#292=FACE_OUTER_BOUND('',#546,.T.);
#293=FACE_OUTER_BOUND('',#547,.T.);
#294=FACE_OUTER_BOUND('',#548,.T.);
#295=FACE_OUTER_BOUND('',#549,.T.);
#296=FACE_OUTER_BOUND('',#550,.T.);
#297=FACE_OUTER_BOUND('',#551,.T.);
#298=FACE_OUTER_BOUND('',#552,.T.);
#299=FACE_OUTER_BOUND('',#553,.T.);
#300=FACE_OUTER_BOUND('',#554,.T.);
#301=FACE_OUTER_BOUND('',#555,.T.);
#302=FACE_OUTER_BOUND('',#556,.T.);
#303=FACE_OUTER_BOUND('',#557,.T.);
#304=FACE_OUTER_BOUND('',#558,.T.);
#305=FACE_OUTER_BOUND('',#559,.T.);
#306=FACE_OUTER_BOUND('',#560,.T.);
#307=FACE_OUTER_BOUND('',#561,.T.);
#308=FACE_OUTER_BOUND('',#562,.T.);
#309=FACE_OUTER_BOUND('',#563,.T.);
#310=FACE_OUTER_BOUND('',#564,.T.);
#311=FACE_OUTER_BOUND('',#565,.T.);
#312=FACE_OUTER_BOUND('',#566,.T.);
#313=FACE_OUTER_BOUND('',#567,.T.);
#314=FACE_OUTER_BOUND('',#568,.T.);
#315=FACE_OUTER_BOUND('',#569,.T.);
#316=FACE_OUTER_BOUND('',#570,.T.);
#317=FACE_OUTER_BOUND('',#571,.T.);
#318=FACE_OUTER_BOUND('',#572,.T.);
#319=FACE_OUTER_BOUND('',#573,.T.);
#320=FACE_OUTER_BOUND('',#574,.T.);
#321=FACE_OUTER_BOUND('',#575,.T.);
#322=FACE_OUTER_BOUND('',#576,.T.);
#323=FACE_OUTER_BOUND('',#577,.T.);
#324=FACE_OUTER_BOUND('',#578,.T.);
#325=FACE_OUTER_BOUND('',#579,.T.);
#326=FACE_OUTER_BOUND('',#580,.T.);
#327=FACE_OUTER_BOUND('',#581,.T.);
#328=FACE_OUTER_BOUND('',#582,.T.);
#329=FACE_OUTER_BOUND('',#583,.T.);
#330=FACE_OUTER_BOUND('',#584,.T.);
#331=FACE_OUTER_BOUND('',#585,.T.);
#332=FACE_OUTER_BOUND('',#586,.T.);
#333=FACE_OUTER_BOUND('',#587,.T.);
#334=FACE_OUTER_BOUND('',#588,.T.);
#335=FACE_OUTER_BOUND('',#589,.T.);
#336=FACE_OUTER_BOUND('',#590,.T.);
#337=FACE_OUTER_BOUND('',#591,.T.);
#338=FACE_OUTER_BOUND('',#592,.T.);
#339=FACE_OUTER_BOUND('',#593,.T.);
#340=FACE_OUTER_BOUND('',#594,.T.);
#341=FACE_OUTER_BOUND('',#595,.T.);
#342=FACE_OUTER_BOUND('',#596,.T.);
#343=FACE_OUTER_BOUND('',#597,.T.);
#344=FACE_OUTER_BOUND('',#598,.T.);
#345=FACE_OUTER_BOUND('',#599,.T.);
#346=FACE_OUTER_BOUND('',#600,.T.);
#347=FACE_OUTER_BOUND('',#601,.T.);
#348=FACE_OUTER_BOUND('',#602,.T.);
#349=FACE_OUTER_BOUND('',#603,.T.);
#350=FACE_OUTER_BOUND('',#604,.T.);
#351=FACE_OUTER_BOUND('',#605,.T.);
#352=FACE_OUTER_BOUND('',#606,.T.);
#353=FACE_OUTER_BOUND('',#607,.T.);
#354=FACE_OUTER_BOUND('',#608,.T.);
#355=FACE_OUTER_BOUND('',#609,.T.);
#356=FACE_OUTER_BOUND('',#610,.T.);
#357=FACE_OUTER_BOUND('',#611,.T.);
#358=FACE_OUTER_BOUND('',#612,.T.);
#359=FACE_OUTER_BOUND('',#613,.T.);
#360=FACE_OUTER_BOUND('',#614,.T.);
#361=FACE_OUTER_BOUND('',#615,.T.);
#362=FACE_OUTER_BOUND('',#616,.T.);
#363=FACE_OUTER_BOUND('',#617,.T.);
#364=FACE_OUTER_BOUND('',#618,.T.);
#365=FACE_OUTER_BOUND('',#619,.T.);
#366=FACE_OUTER_BOUND('',#620,.T.);
#367=EDGE_LOOP('',(#2755,#2756,#2757,#2758,#2759,#2760,#2761,#2762,#2763,
#2764,#2765,#2766,#2767,#2768,#2769,#2770,#2771,#2772,#2773,#2774,#2775,
#2776,#2777,#2778,#2779,#2780,#2781,#2782,#2783,#2784,#2785,#2786,#2787,
#2788,#2789,#2790,#2791,#2792,#2793,#2794,#2795,#2796,#2797,#2798,#2799,
#2800,#2801,#2802,#2803,#2804,#2805,#2806,#2807,#2808,#2809,#2810,#2811));
#368=EDGE_LOOP('',(#2812));
#369=EDGE_LOOP('',(#2813));
#370=EDGE_LOOP('',(#2814));
#371=EDGE_LOOP('',(#2815));
#372=EDGE_LOOP('',(#2816));
#373=EDGE_LOOP('',(#2817));
#374=EDGE_LOOP('',(#2818));
#375=EDGE_LOOP('',(#2819,#2820,#2821,#2822));
#376=EDGE_LOOP('',(#2823,#2824,#2825,#2826));
#377=EDGE_LOOP('',(#2827,#2828,#2829,#2830));
#378=EDGE_LOOP('',(#2831,#2832,#2833,#2834));
#379=EDGE_LOOP('',(#2835,#2836,#2837,#2838));
#380=EDGE_LOOP('',(#2839,#2840,#2841,#2842));
#381=EDGE_LOOP('',(#2843,#2844,#2845,#2846));
#382=EDGE_LOOP('',(#2847,#2848,#2849,#2850));
#383=EDGE_LOOP('',(#2851,#2852,#2853,#2854));
#384=EDGE_LOOP('',(#2855,#2856,#2857,#2858));
#385=EDGE_LOOP('',(#2859,#2860,#2861,#2862));
#386=EDGE_LOOP('',(#2863,#2864,#2865,#2866));
#387=EDGE_LOOP('',(#2867,#2868,#2869,#2870));
#388=EDGE_LOOP('',(#2871,#2872,#2873,#2874));
#389=EDGE_LOOP('',(#2875,#2876,#2877,#2878));
#390=EDGE_LOOP('',(#2879,#2880,#2881,#2882));
#391=EDGE_LOOP('',(#2883,#2884,#2885,#2886));
#392=EDGE_LOOP('',(#2887,#2888,#2889,#2890));
#393=EDGE_LOOP('',(#2891,#2892,#2893,#2894));
#394=EDGE_LOOP('',(#2895,#2896,#2897,#2898));
#395=EDGE_LOOP('',(#2899,#2900,#2901,#2902));
#396=EDGE_LOOP('',(#2903,#2904,#2905,#2906));
#397=EDGE_LOOP('',(#2907,#2908,#2909,#2910));
#398=EDGE_LOOP('',(#2911,#2912,#2913,#2914));
#399=EDGE_LOOP('',(#2915,#2916,#2917,#2918));
#400=EDGE_LOOP('',(#2919,#2920,#2921,#2922));
#401=EDGE_LOOP('',(#2923,#2924,#2925,#2926));
#402=EDGE_LOOP('',(#2927,#2928,#2929,#2930));
#403=EDGE_LOOP('',(#2931,#2932,#2933,#2934,#2935,#2936));
#404=EDGE_LOOP('',(#2937,#2938,#2939,#2940));
#405=EDGE_LOOP('',(#2941,#2942,#2943,#2944));
#406=EDGE_LOOP('',(#2945,#2946,#2947,#2948));
#407=EDGE_LOOP('',(#2949,#2950,#2951,#2952));
#408=EDGE_LOOP('',(#2953,#2954,#2955,#2956));
#409=EDGE_LOOP('',(#2957,#2958,#2959,#2960));
#410=EDGE_LOOP('',(#2961,#2962,#2963,#2964));
#411=EDGE_LOOP('',(#2965,#2966,#2967,#2968));
#412=EDGE_LOOP('',(#2969,#2970,#2971,#2972));
#413=EDGE_LOOP('',(#2973,#2974,#2975,#2976));
#414=EDGE_LOOP('',(#2977,#2978,#2979,#2980));
#415=EDGE_LOOP('',(#2981,#2982,#2983,#2984));
#416=EDGE_LOOP('',(#2985,#2986,#2987,#2988));
#417=EDGE_LOOP('',(#2989,#2990,#2991,#2992));
#418=EDGE_LOOP('',(#2993,#2994,#2995,#2996));
#419=EDGE_LOOP('',(#2997,#2998,#2999,#3000));
#420=EDGE_LOOP('',(#3001,#3002,#3003,#3004,#3005,#3006));
#421=EDGE_LOOP('',(#3007,#3008,#3009,#3010,#3011,#3012));
#422=EDGE_LOOP('',(#3013,#3014,#3015,#3016,#3017,#3018,#3019,#3020));
#423=EDGE_LOOP('',(#3021,#3022,#3023,#3024,#3025,#3026));
#424=EDGE_LOOP('',(#3027,#3028,#3029,#3030));
#425=EDGE_LOOP('',(#3031,#3032,#3033,#3034,#3035,#3036));
#426=EDGE_LOOP('',(#3037,#3038,#3039,#3040,#3041,#3042,#3043,#3044));
#427=EDGE_LOOP('',(#3045,#3046,#3047,#3048,#3049,#3050,#3051,#3052,#3053,
#3054));
#428=EDGE_LOOP('',(#3055,#3056,#3057,#3058));
#429=EDGE_LOOP('',(#3059,#3060,#3061,#3062));
#430=EDGE_LOOP('',(#3063,#3064,#3065,#3066));
#431=EDGE_LOOP('',(#3067,#3068,#3069,#3070));
#432=EDGE_LOOP('',(#3071,#3072,#3073,#3074));
#433=EDGE_LOOP('',(#3075,#3076,#3077,#3078));
#434=EDGE_LOOP('',(#3079,#3080,#3081,#3082));
#435=EDGE_LOOP('',(#3083,#3084,#3085,#3086));
#436=EDGE_LOOP('',(#3087,#3088,#3089,#3090));
#437=EDGE_LOOP('',(#3091,#3092,#3093,#3094));
#438=EDGE_LOOP('',(#3095,#3096,#3097,#3098));
#439=EDGE_LOOP('',(#3099,#3100,#3101,#3102));
#440=EDGE_LOOP('',(#3103,#3104,#3105,#3106));
#441=EDGE_LOOP('',(#3107,#3108,#3109,#3110));
#442=EDGE_LOOP('',(#3111,#3112,#3113,#3114));
#443=EDGE_LOOP('',(#3115,#3116,#3117,#3118));
#444=EDGE_LOOP('',(#3119,#3120,#3121,#3122));
#445=EDGE_LOOP('',(#3123,#3124,#3125,#3126));
#446=EDGE_LOOP('',(#3127,#3128,#3129,#3130));
#447=EDGE_LOOP('',(#3131,#3132,#3133,#3134));
#448=EDGE_LOOP('',(#3135,#3136,#3137,#3138));
#449=EDGE_LOOP('',(#3139,#3140,#3141,#3142));
#450=EDGE_LOOP('',(#3143,#3144,#3145,#3146));
#451=EDGE_LOOP('',(#3147,#3148,#3149,#3150));
#452=EDGE_LOOP('',(#3151,#3152,#3153,#3154));
#453=EDGE_LOOP('',(#3155,#3156,#3157,#3158));
#454=EDGE_LOOP('',(#3159,#3160,#3161,#3162));
#455=EDGE_LOOP('',(#3163,#3164,#3165,#3166));
#456=EDGE_LOOP('',(#3167,#3168,#3169,#3170));
#457=EDGE_LOOP('',(#3171,#3172,#3173,#3174));
#458=EDGE_LOOP('',(#3175,#3176,#3177,#3178));
#459=EDGE_LOOP('',(#3179,#3180,#3181,#3182));
#460=EDGE_LOOP('',(#3183,#3184,#3185,#3186));
#461=EDGE_LOOP('',(#3187,#3188,#3189,#3190));
#462=EDGE_LOOP('',(#3191,#3192,#3193,#3194));
#463=EDGE_LOOP('',(#3195,#3196,#3197,#3198));
#464=EDGE_LOOP('',(#3199,#3200,#3201,#3202));
#465=EDGE_LOOP('',(#3203,#3204,#3205,#3206));
#466=EDGE_LOOP('',(#3207,#3208,#3209,#3210));
#467=EDGE_LOOP('',(#3211,#3212,#3213,#3214));
#468=EDGE_LOOP('',(#3215,#3216,#3217,#3218));
#469=EDGE_LOOP('',(#3219,#3220,#3221,#3222));
#470=EDGE_LOOP('',(#3223,#3224,#3225,#3226));
#471=EDGE_LOOP('',(#3227,#3228,#3229,#3230));
#472=EDGE_LOOP('',(#3231,#3232,#3233,#3234));
#473=EDGE_LOOP('',(#3235,#3236,#3237,#3238));
#474=EDGE_LOOP('',(#3239,#3240,#3241,#3242));
#475=EDGE_LOOP('',(#3243,#3244,#3245,#3246));
#476=EDGE_LOOP('',(#3247,#3248,#3249,#3250));
#477=EDGE_LOOP('',(#3251,#3252,#3253,#3254));
#478=EDGE_LOOP('',(#3255,#3256,#3257,#3258));
#479=EDGE_LOOP('',(#3259,#3260,#3261,#3262));
#480=EDGE_LOOP('',(#3263,#3264,#3265,#3266));
#481=EDGE_LOOP('',(#3267,#3268,#3269,#3270));
#482=EDGE_LOOP('',(#3271,#3272,#3273,#3274));
#483=EDGE_LOOP('',(#3275,#3276,#3277,#3278));
#484=EDGE_LOOP('',(#3279,#3280,#3281,#3282));
#485=EDGE_LOOP('',(#3283,#3284,#3285,#3286));
#486=EDGE_LOOP('',(#3287,#3288,#3289,#3290));
#487=EDGE_LOOP('',(#3291,#3292,#3293,#3294));
#488=EDGE_LOOP('',(#3295,#3296,#3297,#3298));
#489=EDGE_LOOP('',(#3299,#3300,#3301,#3302));
#490=EDGE_LOOP('',(#3303,#3304,#3305,#3306));
#491=EDGE_LOOP('',(#3307,#3308,#3309,#3310,#3311,#3312,#3313,#3314));
#492=EDGE_LOOP('',(#3315,#3316,#3317,#3318,#3319,#3320,#3321,#3322,#3323,
#3324,#3325,#3326,#3327,#3328,#3329,#3330,#3331,#3332,#3333,#3334,#3335,
#3336,#3337,#3338,#3339,#3340,#3341,#3342,#3343,#3344,#3345,#3346,#3347,
#3348,#3349,#3350,#3351,#3352,#3353,#3354,#3355,#3356,#3357,#3358,#3359,
#3360,#3361,#3362,#3363,#3364,#3365,#3366,#3367,#3368,#3369,#3370,#3371,
#3372,#3373,#3374,#3375,#3376,#3377,#3378,#3379,#3380,#3381,#3382,#3383,
#3384,#3385,#3386,#3387,#3388,#3389));
#493=EDGE_LOOP('',(#3390,#3391,#3392,#3393));
#494=EDGE_LOOP('',(#3394,#3395,#3396,#3397));
#495=EDGE_LOOP('',(#3398));
#496=EDGE_LOOP('',(#3399));
#497=EDGE_LOOP('',(#3400));
#498=EDGE_LOOP('',(#3401));
#499=EDGE_LOOP('',(#3402));
#500=EDGE_LOOP('',(#3403));
#501=EDGE_LOOP('',(#3404));
#502=EDGE_LOOP('',(#3405,#3406,#3407,#3408,#3409,#3410,#3411,#3412,#3413,
#3414,#3415,#3416));
#503=EDGE_LOOP('',(#3417,#3418,#3419,#3420,#3421,#3422,#3423,#3424));
#504=EDGE_LOOP('',(#3425,#3426,#3427,#3428,#3429,#3430,#3431,#3432));
#505=EDGE_LOOP('',(#3433,#3434,#3435,#3436,#3437,#3438,#3439,#3440));
#506=EDGE_LOOP('',(#3441,#3442,#3443,#3444,#3445,#3446,#3447,#3448,#3449,
#3450,#3451,#3452,#3453,#3454,#3455,#3456));
#507=EDGE_LOOP('',(#3457,#3458,#3459,#3460,#3461,#3462,#3463,#3464));
#508=EDGE_LOOP('',(#3465,#3466,#3467,#3468));
#509=EDGE_LOOP('',(#3469,#3470,#3471,#3472,#3473,#3474,#3475,#3476,#3477,
#3478));
#510=EDGE_LOOP('',(#3479,#3480,#3481,#3482));
#511=EDGE_LOOP('',(#3483,#3484,#3485,#3486,#3487,#3488));
#512=EDGE_LOOP('',(#3489,#3490,#3491,#3492));
#513=EDGE_LOOP('',(#3493,#3494,#3495,#3496,#3497,#3498));
#514=EDGE_LOOP('',(#3499,#3500,#3501,#3502));
#515=EDGE_LOOP('',(#3503,#3504,#3505,#3506,#3507,#3508,#3509,#3510,#3511,
#3512,#3513,#3514,#3515,#3516,#3517,#3518,#3519,#3520,#3521,#3522,#3523,
#3524,#3525,#3526,#3527,#3528,#3529,#3530,#3531,#3532,#3533,#3534,#3535,
#3536,#3537,#3538,#3539,#3540,#3541,#3542,#3543,#3544,#3545,#3546,#3547,
#3548,#3549,#3550,#3551,#3552,#3553,#3554,#3555,#3556));
#516=EDGE_LOOP('',(#3557));
#517=EDGE_LOOP('',(#3558));
#518=EDGE_LOOP('',(#3559));
#519=EDGE_LOOP('',(#3560));
#520=EDGE_LOOP('',(#3561));
#521=EDGE_LOOP('',(#3562));
#522=EDGE_LOOP('',(#3563));
#523=EDGE_LOOP('',(#3564));
#524=EDGE_LOOP('',(#3565,#3566,#3567,#3568));
#525=EDGE_LOOP('',(#3569,#3570,#3571,#3572,#3573,#3574,#3575,#3576,#3577,
#3578,#3579,#3580,#3581,#3582,#3583,#3584,#3585,#3586,#3587,#3588,#3589,
#3590,#3591,#3592,#3593,#3594,#3595,#3596,#3597,#3598,#3599,#3600,#3601,
#3602,#3603,#3604,#3605,#3606,#3607,#3608));
#526=EDGE_LOOP('',(#3609,#3610,#3611,#3612,#3613,#3614,#3615,#3616));
#527=EDGE_LOOP('',(#3617,#3618,#3619,#3620));
#528=EDGE_LOOP('',(#3621));
#529=EDGE_LOOP('',(#3622));
#530=EDGE_LOOP('',(#3623));
#531=EDGE_LOOP('',(#3624));
#532=EDGE_LOOP('',(#3625));
#533=EDGE_LOOP('',(#3626));
#534=EDGE_LOOP('',(#3627));
#535=EDGE_LOOP('',(#3628));
#536=EDGE_LOOP('',(#3629,#3630,#3631,#3632,#3633,#3634,#3635,#3636,#3637,
#3638,#3639,#3640));
#537=EDGE_LOOP('',(#3641,#3642,#3643,#3644,#3645,#3646,#3647,#3648));
#538=EDGE_LOOP('',(#3649,#3650,#3651,#3652,#3653,#3654,#3655,#3656));
#539=EDGE_LOOP('',(#3657,#3658,#3659,#3660,#3661,#3662,#3663,#3664));
#540=EDGE_LOOP('',(#3665,#3666,#3667,#3668));
#541=EDGE_LOOP('',(#3669,#3670,#3671,#3672));
#542=EDGE_LOOP('',(#3673,#3674,#3675,#3676));
#543=EDGE_LOOP('',(#3677,#3678,#3679,#3680));
#544=EDGE_LOOP('',(#3681,#3682,#3683,#3684));
#545=EDGE_LOOP('',(#3685,#3686,#3687,#3688));
#546=EDGE_LOOP('',(#3689,#3690,#3691,#3692));
#547=EDGE_LOOP('',(#3693,#3694,#3695,#3696));
#548=EDGE_LOOP('',(#3697,#3698,#3699,#3700));
#549=EDGE_LOOP('',(#3701,#3702,#3703,#3704));
#550=EDGE_LOOP('',(#3705,#3706,#3707,#3708));
#551=EDGE_LOOP('',(#3709,#3710,#3711,#3712));
#552=EDGE_LOOP('',(#3713,#3714,#3715,#3716));
#553=EDGE_LOOP('',(#3717,#3718,#3719,#3720));
#554=EDGE_LOOP('',(#3721,#3722,#3723,#3724));
#555=EDGE_LOOP('',(#3725,#3726,#3727,#3728));
#556=EDGE_LOOP('',(#3729,#3730,#3731,#3732));
#557=EDGE_LOOP('',(#3733,#3734,#3735,#3736));
#558=EDGE_LOOP('',(#3737,#3738,#3739,#3740));
#559=EDGE_LOOP('',(#3741,#3742,#3743,#3744));
#560=EDGE_LOOP('',(#3745,#3746,#3747,#3748));
#561=EDGE_LOOP('',(#3749,#3750,#3751,#3752));
#562=EDGE_LOOP('',(#3753,#3754,#3755,#3756));
#563=EDGE_LOOP('',(#3757,#3758,#3759,#3760));
#564=EDGE_LOOP('',(#3761,#3762,#3763,#3764));
#565=EDGE_LOOP('',(#3765,#3766,#3767,#3768));
#566=EDGE_LOOP('',(#3769,#3770,#3771,#3772));
#567=EDGE_LOOP('',(#3773,#3774,#3775,#3776));
#568=EDGE_LOOP('',(#3777,#3778,#3779,#3780));
#569=EDGE_LOOP('',(#3781,#3782,#3783,#3784));
#570=EDGE_LOOP('',(#3785,#3786,#3787,#3788));
#571=EDGE_LOOP('',(#3789,#3790,#3791,#3792,#3793,#3794,#3795,#3796,#3797,
#3798,#3799,#3800,#3801,#3802));
#572=EDGE_LOOP('',(#3803,#3804,#3805,#3806,#3807,#3808,#3809,#3810,#3811,
#3812,#3813,#3814));
#573=EDGE_LOOP('',(#3815,#3816,#3817,#3818,#3819,#3820,#3821,#3822));
#574=EDGE_LOOP('',(#3823,#3824,#3825,#3826,#3827,#3828,#3829,#3830));
#575=EDGE_LOOP('',(#3831,#3832,#3833,#3834,#3835,#3836));
#576=EDGE_LOOP('',(#3837,#3838,#3839,#3840,#3841,#3842));
#577=EDGE_LOOP('',(#3843,#3844,#3845,#3846,#3847,#3848));
#578=EDGE_LOOP('',(#3849,#3850,#3851,#3852,#3853,#3854));
#579=EDGE_LOOP('',(#3855,#3856,#3857,#3858));
#580=EDGE_LOOP('',(#3859,#3860,#3861,#3862));
#581=EDGE_LOOP('',(#3863,#3864,#3865,#3866));
#582=EDGE_LOOP('',(#3867,#3868,#3869,#3870));
#583=EDGE_LOOP('',(#3871,#3872,#3873,#3874));
#584=EDGE_LOOP('',(#3875,#3876,#3877,#3878));
#585=EDGE_LOOP('',(#3879,#3880,#3881,#3882));
#586=EDGE_LOOP('',(#3883,#3884,#3885,#3886));
#587=EDGE_LOOP('',(#3887,#3888,#3889,#3890));
#588=EDGE_LOOP('',(#3891,#3892,#3893,#3894));
#589=EDGE_LOOP('',(#3895,#3896,#3897,#3898));
#590=EDGE_LOOP('',(#3899,#3900,#3901,#3902));
#591=EDGE_LOOP('',(#3903,#3904,#3905,#3906));
#592=EDGE_LOOP('',(#3907,#3908,#3909,#3910));
#593=EDGE_LOOP('',(#3911,#3912,#3913,#3914));
#594=EDGE_LOOP('',(#3915,#3916,#3917,#3918));
#595=EDGE_LOOP('',(#3919,#3920,#3921,#3922));
#596=EDGE_LOOP('',(#3923,#3924,#3925,#3926));
#597=EDGE_LOOP('',(#3927,#3928,#3929,#3930));
#598=EDGE_LOOP('',(#3931,#3932,#3933,#3934));
#599=EDGE_LOOP('',(#3935,#3936,#3937,#3938));
#600=EDGE_LOOP('',(#3939,#3940,#3941,#3942));
#601=EDGE_LOOP('',(#3943,#3944,#3945,#3946));
#602=EDGE_LOOP('',(#3947,#3948,#3949,#3950));
#603=EDGE_LOOP('',(#3951,#3952,#3953,#3954));
#604=EDGE_LOOP('',(#3955,#3956,#3957,#3958));
#605=EDGE_LOOP('',(#3959,#3960,#3961,#3962));
#606=EDGE_LOOP('',(#3963,#3964,#3965,#3966));
#607=EDGE_LOOP('',(#3967,#3968,#3969,#3970));
#608=EDGE_LOOP('',(#3971,#3972,#3973,#3974));
#609=EDGE_LOOP('',(#3975,#3976,#3977,#3978));
#610=EDGE_LOOP('',(#3979,#3980,#3981,#3982));
#611=EDGE_LOOP('',(#3983,#3984,#3985,#3986));
#612=EDGE_LOOP('',(#3987,#3988,#3989,#3990));
#613=EDGE_LOOP('',(#3991,#3992,#3993,#3994));
#614=EDGE_LOOP('',(#3995,#3996,#3997,#3998));
#615=EDGE_LOOP('',(#3999,#4000,#4001,#4002));
#616=EDGE_LOOP('',(#4003,#4004,#4005,#4006));
#617=EDGE_LOOP('',(#4007,#4008,#4009,#4010));
#618=EDGE_LOOP('',(#4011,#4012,#4013,#4014));
#619=EDGE_LOOP('',(#4015,#4016,#4017,#4018));
#620=EDGE_LOOP('',(#4019,#4020,#4021,#4022));
#621=CIRCLE('',#4399,0.999999999999988);
#622=CIRCLE('',#4400,0.999999999999996);
#623=CIRCLE('',#4401,1.00000000000002);
#624=CIRCLE('',#4402,1.00000000000001);
#625=CIRCLE('',#4403,0.999999999999988);
#626=CIRCLE('',#4404,1.00000000000005);
#627=CIRCLE('',#4405,2.49999999999993);
#628=CIRCLE('',#4406,1.00000000000004);
#629=CIRCLE('',#4407,1.00000000000005);
#630=CIRCLE('',#4408,1.00000000000005);
#631=CIRCLE('',#4409,1.00000000000004);
#632=CIRCLE('',#4410,1.00000000000005);
#633=CIRCLE('',#4411,1.00000000000004);
#634=CIRCLE('',#4412,2.50000000000004);
#635=CIRCLE('',#4413,0.999999999999988);
#636=CIRCLE('',#4414,1.00000000000001);
#637=CIRCLE('',#4415,0.999999999999979);
#638=CIRCLE('',#4416,6.99999999999999);
#639=CIRCLE('',#4417,7.);
#640=CIRCLE('',#4418,1.6);
#641=CIRCLE('',#4419,1.6);
#642=CIRCLE('',#4420,1.6);
#643=CIRCLE('',#4421,1.6);
#644=CIRCLE('',#4422,1.6);
#645=CIRCLE('',#4423,1.6);
#646=CIRCLE('',#4424,1.6);
#647=CIRCLE('',#4426,7.);
#648=CIRCLE('',#4429,6.99999999999999);
#649=CIRCLE('',#4433,0.999999999999979);
#650=CIRCLE('',#4437,1.00000000000001);
#651=CIRCLE('',#4440,0.999999999999988);
#652=CIRCLE('',#4443,2.50000000000004);
#653=CIRCLE('',#4446,1.00000000000004);
#654=CIRCLE('',#4449,1.00000000000005);
#655=CIRCLE('',#4453,1.00000000000004);
#656=CIRCLE('',#4456,1.00000000000005);
#657=CIRCLE('',#4460,1.00000000000005);
#658=CIRCLE('',#4463,1.00000000000004);
#659=CIRCLE('',#4467,2.49999999999993);
#660=CIRCLE('',#4470,1.00000000000005);
#661=CIRCLE('',#4473,0.999999999999988);
#662=CIRCLE('',#4477,1.00000000000001);
#663=CIRCLE('',#4480,1.00000000000002);
#664=CIRCLE('',#4484,0.999999999999996);
#665=CIRCLE('',#4487,0.999999999999988);
#666=CIRCLE('',#4499,1.6);
#667=CIRCLE('',#4501,1.6);
#668=CIRCLE('',#4503,1.6);
#669=CIRCLE('',#4505,1.6);
#670=CIRCLE('',#4507,1.6);
#671=CIRCLE('',#4509,1.6);
#672=CIRCLE('',#4512,1.);
#673=CIRCLE('',#4513,1.);
#674=CIRCLE('',#4516,1.);
#675=CIRCLE('',#4517,1.);
#676=CIRCLE('',#4519,1.);
#677=CIRCLE('',#4520,1.);
#678=CIRCLE('',#4523,1.);
#679=CIRCLE('',#4524,1.);
#680=CIRCLE('',#4526,1.);
#681=CIRCLE('',#4527,1.);
#682=CIRCLE('',#4530,1.);
#683=CIRCLE('',#4531,1.);
#684=CIRCLE('',#4533,1.);
#685=CIRCLE('',#4534,1.);
#686=CIRCLE('',#4537,1.);
#687=CIRCLE('',#4538,1.);
#688=CIRCLE('',#4541,1.);
#689=CIRCLE('',#4542,1.);
#690=CIRCLE('',#4545,1.);
#691=CIRCLE('',#4546,1.);
#692=CIRCLE('',#4548,1.);
#693=CIRCLE('',#4549,1.);
#694=CIRCLE('',#4551,1.);
#695=CIRCLE('',#4552,1.);
#696=CIRCLE('',#4555,1.);
#697=CIRCLE('',#4556,1.);
#698=CIRCLE('',#4559,1.);
#699=CIRCLE('',#4560,1.);
#700=CIRCLE('',#4563,1.);
#701=CIRCLE('',#4564,1.);
#702=CIRCLE('',#4567,1.);
#703=CIRCLE('',#4568,1.);
#704=CIRCLE('',#4571,1.);
#705=CIRCLE('',#4572,1.);
#706=CIRCLE('',#4575,1.);
#707=CIRCLE('',#4576,1.);
#708=CIRCLE('',#4579,1.);
#709=CIRCLE('',#4580,1.);
#710=CIRCLE('',#4583,1.);
#711=CIRCLE('',#4584,1.);
#712=CIRCLE('',#4586,1.5);
#713=CIRCLE('',#4587,2.5);
#714=CIRCLE('',#4590,1.5);
#715=CIRCLE('',#4591,2.5);
#716=CIRCLE('',#4594,1.5);
#717=CIRCLE('',#4595,2.5);
#718=CIRCLE('',#4598,1.5);
#719=CIRCLE('',#4599,2.5);
#720=CIRCLE('',#4603,1.5);
#721=CIRCLE('',#4606,1.5);
#722=CIRCLE('',#4611,1.5);
#723=CIRCLE('',#4614,1.5);
#724=CIRCLE('',#4620,1.6);
#725=CIRCLE('',#4637,6.99999999999999);
#726=CIRCLE('',#4638,7.);
#727=CIRCLE('',#4639,0.999999999999996);
#728=CIRCLE('',#4640,0.999999999999996);
#729=CIRCLE('',#4641,0.999999999999996);
#730=CIRCLE('',#4642,3.5);
#731=CIRCLE('',#4643,5.49999999999999);
#732=CIRCLE('',#4644,2.49999999999996);
#733=CIRCLE('',#4645,1.00000000000006);
#734=CIRCLE('',#4646,1.00000000000009);
#735=CIRCLE('',#4647,1.00000000000009);
#736=CIRCLE('',#4648,1.00000000000006);
#737=CIRCLE('',#4649,1.00000000000009);
#738=CIRCLE('',#4650,1.00000000000007);
#739=CIRCLE('',#4651,2.49999999999999);
#740=CIRCLE('',#4652,0.999999999999988);
#741=CIRCLE('',#4653,0.999999999999961);
#742=CIRCLE('',#4654,0.749999999999993);
#743=CIRCLE('',#4655,2.75000000000002);
#744=CIRCLE('',#4656,2.75000000000001);
#745=CIRCLE('',#4657,0.750000000000002);
#746=CIRCLE('',#4658,1.6);
#747=CIRCLE('',#4659,1.6);
#748=CIRCLE('',#4660,1.6);
#749=CIRCLE('',#4661,1.6);
#750=CIRCLE('',#4662,1.6);
#751=CIRCLE('',#4663,1.6);
#752=CIRCLE('',#4664,1.6);
#753=CIRCLE('',#4665,1.6);
#754=CIRCLE('',#4668,1.);
#755=CIRCLE('',#4669,1.00000000000009);
#756=CIRCLE('',#4670,1.00000000000006);
#757=CIRCLE('',#4671,2.49999999999996);
#758=CIRCLE('',#4672,5.49999999999999);
#759=CIRCLE('',#4673,3.5);
#760=CIRCLE('',#4674,1.);
#761=CIRCLE('',#4675,1.);
#762=CIRCLE('',#4676,1.);
#763=CIRCLE('',#4677,1.);
#764=CIRCLE('',#4678,0.999999999999996);
#765=CIRCLE('',#4679,0.999999999999996);
#766=CIRCLE('',#4680,1.);
#767=CIRCLE('',#4681,1.);
#768=CIRCLE('',#4682,1.);
#769=CIRCLE('',#4683,1.);
#770=CIRCLE('',#4684,0.999999999999996);
#771=CIRCLE('',#4685,1.);
#772=CIRCLE('',#4686,1.);
#773=CIRCLE('',#4687,1.);
#774=CIRCLE('',#4688,1.);
#775=CIRCLE('',#4691,1.6);
#776=CIRCLE('',#4693,1.6);
#777=CIRCLE('',#4695,1.6);
#778=CIRCLE('',#4697,1.6);
#779=CIRCLE('',#4699,1.6);
#780=CIRCLE('',#4701,1.6);
#781=CIRCLE('',#4703,1.6);
#782=CIRCLE('',#4705,1.6);
#783=CIRCLE('',#4707,2.49999999999999);
#784=CIRCLE('',#4708,1.);
#785=CIRCLE('',#4709,7.);
#786=CIRCLE('',#4710,6.99999999999999);
#787=CIRCLE('',#4711,1.);
#788=CIRCLE('',#4712,1.);
#789=CIRCLE('',#4713,1.);
#790=CIRCLE('',#4714,1.);
#791=CIRCLE('',#4715,1.);
#792=CIRCLE('',#4716,1.);
#793=CIRCLE('',#4717,1.);
#794=CIRCLE('',#4718,1.);
#795=CIRCLE('',#4719,1.);
#796=CIRCLE('',#4720,1.);
#797=CIRCLE('',#4721,1.);
#798=CIRCLE('',#4722,1.);
#799=CIRCLE('',#4759,1.00000000000006);
#800=CIRCLE('',#4760,1.00000000000009);
#801=CIRCLE('',#4762,1.00000000000007);
#802=CIRCLE('',#4763,1.00000000000009);
#803=CIRCLE('',#4765,0.749999999999993);
#804=CIRCLE('',#4766,0.750000000000002);
#805=CIRCLE('',#4767,2.75000000000001);
#806=CIRCLE('',#4768,2.75000000000002);
#807=CIRCLE('',#4770,0.999999999999988);
#808=CIRCLE('',#4771,0.999999999999961);
#809=LINE('',#6098,#1255);
#810=LINE('',#6100,#1256);
#811=LINE('',#6102,#1257);
#812=LINE('',#6106,#1258);
#813=LINE('',#6110,#1259);
#814=LINE('',#6112,#1260);
#815=LINE('',#6114,#1261);
#816=LINE('',#6118,#1262);
#817=LINE('',#6122,#1263);
#818=LINE('',#6124,#1264);
#819=LINE('',#6126,#1265);
#820=LINE('',#6130,#1266);
#821=LINE('',#6134,#1267);
#822=LINE('',#6136,#1268);
#823=LINE('',#6140,#1269);
#824=LINE('',#6142,#1270);
#825=LINE('',#6146,#1271);
#826=LINE('',#6150,#1272);
#827=LINE('',#6152,#1273);
#828=LINE('',#6154,#1274);
#829=LINE('',#6158,#1275);
#830=LINE('',#6162,#1276);
#831=LINE('',#6164,#1277);
#832=LINE('',#6166,#1278);
#833=LINE('',#6170,#1279);
#834=LINE('',#6174,#1280);
#835=LINE('',#6176,#1281);
#836=LINE('',#6180,#1282);
#837=LINE('',#6182,#1283);
#838=LINE('',#6186,#1284);
#839=LINE('',#6190,#1285);
#840=LINE('',#6192,#1286);
#841=LINE('',#6194,#1287);
#842=LINE('',#6198,#1288);
#843=LINE('',#6200,#1289);
#844=LINE('',#6202,#1290);
#845=LINE('',#6206,#1291);
#846=LINE('',#6209,#1292);
#847=LINE('',#6226,#1293);
#848=LINE('',#6229,#1294);
#849=LINE('',#6232,#1295);
#850=LINE('',#6233,#1296);
#851=LINE('',#6236,#1297);
#852=LINE('',#6240,#1298);
#853=LINE('',#6241,#1299);
#854=LINE('',#6244,#1300);
#855=LINE('',#6246,#1301);
#856=LINE('',#6247,#1302);
#857=LINE('',#6250,#1303);
#858=LINE('',#6254,#1304);
#859=LINE('',#6255,#1305);
#860=LINE('',#6258,#1306);
#861=LINE('',#6260,#1307);
#862=LINE('',#6261,#1308);
#863=LINE('',#6264,#1309);
#864=LINE('',#6268,#1310);
#865=LINE('',#6269,#1311);
#866=LINE('',#6272,#1312);
#867=LINE('',#6276,#1313);
#868=LINE('',#6277,#1314);
#869=LINE('',#6280,#1315);
#870=LINE('',#6283,#1316);
#871=LINE('',#6286,#1317);
#872=LINE('',#6288,#1318);
#873=LINE('',#6289,#1319);
#874=LINE('',#6292,#1320);
#875=LINE('',#6296,#1321);
#876=LINE('',#6297,#1322);
#877=LINE('',#6300,#1323);
#878=LINE('',#6304,#1324);
#879=LINE('',#6305,#1325);
#880=LINE('',#6308,#1326);
#881=LINE('',#6310,#1327);
#882=LINE('',#6311,#1328);
#883=LINE('',#6314,#1329);
#884=LINE('',#6318,#1330);
#885=LINE('',#6319,#1331);
#886=LINE('',#6322,#1332);
#887=LINE('',#6326,#1333);
#888=LINE('',#6327,#1334);
#889=LINE('',#6330,#1335);
#890=LINE('',#6332,#1336);
#891=LINE('',#6333,#1337);
#892=LINE('',#6336,#1338);
#893=LINE('',#6340,#1339);
#894=LINE('',#6341,#1340);
#895=LINE('',#6344,#1341);
#896=LINE('',#6348,#1342);
#897=LINE('',#6349,#1343);
#898=LINE('',#6353,#1344);
#899=LINE('',#6354,#1345);
#900=LINE('',#6356,#1346);
#901=LINE('',#6357,#1347);
#902=LINE('',#6360,#1348);
#903=LINE('',#6364,#1349);
#904=LINE('',#6366,#1350);
#905=LINE('',#6367,#1351);
#906=LINE('',#6370,#1352);
#907=LINE('',#6374,#1353);
#908=LINE('',#6375,#1354);
#909=LINE('',#6378,#1355);
#910=LINE('',#6382,#1356);
#911=LINE('',#6383,#1357);
#912=LINE('',#6386,#1358);
#913=LINE('',#6388,#1359);
#914=LINE('',#6389,#1360);
#915=LINE('',#6392,#1361);
#916=LINE('',#6396,#1362);
#917=LINE('',#6397,#1363);
#918=LINE('',#6400,#1364);
#919=LINE('',#6404,#1365);
#920=LINE('',#6405,#1366);
#921=LINE('',#6408,#1367);
#922=LINE('',#6410,#1368);
#923=LINE('',#6411,#1369);
#924=LINE('',#6414,#1370);
#925=LINE('',#6418,#1371);
#926=LINE('',#6419,#1372);
#927=LINE('',#6422,#1373);
#928=LINE('',#6426,#1374);
#929=LINE('',#6427,#1375);
#930=LINE('',#6429,#1376);
#931=LINE('',#6431,#1377);
#932=LINE('',#6435,#1378);
#933=LINE('',#6437,#1379);
#934=LINE('',#6439,#1380);
#935=LINE('',#6440,#1381);
#936=LINE('',#6441,#1382);
#937=LINE('',#6445,#1383);
#938=LINE('',#6446,#1384);
#939=LINE('',#6447,#1385);
#940=LINE('',#6449,#1386);
#941=LINE('',#6453,#1387);
#942=LINE('',#6454,#1388);
#943=LINE('',#6455,#1389);
#944=LINE('',#6459,#1390);
#945=LINE('',#6460,#1391);
#946=LINE('',#6462,#1392);
#947=LINE('',#6464,#1393);
#948=LINE('',#6465,#1394);
#949=LINE('',#6469,#1395);
#950=LINE('',#6470,#1396);
#951=LINE('',#6471,#1397);
#952=LINE('',#6475,#1398);
#953=LINE('',#6477,#1399);
#954=LINE('',#6479,#1400);
#955=LINE('',#6480,#1401);
#956=LINE('',#6483,#1402);
#957=LINE('',#6487,#1403);
#958=LINE('',#6491,#1404);
#959=LINE('',#6495,#1405);
#960=LINE('',#6499,#1406);
#961=LINE('',#6503,#1407);
#962=LINE('',#6508,#1408);
#963=LINE('',#6510,#1409);
#964=LINE('',#6512,#1410);
#965=LINE('',#6513,#1411);
#966=LINE('',#6520,#1412);
#967=LINE('',#6522,#1413);
#968=LINE('',#6524,#1414);
#969=LINE('',#6525,#1415);
#970=LINE('',#6533,#1416);
#971=LINE('',#6538,#1417);
#972=LINE('',#6539,#1418);
#973=LINE('',#6540,#1419);
#974=LINE('',#6549,#1420);
#975=LINE('',#6552,#1421);
#976=LINE('',#6556,#1422);
#977=LINE('',#6557,#1423);
#978=LINE('',#6558,#1424);
#979=LINE('',#6567,#1425);
#980=LINE('',#6570,#1426);
#981=LINE('',#6574,#1427);
#982=LINE('',#6575,#1428);
#983=LINE('',#6576,#1429);
#984=LINE('',#6583,#1430);
#985=LINE('',#6585,#1431);
#986=LINE('',#6587,#1432);
#987=LINE('',#6588,#1433);
#988=LINE('',#6595,#1434);
#989=LINE('',#6596,#1435);
#990=LINE('',#6597,#1436);
#991=LINE('',#6605,#1437);
#992=LINE('',#6611,#1438);
#993=LINE('',#6616,#1439);
#994=LINE('',#6618,#1440);
#995=LINE('',#6620,#1441);
#996=LINE('',#6621,#1442);
#997=LINE('',#6627,#1443);
#998=LINE('',#6631,#1444);
#999=LINE('',#6632,#1445);
#1000=LINE('',#6633,#1446);
#1001=LINE('',#6640,#1447);
#1002=LINE('',#6642,#1448);
#1003=LINE('',#6644,#1449);
#1004=LINE('',#6645,#1450);
#1005=LINE('',#6652,#1451);
#1006=LINE('',#6653,#1452);
#1007=LINE('',#6654,#1453);
#1008=LINE('',#6661,#1454);
#1009=LINE('',#6662,#1455);
#1010=LINE('',#6663,#1456);
#1011=LINE('',#6670,#1457);
#1012=LINE('',#6672,#1458);
#1013=LINE('',#6674,#1459);
#1014=LINE('',#6675,#1460);
#1015=LINE('',#6681,#1461);
#1016=LINE('',#6685,#1462);
#1017=LINE('',#6686,#1463);
#1018=LINE('',#6687,#1464);
#1019=LINE('',#6693,#1465);
#1020=LINE('',#6697,#1466);
#1021=LINE('',#6698,#1467);
#1022=LINE('',#6699,#1468);
#1023=LINE('',#6706,#1469);
#1024=LINE('',#6710,#1470);
#1025=LINE('',#6714,#1471);
#1026=LINE('',#6716,#1472);
#1027=LINE('',#6717,#1473);
#1028=LINE('',#6721,#1474);
#1029=LINE('',#6726,#1475);
#1030=LINE('',#6728,#1476);
#1031=LINE('',#6729,#1477);
#1032=LINE('',#6733,#1478);
#1033=LINE('',#6738,#1479);
#1034=LINE('',#6740,#1480);
#1035=LINE('',#6741,#1481);
#1036=LINE('',#6745,#1482);
#1037=LINE('',#6749,#1483);
#1038=LINE('',#6750,#1484);
#1039=LINE('',#6753,#1485);
#1040=LINE('',#6755,#1486);
#1041=LINE('',#6756,#1487);
#1042=LINE('',#6759,#1488);
#1043=LINE('',#6763,#1489);
#1044=LINE('',#6764,#1490);
#1045=LINE('',#6767,#1491);
#1046=LINE('',#6772,#1492);
#1047=LINE('',#6774,#1493);
#1048=LINE('',#6776,#1494);
#1049=LINE('',#6777,#1495);
#1050=LINE('',#6780,#1496);
#1051=LINE('',#6782,#1497);
#1052=LINE('',#6783,#1498);
#1053=LINE('',#6786,#1499);
#1054=LINE('',#6787,#1500);
#1055=LINE('',#6790,#1501);
#1056=LINE('',#6794,#1502);
#1057=LINE('',#6795,#1503);
#1058=LINE('',#6800,#1504);
#1059=LINE('',#6802,#1505);
#1060=LINE('',#6803,#1506);
#1061=LINE('',#6805,#1507);
#1062=LINE('',#6806,#1508);
#1063=LINE('',#6809,#1509);
#1064=LINE('',#6810,#1510);
#1065=LINE('',#6813,#1511);
#1066=LINE('',#6824,#1512);
#1067=LINE('',#6826,#1513);
#1068=LINE('',#6827,#1514);
#1069=LINE('',#6828,#1515);
#1070=LINE('',#6830,#1516);
#1071=LINE('',#6832,#1517);
#1072=LINE('',#6838,#1518);
#1073=LINE('',#6840,#1519);
#1074=LINE('',#6842,#1520);
#1075=LINE('',#6843,#1521);
#1076=LINE('',#6847,#1522);
#1077=LINE('',#6849,#1523);
#1078=LINE('',#6851,#1524);
#1079=LINE('',#6853,#1525);
#1080=LINE('',#6855,#1526);
#1081=LINE('',#6856,#1527);
#1082=LINE('',#6859,#1528);
#1083=LINE('',#6861,#1529);
#1084=LINE('',#6862,#1530);
#1085=LINE('',#6867,#1531);
#1086=LINE('',#6870,#1532);
#1087=LINE('',#6872,#1533);
#1088=LINE('',#6876,#1534);
#1089=LINE('',#6878,#1535);
#1090=LINE('',#6880,#1536);
#1091=LINE('',#6884,#1537);
#1092=LINE('',#6888,#1538);
#1093=LINE('',#6890,#1539);
#1094=LINE('',#6896,#1540);
#1095=LINE('',#6900,#1541);
#1096=LINE('',#6902,#1542);
#1097=LINE('',#6906,#1543);
#1098=LINE('',#6910,#1544);
#1099=LINE('',#6912,#1545);
#1100=LINE('',#6914,#1546);
#1101=LINE('',#6918,#1547);
#1102=LINE('',#6922,#1548);
#1103=LINE('',#6924,#1549);
#1104=LINE('',#6926,#1550);
#1105=LINE('',#6930,#1551);
#1106=LINE('',#6934,#1552);
#1107=LINE('',#6936,#1553);
#1108=LINE('',#6940,#1554);
#1109=LINE('',#6942,#1555);
#1110=LINE('',#6946,#1556);
#1111=LINE('',#6950,#1557);
#1112=LINE('',#6952,#1558);
#1113=LINE('',#6958,#1559);
#1114=LINE('',#6963,#1560);
#1115=LINE('',#6982,#1561);
#1116=LINE('',#6983,#1562);
#1117=LINE('',#6986,#1563);
#1118=LINE('',#6990,#1564);
#1119=LINE('',#6992,#1565);
#1120=LINE('',#6996,#1566);
#1121=LINE('',#7000,#1567);
#1122=LINE('',#7002,#1568);
#1123=LINE('',#7006,#1569);
#1124=LINE('',#7012,#1570);
#1125=LINE('',#7016,#1571);
#1126=LINE('',#7020,#1572);
#1127=LINE('',#7024,#1573);
#1128=LINE('',#7028,#1574);
#1129=LINE('',#7030,#1575);
#1130=LINE('',#7034,#1576);
#1131=LINE('',#7038,#1577);
#1132=LINE('',#7040,#1578);
#1133=LINE('',#7044,#1579);
#1134=LINE('',#7048,#1580);
#1135=LINE('',#7052,#1581);
#1136=LINE('',#7056,#1582);
#1137=LINE('',#7058,#1583);
#1138=LINE('',#7062,#1584);
#1139=LINE('',#7066,#1585);
#1140=LINE('',#7070,#1586);
#1141=LINE('',#7074,#1587);
#1142=LINE('',#7078,#1588);
#1143=LINE('',#7079,#1589);
#1144=LINE('',#7106,#1590);
#1145=LINE('',#7110,#1591);
#1146=LINE('',#7113,#1592);
#1147=LINE('',#7117,#1593);
#1148=LINE('',#7121,#1594);
#1149=LINE('',#7125,#1595);
#1150=LINE('',#7129,#1596);
#1151=LINE('',#7133,#1597);
#1152=LINE('',#7139,#1598);
#1153=LINE('',#7143,#1599);
#1154=LINE('',#7147,#1600);
#1155=LINE('',#7150,#1601);
#1156=LINE('',#7153,#1602);
#1157=LINE('',#7157,#1603);
#1158=LINE('',#7161,#1604);
#1159=LINE('',#7165,#1605);
#1160=LINE('',#7168,#1606);
#1161=LINE('',#7169,#1607);
#1162=LINE('',#7171,#1608);
#1163=LINE('',#7173,#1609);
#1164=LINE('',#7175,#1610);
#1165=LINE('',#7176,#1611);
#1166=LINE('',#7178,#1612);
#1167=LINE('',#7180,#1613);
#1168=LINE('',#7182,#1614);
#1169=LINE('',#7183,#1615);
#1170=LINE('',#7186,#1616);
#1171=LINE('',#7187,#1617);
#1172=LINE('',#7190,#1618);
#1173=LINE('',#7191,#1619);
#1174=LINE('',#7193,#1620);
#1175=LINE('',#7195,#1621);
#1176=LINE('',#7197,#1622);
#1177=LINE('',#7198,#1623);
#1178=LINE('',#7201,#1624);
#1179=LINE('',#7202,#1625);
#1180=LINE('',#7205,#1626);
#1181=LINE('',#7207,#1627);
#1182=LINE('',#7208,#1628);
#1183=LINE('',#7211,#1629);
#1184=LINE('',#7212,#1630);
#1185=LINE('',#7215,#1631);
#1186=LINE('',#7217,#1632);
#1187=LINE('',#7219,#1633);
#1188=LINE('',#7221,#1634);
#1189=LINE('',#7223,#1635);
#1190=LINE('',#7225,#1636);
#1191=LINE('',#7227,#1637);
#1192=LINE('',#7229,#1638);
#1193=LINE('',#7232,#1639);
#1194=LINE('',#7234,#1640);
#1195=LINE('',#7236,#1641);
#1196=LINE('',#7237,#1642);
#1197=LINE('',#7239,#1643);
#1198=LINE('',#7241,#1644);
#1199=LINE('',#7242,#1645);
#1200=LINE('',#7243,#1646);
#1201=LINE('',#7246,#1647);
#1202=LINE('',#7248,#1648);
#1203=LINE('',#7249,#1649);
#1204=LINE('',#7251,#1650);
#1205=LINE('',#7253,#1651);
#1206=LINE('',#7254,#1652);
#1207=LINE('',#7255,#1653);
#1208=LINE('',#7257,#1654);
#1209=LINE('',#7258,#1655);
#1210=LINE('',#7260,#1656);
#1211=LINE('',#7261,#1657);
#1212=LINE('',#7264,#1658);
#1213=LINE('',#7268,#1659);
#1214=LINE('',#7271,#1660);
#1215=LINE('',#7274,#1661);
#1216=LINE('',#7276,#1662);
#1217=LINE('',#7280,#1663);
#1218=LINE('',#7290,#1664);
#1219=LINE('',#7296,#1665);
#1220=LINE('',#7298,#1666);
#1221=LINE('',#7301,#1667);
#1222=LINE('',#7303,#1668);
#1223=LINE('',#7306,#1669);
#1224=LINE('',#7308,#1670);
#1225=LINE('',#7310,#1671);
#1226=LINE('',#7312,#1672);
#1227=LINE('',#7315,#1673);
#1228=LINE('',#7317,#1674);
#1229=LINE('',#7319,#1675);
#1230=LINE('',#7321,#1676);
#1231=LINE('',#7323,#1677);
#1232=LINE('',#7325,#1678);
#1233=LINE('',#7327,#1679);
#1234=LINE('',#7329,#1680);
#1235=LINE('',#7331,#1681);
#1236=LINE('',#7334,#1682);
#1237=LINE('',#7336,#1683);
#1238=LINE('',#7338,#1684);
#1239=LINE('',#7340,#1685);
#1240=LINE('',#7343,#1686);
#1241=LINE('',#7345,#1687);
#1242=LINE('',#7347,#1688);
#1243=LINE('',#7349,#1689);
#1244=LINE('',#7353,#1690);
#1245=LINE('',#7355,#1691);
#1246=LINE('',#7357,#1692);
#1247=LINE('',#7359,#1693);
#1248=LINE('',#7362,#1694);
#1249=LINE('',#7364,#1695);
#1250=LINE('',#7366,#1696);
#1251=LINE('',#7368,#1697);
#1252=LINE('',#7371,#1698);
#1253=LINE('',#7373,#1699);
#1254=LINE('',#7375,#1700);
#1255=VECTOR('',#4818,10.);
#1256=VECTOR('',#4819,10.);
#1257=VECTOR('',#4820,10.);
#1258=VECTOR('',#4823,10.);
#1259=VECTOR('',#4826,10.);
#1260=VECTOR('',#4827,10.);
#1261=VECTOR('',#4828,10.);
#1262=VECTOR('',#4831,10.);
#1263=VECTOR('',#4834,10.);
#1264=VECTOR('',#4835,10.);
#1265=VECTOR('',#4836,10.);
#1266=VECTOR('',#4839,10.);
#1267=VECTOR('',#4842,10.);
#1268=VECTOR('',#4843,10.);
#1269=VECTOR('',#4846,10.);
#1270=VECTOR('',#4847,10.);
#1271=VECTOR('',#4850,10.);
#1272=VECTOR('',#4853,10.);
#1273=VECTOR('',#4854,10.);
#1274=VECTOR('',#4855,10.);
#1275=VECTOR('',#4858,10.);
#1276=VECTOR('',#4861,10.);
#1277=VECTOR('',#4862,10.);
#1278=VECTOR('',#4863,10.);
#1279=VECTOR('',#4866,10.);
#1280=VECTOR('',#4869,10.);
#1281=VECTOR('',#4870,10.);
#1282=VECTOR('',#4873,10.);
#1283=VECTOR('',#4874,10.);
#1284=VECTOR('',#4877,10.);
#1285=VECTOR('',#4880,10.);
#1286=VECTOR('',#4881,10.);
#1287=VECTOR('',#4882,10.);
#1288=VECTOR('',#4885,10.);
#1289=VECTOR('',#4886,10.);
#1290=VECTOR('',#4887,10.);
#1291=VECTOR('',#4890,10.);
#1292=VECTOR('',#4893,10.);
#1293=VECTOR('',#4910,10.);
#1294=VECTOR('',#4913,10.);
#1295=VECTOR('',#4916,10.);
#1296=VECTOR('',#4917,10.);
#1297=VECTOR('',#4920,10.);
#1298=VECTOR('',#4925,10.);
#1299=VECTOR('',#4926,10.);
#1300=VECTOR('',#4929,10.);
#1301=VECTOR('',#4930,10.);
#1302=VECTOR('',#4931,10.);
#1303=VECTOR('',#4934,10.);
#1304=VECTOR('',#4939,10.);
#1305=VECTOR('',#4940,10.);
#1306=VECTOR('',#4943,10.);
#1307=VECTOR('',#4944,10.);
#1308=VECTOR('',#4945,10.);
#1309=VECTOR('',#4948,10.);
#1310=VECTOR('',#4953,10.);
#1311=VECTOR('',#4954,10.);
#1312=VECTOR('',#4957,10.);
#1313=VECTOR('',#4962,10.);
#1314=VECTOR('',#4963,10.);
#1315=VECTOR('',#4966,10.);
#1316=VECTOR('',#4969,10.);
#1317=VECTOR('',#4972,10.);
#1318=VECTOR('',#4973,10.);
#1319=VECTOR('',#4974,10.);
#1320=VECTOR('',#4977,10.);
#1321=VECTOR('',#4982,10.);
#1322=VECTOR('',#4983,10.);
#1323=VECTOR('',#4986,10.);
#1324=VECTOR('',#4991,10.);
#1325=VECTOR('',#4992,10.);
#1326=VECTOR('',#4995,10.);
#1327=VECTOR('',#4996,10.);
#1328=VECTOR('',#4997,10.);
#1329=VECTOR('',#5000,10.);
#1330=VECTOR('',#5005,10.);
#1331=VECTOR('',#5006,10.);
#1332=VECTOR('',#5009,10.);
#1333=VECTOR('',#5014,10.);
#1334=VECTOR('',#5015,10.);
#1335=VECTOR('',#5018,10.);
#1336=VECTOR('',#5019,10.);
#1337=VECTOR('',#5020,10.);
#1338=VECTOR('',#5023,10.);
#1339=VECTOR('',#5028,10.);
#1340=VECTOR('',#5029,10.);
#1341=VECTOR('',#5032,10.);
#1342=VECTOR('',#5037,10.);
#1343=VECTOR('',#5038,10.);
#1344=VECTOR('',#5041,10.);
#1345=VECTOR('',#5042,10.);
#1346=VECTOR('',#5043,10.);
#1347=VECTOR('',#5044,10.);
#1348=VECTOR('',#5047,10.);
#1349=VECTOR('',#5052,10.);
#1350=VECTOR('',#5053,10.);
#1351=VECTOR('',#5054,10.);
#1352=VECTOR('',#5057,10.);
#1353=VECTOR('',#5062,10.);
#1354=VECTOR('',#5063,10.);
#1355=VECTOR('',#5066,10.);
#1356=VECTOR('',#5071,10.);
#1357=VECTOR('',#5072,10.);
#1358=VECTOR('',#5075,10.);
#1359=VECTOR('',#5076,10.);
#1360=VECTOR('',#5077,10.);
#1361=VECTOR('',#5080,10.);
#1362=VECTOR('',#5085,10.);
#1363=VECTOR('',#5086,10.);
#1364=VECTOR('',#5089,10.);
#1365=VECTOR('',#5094,10.);
#1366=VECTOR('',#5095,10.);
#1367=VECTOR('',#5098,10.);
#1368=VECTOR('',#5099,10.);
#1369=VECTOR('',#5100,10.);
#1370=VECTOR('',#5103,10.);
#1371=VECTOR('',#5108,10.);
#1372=VECTOR('',#5109,10.);
#1373=VECTOR('',#5112,10.);
#1374=VECTOR('',#5117,10.);
#1375=VECTOR('',#5118,10.);
#1376=VECTOR('',#5121,10.);
#1377=VECTOR('',#5124,10.);
#1378=VECTOR('',#5127,10.);
#1379=VECTOR('',#5128,10.);
#1380=VECTOR('',#5129,10.);
#1381=VECTOR('',#5130,10.);
#1382=VECTOR('',#5131,10.);
#1383=VECTOR('',#5134,10.);
#1384=VECTOR('',#5135,10.);
#1385=VECTOR('',#5136,10.);
#1386=VECTOR('',#5139,10.);
#1387=VECTOR('',#5142,10.);
#1388=VECTOR('',#5143,10.);
#1389=VECTOR('',#5144,10.);
#1390=VECTOR('',#5147,10.);
#1391=VECTOR('',#5148,10.);
#1392=VECTOR('',#5149,10.);
#1393=VECTOR('',#5150,10.);
#1394=VECTOR('',#5151,10.);
#1395=VECTOR('',#5154,10.);
#1396=VECTOR('',#5155,10.);
#1397=VECTOR('',#5156,10.);
#1398=VECTOR('',#5159,10.);
#1399=VECTOR('',#5160,10.);
#1400=VECTOR('',#5161,10.);
#1401=VECTOR('',#5162,10.);
#1402=VECTOR('',#5165,1.6);
#1403=VECTOR('',#5170,1.6);
#1404=VECTOR('',#5175,1.6);
#1405=VECTOR('',#5180,1.6);
#1406=VECTOR('',#5185,1.6);
#1407=VECTOR('',#5190,1.6);
#1408=VECTOR('',#5195,10.);
#1409=VECTOR('',#5196,10.);
#1410=VECTOR('',#5197,10.);
#1411=VECTOR('',#5198,10.);
#1412=VECTOR('',#5207,10.);
#1413=VECTOR('',#5208,10.);
#1414=VECTOR('',#5209,10.);
#1415=VECTOR('',#5210,10.);
#1416=VECTOR('',#5221,10.);
#1417=VECTOR('',#5226,10.);
#1418=VECTOR('',#5227,10.);
#1419=VECTOR('',#5228,10.);
#1420=VECTOR('',#5239,10.);
#1421=VECTOR('',#5242,10.);
#1422=VECTOR('',#5245,10.);
#1423=VECTOR('',#5246,10.);
#1424=VECTOR('',#5247,10.);
#1425=VECTOR('',#5258,10.);
#1426=VECTOR('',#5261,10.);
#1427=VECTOR('',#5264,10.);
#1428=VECTOR('',#5265,10.);
#1429=VECTOR('',#5266,10.);
#1430=VECTOR('',#5275,10.);
#1431=VECTOR('',#5276,10.);
#1432=VECTOR('',#5277,10.);
#1433=VECTOR('',#5278,10.);
#1434=VECTOR('',#5287,10.);
#1435=VECTOR('',#5288,10.);
#1436=VECTOR('',#5289,10.);
#1437=VECTOR('',#5300,10.);
#1438=VECTOR('',#5307,10.);
#1439=VECTOR('',#5312,10.);
#1440=VECTOR('',#5313,10.);
#1441=VECTOR('',#5314,10.);
#1442=VECTOR('',#5315,10.);
#1443=VECTOR('',#5322,10.);
#1444=VECTOR('',#5325,10.);
#1445=VECTOR('',#5326,10.);
#1446=VECTOR('',#5327,10.);
#1447=VECTOR('',#5336,10.);
#1448=VECTOR('',#5337,10.);
#1449=VECTOR('',#5338,10.);
#1450=VECTOR('',#5339,10.);
#1451=VECTOR('',#5348,10.);
#1452=VECTOR('',#5349,10.);
#1453=VECTOR('',#5350,10.);
#1454=VECTOR('',#5359,10.);
#1455=VECTOR('',#5360,10.);
#1456=VECTOR('',#5361,10.);
#1457=VECTOR('',#5370,10.);
#1458=VECTOR('',#5371,10.);
#1459=VECTOR('',#5372,10.);
#1460=VECTOR('',#5373,10.);
#1461=VECTOR('',#5380,10.);
#1462=VECTOR('',#5383,10.);
#1463=VECTOR('',#5384,10.);
#1464=VECTOR('',#5385,10.);
#1465=VECTOR('',#5392,10.);
#1466=VECTOR('',#5395,10.);
#1467=VECTOR('',#5396,10.);
#1468=VECTOR('',#5397,10.);
#1469=VECTOR('',#5406,10.);
#1470=VECTOR('',#5409,10.);
#1471=VECTOR('',#5414,10.);
#1472=VECTOR('',#5415,10.);
#1473=VECTOR('',#5416,10.);
#1474=VECTOR('',#5419,10.);
#1475=VECTOR('',#5426,10.);
#1476=VECTOR('',#5427,10.);
#1477=VECTOR('',#5428,10.);
#1478=VECTOR('',#5431,10.);
#1479=VECTOR('',#5438,10.);
#1480=VECTOR('',#5439,10.);
#1481=VECTOR('',#5440,10.);
#1482=VECTOR('',#5443,10.);
#1483=VECTOR('',#5450,10.);
#1484=VECTOR('',#5451,10.);
#1485=VECTOR('',#5454,10.);
#1486=VECTOR('',#5455,10.);
#1487=VECTOR('',#5456,10.);
#1488=VECTOR('',#5459,10.);
#1489=VECTOR('',#5464,10.);
#1490=VECTOR('',#5465,10.);
#1491=VECTOR('',#5468,10.);
#1492=VECTOR('',#5473,10.);
#1493=VECTOR('',#5474,10.);
#1494=VECTOR('',#5475,10.);
#1495=VECTOR('',#5476,10.);
#1496=VECTOR('',#5479,10.);
#1497=VECTOR('',#5480,10.);
#1498=VECTOR('',#5481,10.);
#1499=VECTOR('',#5484,10.);
#1500=VECTOR('',#5485,10.);
#1501=VECTOR('',#5488,10.);
#1502=VECTOR('',#5493,10.);
#1503=VECTOR('',#5494,10.);
#1504=VECTOR('',#5501,10.);
#1505=VECTOR('',#5502,10.);
#1506=VECTOR('',#5503,10.);
#1507=VECTOR('',#5506,10.);
#1508=VECTOR('',#5507,10.);
#1509=VECTOR('',#5512,10.);
#1510=VECTOR('',#5513,10.);
#1511=VECTOR('',#5516,1.6);
#1512=VECTOR('',#5535,10.);
#1513=VECTOR('',#5536,10.);
#1514=VECTOR('',#5537,10.);
#1515=VECTOR('',#5538,10.);
#1516=VECTOR('',#5541,10.);
#1517=VECTOR('',#5544,10.);
#1518=VECTOR('',#5551,10.);
#1519=VECTOR('',#5552,10.);
#1520=VECTOR('',#5553,10.);
#1521=VECTOR('',#5554,10.);
#1522=VECTOR('',#5557,10.);
#1523=VECTOR('',#5558,10.);
#1524=VECTOR('',#5559,10.);
#1525=VECTOR('',#5560,10.);
#1526=VECTOR('',#5561,10.);
#1527=VECTOR('',#5562,10.);
#1528=VECTOR('',#5565,10.);
#1529=VECTOR('',#5566,10.);
#1530=VECTOR('',#5567,10.);
#1531=VECTOR('',#5572,10.);
#1532=VECTOR('',#5575,10.);
#1533=VECTOR('',#5576,10.);
#1534=VECTOR('',#5579,10.);
#1535=VECTOR('',#5580,10.);
#1536=VECTOR('',#5581,10.);
#1537=VECTOR('',#5584,10.);
#1538=VECTOR('',#5587,10.);
#1539=VECTOR('',#5588,10.);
#1540=VECTOR('',#5593,10.);
#1541=VECTOR('',#5596,10.);
#1542=VECTOR('',#5597,10.);
#1543=VECTOR('',#5600,10.);
#1544=VECTOR('',#5603,10.);
#1545=VECTOR('',#5604,10.);
#1546=VECTOR('',#5605,10.);
#1547=VECTOR('',#5608,10.);
#1548=VECTOR('',#5611,10.);
#1549=VECTOR('',#5612,10.);
#1550=VECTOR('',#5613,10.);
#1551=VECTOR('',#5616,10.);
#1552=VECTOR('',#5619,10.);
#1553=VECTOR('',#5620,10.);
#1554=VECTOR('',#5623,10.);
#1555=VECTOR('',#5624,10.);
#1556=VECTOR('',#5627,10.);
#1557=VECTOR('',#5630,10.);
#1558=VECTOR('',#5631,10.);
#1559=VECTOR('',#5636,10.);
#1560=VECTOR('',#5641,10.);
#1561=VECTOR('',#5660,10.);
#1562=VECTOR('',#5661,10.);
#1563=VECTOR('',#5664,10.);
#1564=VECTOR('',#5667,10.);
#1565=VECTOR('',#5668,10.);
#1566=VECTOR('',#5671,10.);
#1567=VECTOR('',#5674,10.);
#1568=VECTOR('',#5675,10.);
#1569=VECTOR('',#5678,10.);
#1570=VECTOR('',#5683,10.);
#1571=VECTOR('',#5686,10.);
#1572=VECTOR('',#5689,10.);
#1573=VECTOR('',#5692,10.);
#1574=VECTOR('',#5695,10.);
#1575=VECTOR('',#5696,10.);
#1576=VECTOR('',#5699,10.);
#1577=VECTOR('',#5702,10.);
#1578=VECTOR('',#5703,10.);
#1579=VECTOR('',#5706,10.);
#1580=VECTOR('',#5709,10.);
#1581=VECTOR('',#5712,10.);
#1582=VECTOR('',#5715,10.);
#1583=VECTOR('',#5716,10.);
#1584=VECTOR('',#5719,10.);
#1585=VECTOR('',#5722,10.);
#1586=VECTOR('',#5725,10.);
#1587=VECTOR('',#5728,10.);
#1588=VECTOR('',#5733,10.);
#1589=VECTOR('',#5734,10.);
#1590=VECTOR('',#5769,10.);
#1591=VECTOR('',#5772,10.);
#1592=VECTOR('',#5775,10.);
#1593=VECTOR('',#5778,10.);
#1594=VECTOR('',#5781,10.);
#1595=VECTOR('',#5784,10.);
#1596=VECTOR('',#5787,10.);
#1597=VECTOR('',#5790,10.);
#1598=VECTOR('',#5795,10.);
#1599=VECTOR('',#5798,10.);
#1600=VECTOR('',#5801,10.);
#1601=VECTOR('',#5804,10.);
#1602=VECTOR('',#5805,10.);
#1603=VECTOR('',#5808,10.);
#1604=VECTOR('',#5811,10.);
#1605=VECTOR('',#5814,10.);
#1606=VECTOR('',#5819,10.);
#1607=VECTOR('',#5820,10.);
#1608=VECTOR('',#5823,10.);
#1609=VECTOR('',#5826,10.);
#1610=VECTOR('',#5829,10.);
#1611=VECTOR('',#5830,10.);
#1612=VECTOR('',#5833,10.);
#1613=VECTOR('',#5836,10.);
#1614=VECTOR('',#5839,10.);
#1615=VECTOR('',#5840,10.);
#1616=VECTOR('',#5845,10.);
#1617=VECTOR('',#5846,10.);
#1618=VECTOR('',#5851,10.);
#1619=VECTOR('',#5852,10.);
#1620=VECTOR('',#5855,10.);
#1621=VECTOR('',#5858,10.);
#1622=VECTOR('',#5861,10.);
#1623=VECTOR('',#5862,10.);
#1624=VECTOR('',#5867,10.);
#1625=VECTOR('',#5868,10.);
#1626=VECTOR('',#5873,10.);
#1627=VECTOR('',#5876,10.);
#1628=VECTOR('',#5877,10.);
#1629=VECTOR('',#5882,10.);
#1630=VECTOR('',#5883,10.);
#1631=VECTOR('',#5888,1.6);
#1632=VECTOR('',#5891,1.6);
#1633=VECTOR('',#5894,1.6);
#1634=VECTOR('',#5897,1.6);
#1635=VECTOR('',#5900,1.6);
#1636=VECTOR('',#5903,1.6);
#1637=VECTOR('',#5906,1.6);
#1638=VECTOR('',#5909,1.6);
#1639=VECTOR('',#5914,10.);
#1640=VECTOR('',#5915,10.);
#1641=VECTOR('',#5916,10.);
#1642=VECTOR('',#5917,10.);
#1643=VECTOR('',#5918,10.);
#1644=VECTOR('',#5919,10.);
#1645=VECTOR('',#5920,10.);
#1646=VECTOR('',#5921,10.);
#1647=VECTOR('',#5924,10.);
#1648=VECTOR('',#5925,10.);
#1649=VECTOR('',#5926,10.);
#1650=VECTOR('',#5927,10.);
#1651=VECTOR('',#5928,10.);
#1652=VECTOR('',#5929,10.);
#1653=VECTOR('',#5930,10.);
#1654=VECTOR('',#5933,10.);
#1655=VECTOR('',#5934,10.);
#1656=VECTOR('',#5937,10.);
#1657=VECTOR('',#5938,10.);
#1658=VECTOR('',#5941,10.);
#1659=VECTOR('',#5944,10.);
#1660=VECTOR('',#5947,10.);
#1661=VECTOR('',#5950,10.);
#1662=VECTOR('',#5951,10.);
#1663=VECTOR('',#5954,10.);
#1664=VECTOR('',#5965,10.);
#1665=VECTOR('',#5972,10.);
#1666=VECTOR('',#5973,10.);
#1667=VECTOR('',#5976,10.);
#1668=VECTOR('',#5979,10.);
#1669=VECTOR('',#5984,10.);
#1670=VECTOR('',#5987,10.);
#1671=VECTOR('',#5990,10.);
#1672=VECTOR('',#5993,10.);
#1673=VECTOR('',#5998,10.);
#1674=VECTOR('',#6001,10.);
#1675=VECTOR('',#6004,10.);
#1676=VECTOR('',#6007,10.);
#1677=VECTOR('',#6010,10.);
#1678=VECTOR('',#6013,10.);
#1679=VECTOR('',#6016,10.);
#1680=VECTOR('',#6019,10.);
#1681=VECTOR('',#6022,10.);
#1682=VECTOR('',#6027,10.);
#1683=VECTOR('',#6030,10.);
#1684=VECTOR('',#6033,10.);
#1685=VECTOR('',#6036,10.);
#1686=VECTOR('',#6041,10.);
#1687=VECTOR('',#6044,10.);
#1688=VECTOR('',#6047,10.);
#1689=VECTOR('',#6050,10.);
#1690=VECTOR('',#6057,10.);
#1691=VECTOR('',#6060,10.);
#1692=VECTOR('',#6063,10.);
#1693=VECTOR('',#6066,10.);
#1694=VECTOR('',#6071,10.);
#1695=VECTOR('',#6074,10.);
#1696=VECTOR('',#6077,10.);
#1697=VECTOR('',#6080,10.);
#1698=VECTOR('',#6085,10.);
#1699=VECTOR('',#6088,10.);
#1700=VECTOR('',#6091,10.);
#1701=VERTEX_POINT('',#6096);
#1702=VERTEX_POINT('',#6097);
#1703=VERTEX_POINT('',#6099);
#1704=VERTEX_POINT('',#6101);
#1705=VERTEX_POINT('',#6103);
#1706=VERTEX_POINT('',#6105);
#1707=VERTEX_POINT('',#6107);
#1708=VERTEX_POINT('',#6109);
#1709=VERTEX_POINT('',#6111);
#1710=VERTEX_POINT('',#6113);
#1711=VERTEX_POINT('',#6115);
#1712=VERTEX_POINT('',#6117);
#1713=VERTEX_POINT('',#6119);
#1714=VERTEX_POINT('',#6121);
#1715=VERTEX_POINT('',#6123);
#1716=VERTEX_POINT('',#6125);
#1717=VERTEX_POINT('',#6127);
#1718=VERTEX_POINT('',#6129);
#1719=VERTEX_POINT('',#6131);
#1720=VERTEX_POINT('',#6133);
#1721=VERTEX_POINT('',#6135);
#1722=VERTEX_POINT('',#6137);
#1723=VERTEX_POINT('',#6139);
#1724=VERTEX_POINT('',#6141);
#1725=VERTEX_POINT('',#6143);
#1726=VERTEX_POINT('',#6145);
#1727=VERTEX_POINT('',#6147);
#1728=VERTEX_POINT('',#6149);
#1729=VERTEX_POINT('',#6151);
#1730=VERTEX_POINT('',#6153);
#1731=VERTEX_POINT('',#6155);
#1732=VERTEX_POINT('',#6157);
#1733=VERTEX_POINT('',#6159);
#1734=VERTEX_POINT('',#6161);
#1735=VERTEX_POINT('',#6163);
#1736=VERTEX_POINT('',#6165);
#1737=VERTEX_POINT('',#6167);
#1738=VERTEX_POINT('',#6169);
#1739=VERTEX_POINT('',#6171);
#1740=VERTEX_POINT('',#6173);
#1741=VERTEX_POINT('',#6175);
#1742=VERTEX_POINT('',#6177);
#1743=VERTEX_POINT('',#6179);
#1744=VERTEX_POINT('',#6181);
#1745=VERTEX_POINT('',#6183);
#1746=VERTEX_POINT('',#6185);
#1747=VERTEX_POINT('',#6187);
#1748=VERTEX_POINT('',#6189);
#1749=VERTEX_POINT('',#6191);
#1750=VERTEX_POINT('',#6193);
#1751=VERTEX_POINT('',#6195);
#1752=VERTEX_POINT('',#6197);
#1753=VERTEX_POINT('',#6199);
#1754=VERTEX_POINT('',#6201);
#1755=VERTEX_POINT('',#6203);
#1756=VERTEX_POINT('',#6205);
#1757=VERTEX_POINT('',#6207);
#1758=VERTEX_POINT('',#6210);
#1759=VERTEX_POINT('',#6212);
#1760=VERTEX_POINT('',#6214);
#1761=VERTEX_POINT('',#6216);
#1762=VERTEX_POINT('',#6218);
#1763=VERTEX_POINT('',#6220);
#1764=VERTEX_POINT('',#6222);
#1765=VERTEX_POINT('',#6225);
#1766=VERTEX_POINT('',#6227);
#1767=VERTEX_POINT('',#6231);
#1768=VERTEX_POINT('',#6235);
#1769=VERTEX_POINT('',#6239);
#1770=VERTEX_POINT('',#6243);
#1771=VERTEX_POINT('',#6245);
#1772=VERTEX_POINT('',#6249);
#1773=VERTEX_POINT('',#6253);
#1774=VERTEX_POINT('',#6257);
#1775=VERTEX_POINT('',#6259);
#1776=VERTEX_POINT('',#6263);
#1777=VERTEX_POINT('',#6267);
#1778=VERTEX_POINT('',#6271);
#1779=VERTEX_POINT('',#6275);
#1780=VERTEX_POINT('',#6279);
#1781=VERTEX_POINT('',#6281);
#1782=VERTEX_POINT('',#6285);
#1783=VERTEX_POINT('',#6287);
#1784=VERTEX_POINT('',#6291);
#1785=VERTEX_POINT('',#6295);
#1786=VERTEX_POINT('',#6299);
#1787=VERTEX_POINT('',#6303);
#1788=VERTEX_POINT('',#6307);
#1789=VERTEX_POINT('',#6309);
#1790=VERTEX_POINT('',#6313);
#1791=VERTEX_POINT('',#6317);
#1792=VERTEX_POINT('',#6321);
#1793=VERTEX_POINT('',#6325);
#1794=VERTEX_POINT('',#6329);
#1795=VERTEX_POINT('',#6331);
#1796=VERTEX_POINT('',#6335);
#1797=VERTEX_POINT('',#6339);
#1798=VERTEX_POINT('',#6343);
#1799=VERTEX_POINT('',#6347);
#1800=VERTEX_POINT('',#6351);
#1801=VERTEX_POINT('',#6352);
#1802=VERTEX_POINT('',#6355);
#1803=VERTEX_POINT('',#6359);
#1804=VERTEX_POINT('',#6363);
#1805=VERTEX_POINT('',#6365);
#1806=VERTEX_POINT('',#6369);
#1807=VERTEX_POINT('',#6373);
#1808=VERTEX_POINT('',#6377);
#1809=VERTEX_POINT('',#6381);
#1810=VERTEX_POINT('',#6385);
#1811=VERTEX_POINT('',#6387);
#1812=VERTEX_POINT('',#6391);
#1813=VERTEX_POINT('',#6395);
#1814=VERTEX_POINT('',#6399);
#1815=VERTEX_POINT('',#6403);
#1816=VERTEX_POINT('',#6407);
#1817=VERTEX_POINT('',#6409);
#1818=VERTEX_POINT('',#6413);
#1819=VERTEX_POINT('',#6417);
#1820=VERTEX_POINT('',#6421);
#1821=VERTEX_POINT('',#6425);
#1822=VERTEX_POINT('',#6433);
#1823=VERTEX_POINT('',#6434);
#1824=VERTEX_POINT('',#6436);
#1825=VERTEX_POINT('',#6438);
#1826=VERTEX_POINT('',#6443);
#1827=VERTEX_POINT('',#6444);
#1828=VERTEX_POINT('',#6451);
#1829=VERTEX_POINT('',#6452);
#1830=VERTEX_POINT('',#6457);
#1831=VERTEX_POINT('',#6458);
#1832=VERTEX_POINT('',#6461);
#1833=VERTEX_POINT('',#6463);
#1834=VERTEX_POINT('',#6467);
#1835=VERTEX_POINT('',#6468);
#1836=VERTEX_POINT('',#6473);
#1837=VERTEX_POINT('',#6474);
#1838=VERTEX_POINT('',#6476);
#1839=VERTEX_POINT('',#6478);
#1840=VERTEX_POINT('',#6482);
#1841=VERTEX_POINT('',#6486);
#1842=VERTEX_POINT('',#6490);
#1843=VERTEX_POINT('',#6494);
#1844=VERTEX_POINT('',#6498);
#1845=VERTEX_POINT('',#6502);
#1846=VERTEX_POINT('',#6506);
#1847=VERTEX_POINT('',#6507);
#1848=VERTEX_POINT('',#6509);
#1849=VERTEX_POINT('',#6511);
#1850=VERTEX_POINT('',#6518);
#1851=VERTEX_POINT('',#6519);
#1852=VERTEX_POINT('',#6521);
#1853=VERTEX_POINT('',#6523);
#1854=VERTEX_POINT('',#6530);
#1855=VERTEX_POINT('',#6532);
#1856=VERTEX_POINT('',#6536);
#1857=VERTEX_POINT('',#6537);
#1858=VERTEX_POINT('',#6545);
#1859=VERTEX_POINT('',#6546);
#1860=VERTEX_POINT('',#6548);
#1861=VERTEX_POINT('',#6550);
#1862=VERTEX_POINT('',#6554);
#1863=VERTEX_POINT('',#6555);
#1864=VERTEX_POINT('',#6563);
#1865=VERTEX_POINT('',#6564);
#1866=VERTEX_POINT('',#6566);
#1867=VERTEX_POINT('',#6568);
#1868=VERTEX_POINT('',#6572);
#1869=VERTEX_POINT('',#6573);
#1870=VERTEX_POINT('',#6581);
#1871=VERTEX_POINT('',#6582);
#1872=VERTEX_POINT('',#6584);
#1873=VERTEX_POINT('',#6586);
#1874=VERTEX_POINT('',#6593);
#1875=VERTEX_POINT('',#6594);
#1876=VERTEX_POINT('',#6602);
#1877=VERTEX_POINT('',#6604);
#1878=VERTEX_POINT('',#6608);
#1879=VERTEX_POINT('',#6610);
#1880=VERTEX_POINT('',#6614);
#1881=VERTEX_POINT('',#6615);
#1882=VERTEX_POINT('',#6617);
#1883=VERTEX_POINT('',#6619);
#1884=VERTEX_POINT('',#6623);
#1885=VERTEX_POINT('',#6625);
#1886=VERTEX_POINT('',#6629);
#1887=VERTEX_POINT('',#6630);
#1888=VERTEX_POINT('',#6638);
#1889=VERTEX_POINT('',#6639);
#1890=VERTEX_POINT('',#6641);
#1891=VERTEX_POINT('',#6643);
#1892=VERTEX_POINT('',#6650);
#1893=VERTEX_POINT('',#6651);
#1894=VERTEX_POINT('',#6659);
#1895=VERTEX_POINT('',#6660);
#1896=VERTEX_POINT('',#6668);
#1897=VERTEX_POINT('',#6669);
#1898=VERTEX_POINT('',#6671);
#1899=VERTEX_POINT('',#6673);
#1900=VERTEX_POINT('',#6677);
#1901=VERTEX_POINT('',#6679);
#1902=VERTEX_POINT('',#6683);
#1903=VERTEX_POINT('',#6684);
#1904=VERTEX_POINT('',#6689);
#1905=VERTEX_POINT('',#6691);
#1906=VERTEX_POINT('',#6695);
#1907=VERTEX_POINT('',#6696);
#1908=VERTEX_POINT('',#6704);
#1909=VERTEX_POINT('',#6705);
#1910=VERTEX_POINT('',#6707);
#1911=VERTEX_POINT('',#6709);
#1912=VERTEX_POINT('',#6713);
#1913=VERTEX_POINT('',#6715);
#1914=VERTEX_POINT('',#6719);
#1915=VERTEX_POINT('',#6720);
#1916=VERTEX_POINT('',#6725);
#1917=VERTEX_POINT('',#6727);
#1918=VERTEX_POINT('',#6731);
#1919=VERTEX_POINT('',#6732);
#1920=VERTEX_POINT('',#6737);
#1921=VERTEX_POINT('',#6739);
#1922=VERTEX_POINT('',#6743);
#1923=VERTEX_POINT('',#6744);
#1924=VERTEX_POINT('',#6752);
#1925=VERTEX_POINT('',#6754);
#1926=VERTEX_POINT('',#6758);
#1927=VERTEX_POINT('',#6762);
#1928=VERTEX_POINT('',#6766);
#1929=VERTEX_POINT('',#6770);
#1930=VERTEX_POINT('',#6771);
#1931=VERTEX_POINT('',#6773);
#1932=VERTEX_POINT('',#6775);
#1933=VERTEX_POINT('',#6779);
#1934=VERTEX_POINT('',#6781);
#1935=VERTEX_POINT('',#6785);
#1936=VERTEX_POINT('',#6789);
#1937=VERTEX_POINT('',#6793);
#1938=VERTEX_POINT('',#6799);
#1939=VERTEX_POINT('',#6801);
#1940=VERTEX_POINT('',#6812);
#1941=VERTEX_POINT('',#6823);
#1942=VERTEX_POINT('',#6825);
#1943=VERTEX_POINT('',#6836);
#1944=VERTEX_POINT('',#6837);
#1945=VERTEX_POINT('',#6839);
#1946=VERTEX_POINT('',#6841);
#1947=VERTEX_POINT('',#6845);
#1948=VERTEX_POINT('',#6846);
#1949=VERTEX_POINT('',#6848);
#1950=VERTEX_POINT('',#6850);
#1951=VERTEX_POINT('',#6852);
#1952=VERTEX_POINT('',#6854);
#1953=VERTEX_POINT('',#6858);
#1954=VERTEX_POINT('',#6860);
#1955=VERTEX_POINT('',#6864);
#1956=VERTEX_POINT('',#6866);
#1957=VERTEX_POINT('',#6868);
#1958=VERTEX_POINT('',#6871);
#1959=VERTEX_POINT('',#6873);
#1960=VERTEX_POINT('',#6875);
#1961=VERTEX_POINT('',#6877);
#1962=VERTEX_POINT('',#6879);
#1963=VERTEX_POINT('',#6881);
#1964=VERTEX_POINT('',#6883);
#1965=VERTEX_POINT('',#6885);
#1966=VERTEX_POINT('',#6887);
#1967=VERTEX_POINT('',#6889);
#1968=VERTEX_POINT('',#6891);
#1969=VERTEX_POINT('',#6893);
#1970=VERTEX_POINT('',#6895);
#1971=VERTEX_POINT('',#6897);
#1972=VERTEX_POINT('',#6899);
#1973=VERTEX_POINT('',#6901);
#1974=VERTEX_POINT('',#6903);
#1975=VERTEX_POINT('',#6905);
#1976=VERTEX_POINT('',#6907);
#1977=VERTEX_POINT('',#6909);
#1978=VERTEX_POINT('',#6911);
#1979=VERTEX_POINT('',#6913);
#1980=VERTEX_POINT('',#6915);
#1981=VERTEX_POINT('',#6917);
#1982=VERTEX_POINT('',#6919);
#1983=VERTEX_POINT('',#6921);
#1984=VERTEX_POINT('',#6923);
#1985=VERTEX_POINT('',#6925);
#1986=VERTEX_POINT('',#6927);
#1987=VERTEX_POINT('',#6929);
#1988=VERTEX_POINT('',#6931);
#1989=VERTEX_POINT('',#6933);
#1990=VERTEX_POINT('',#6935);
#1991=VERTEX_POINT('',#6937);
#1992=VERTEX_POINT('',#6939);
#1993=VERTEX_POINT('',#6941);
#1994=VERTEX_POINT('',#6943);
#1995=VERTEX_POINT('',#6945);
#1996=VERTEX_POINT('',#6947);
#1997=VERTEX_POINT('',#6949);
#1998=VERTEX_POINT('',#6951);
#1999=VERTEX_POINT('',#6953);
#2000=VERTEX_POINT('',#6955);
#2001=VERTEX_POINT('',#6957);
#2002=VERTEX_POINT('',#6959);
#2003=VERTEX_POINT('',#6961);
#2004=VERTEX_POINT('',#6964);
#2005=VERTEX_POINT('',#6966);
#2006=VERTEX_POINT('',#6968);
#2007=VERTEX_POINT('',#6970);
#2008=VERTEX_POINT('',#6972);
#2009=VERTEX_POINT('',#6974);
#2010=VERTEX_POINT('',#6976);
#2011=VERTEX_POINT('',#6978);
#2012=VERTEX_POINT('',#6981);
#2013=VERTEX_POINT('',#6985);
#2014=VERTEX_POINT('',#6987);
#2015=VERTEX_POINT('',#6989);
#2016=VERTEX_POINT('',#6991);
#2017=VERTEX_POINT('',#6993);
#2018=VERTEX_POINT('',#6995);
#2019=VERTEX_POINT('',#6997);
#2020=VERTEX_POINT('',#6999);
#2021=VERTEX_POINT('',#7001);
#2022=VERTEX_POINT('',#7003);
#2023=VERTEX_POINT('',#7005);
#2024=VERTEX_POINT('',#7007);
#2025=VERTEX_POINT('',#7009);
#2026=VERTEX_POINT('',#7011);
#2027=VERTEX_POINT('',#7013);
#2028=VERTEX_POINT('',#7015);
#2029=VERTEX_POINT('',#7017);
#2030=VERTEX_POINT('',#7019);
#2031=VERTEX_POINT('',#7021);
#2032=VERTEX_POINT('',#7023);
#2033=VERTEX_POINT('',#7025);
#2034=VERTEX_POINT('',#7027);
#2035=VERTEX_POINT('',#7029);
#2036=VERTEX_POINT('',#7031);
#2037=VERTEX_POINT('',#7033);
#2038=VERTEX_POINT('',#7035);
#2039=VERTEX_POINT('',#7037);
#2040=VERTEX_POINT('',#7039);
#2041=VERTEX_POINT('',#7041);
#2042=VERTEX_POINT('',#7043);
#2043=VERTEX_POINT('',#7045);
#2044=VERTEX_POINT('',#7047);
#2045=VERTEX_POINT('',#7049);
#2046=VERTEX_POINT('',#7051);
#2047=VERTEX_POINT('',#7053);
#2048=VERTEX_POINT('',#7055);
#2049=VERTEX_POINT('',#7057);
#2050=VERTEX_POINT('',#7060);
#2051=VERTEX_POINT('',#7061);
#2052=VERTEX_POINT('',#7063);
#2053=VERTEX_POINT('',#7065);
#2054=VERTEX_POINT('',#7067);
#2055=VERTEX_POINT('',#7069);
#2056=VERTEX_POINT('',#7071);
#2057=VERTEX_POINT('',#7073);
#2058=VERTEX_POINT('',#7077);
#2059=VERTEX_POINT('',#7081);
#2060=VERTEX_POINT('',#7084);
#2061=VERTEX_POINT('',#7087);
#2062=VERTEX_POINT('',#7090);
#2063=VERTEX_POINT('',#7093);
#2064=VERTEX_POINT('',#7096);
#2065=VERTEX_POINT('',#7099);
#2066=VERTEX_POINT('',#7102);
#2067=VERTEX_POINT('',#7105);
#2068=VERTEX_POINT('',#7107);
#2069=VERTEX_POINT('',#7109);
#2070=VERTEX_POINT('',#7112);
#2071=VERTEX_POINT('',#7114);
#2072=VERTEX_POINT('',#7116);
#2073=VERTEX_POINT('',#7119);
#2074=VERTEX_POINT('',#7120);
#2075=VERTEX_POINT('',#7122);
#2076=VERTEX_POINT('',#7124);
#2077=VERTEX_POINT('',#7126);
#2078=VERTEX_POINT('',#7128);
#2079=VERTEX_POINT('',#7130);
#2080=VERTEX_POINT('',#7132);
#2081=VERTEX_POINT('',#7135);
#2082=VERTEX_POINT('',#7136);
#2083=VERTEX_POINT('',#7138);
#2084=VERTEX_POINT('',#7140);
#2085=VERTEX_POINT('',#7142);
#2086=VERTEX_POINT('',#7144);
#2087=VERTEX_POINT('',#7146);
#2088=VERTEX_POINT('',#7148);
#2089=VERTEX_POINT('',#7151);
#2090=VERTEX_POINT('',#7152);
#2091=VERTEX_POINT('',#7154);
#2092=VERTEX_POINT('',#7156);
#2093=VERTEX_POINT('',#7158);
#2094=VERTEX_POINT('',#7160);
#2095=VERTEX_POINT('',#7162);
#2096=VERTEX_POINT('',#7164);
#2097=VERTEX_POINT('',#7233);
#2098=VERTEX_POINT('',#7235);
#2099=VERTEX_POINT('',#7238);
#2100=VERTEX_POINT('',#7240);
#2101=VERTEX_POINT('',#7245);
#2102=VERTEX_POINT('',#7247);
#2103=VERTEX_POINT('',#7250);
#2104=VERTEX_POINT('',#7252);
#2105=VERTEX_POINT('',#7263);
#2106=VERTEX_POINT('',#7265);
#2107=VERTEX_POINT('',#7267);
#2108=VERTEX_POINT('',#7269);
#2109=VERTEX_POINT('',#7273);
#2110=VERTEX_POINT('',#7275);
#2111=VERTEX_POINT('',#7277);
#2112=VERTEX_POINT('',#7279);
#2113=VERTEX_POINT('',#7283);
#2114=VERTEX_POINT('',#7285);
#2115=VERTEX_POINT('',#7287);
#2116=VERTEX_POINT('',#7289);
#2117=VERTEX_POINT('',#7293);
#2118=VERTEX_POINT('',#7294);
#2119=VERTEX_POINT('',#7297);
#2120=VERTEX_POINT('',#7299);
#2121=EDGE_CURVE('',#1701,#1702,#809,.T.);
#2122=EDGE_CURVE('',#1703,#1701,#810,.T.);
#2123=EDGE_CURVE('',#1704,#1703,#811,.T.);
#2124=EDGE_CURVE('',#1705,#1704,#621,.T.);
#2125=EDGE_CURVE('',#1706,#1705,#812,.T.);
#2126=EDGE_CURVE('',#1707,#1706,#622,.T.);
#2127=EDGE_CURVE('',#1708,#1707,#813,.T.);
#2128=EDGE_CURVE('',#1709,#1708,#814,.T.);
#2129=EDGE_CURVE('',#1710,#1709,#815,.T.);
#2130=EDGE_CURVE('',#1711,#1710,#623,.T.);
#2131=EDGE_CURVE('',#1712,#1711,#816,.T.);
#2132=EDGE_CURVE('',#1713,#1712,#624,.T.);
#2133=EDGE_CURVE('',#1714,#1713,#817,.T.);
#2134=EDGE_CURVE('',#1715,#1714,#818,.T.);
#2135=EDGE_CURVE('',#1716,#1715,#819,.T.);
#2136=EDGE_CURVE('',#1717,#1716,#625,.T.);
#2137=EDGE_CURVE('',#1718,#1717,#820,.T.);
#2138=EDGE_CURVE('',#1719,#1718,#626,.T.);
#2139=EDGE_CURVE('',#1720,#1719,#821,.T.);
#2140=EDGE_CURVE('',#1721,#1720,#822,.T.);
#2141=EDGE_CURVE('',#1722,#1721,#627,.T.);
#2142=EDGE_CURVE('',#1723,#1722,#823,.T.);
#2143=EDGE_CURVE('',#1724,#1723,#824,.T.);
#2144=EDGE_CURVE('',#1725,#1724,#628,.T.);
#2145=EDGE_CURVE('',#1726,#1725,#825,.T.);
#2146=EDGE_CURVE('',#1727,#1726,#629,.T.);
#2147=EDGE_CURVE('',#1728,#1727,#826,.T.);
#2148=EDGE_CURVE('',#1729,#1728,#827,.T.);
#2149=EDGE_CURVE('',#1730,#1729,#828,.T.);
#2150=EDGE_CURVE('',#1731,#1730,#630,.T.);
#2151=EDGE_CURVE('',#1732,#1731,#829,.T.);
#2152=EDGE_CURVE('',#1733,#1732,#631,.T.);
#2153=EDGE_CURVE('',#1734,#1733,#830,.T.);
#2154=EDGE_CURVE('',#1735,#1734,#831,.T.);
#2155=EDGE_CURVE('',#1736,#1735,#832,.T.);
#2156=EDGE_CURVE('',#1737,#1736,#632,.T.);
#2157=EDGE_CURVE('',#1738,#1737,#833,.T.);
#2158=EDGE_CURVE('',#1739,#1738,#633,.T.);
#2159=EDGE_CURVE('',#1740,#1739,#834,.T.);
#2160=EDGE_CURVE('',#1741,#1740,#835,.T.);
#2161=EDGE_CURVE('',#1742,#1741,#634,.T.);
#2162=EDGE_CURVE('',#1743,#1742,#836,.T.);
#2163=EDGE_CURVE('',#1744,#1743,#837,.T.);
#2164=EDGE_CURVE('',#1745,#1744,#635,.T.);
#2165=EDGE_CURVE('',#1746,#1745,#838,.T.);
#2166=EDGE_CURVE('',#1747,#1746,#636,.T.);
#2167=EDGE_CURVE('',#1748,#1747,#839,.T.);
#2168=EDGE_CURVE('',#1749,#1748,#840,.T.);
#2169=EDGE_CURVE('',#1750,#1749,#841,.T.);
#2170=EDGE_CURVE('',#1751,#1750,#637,.T.);
#2171=EDGE_CURVE('',#1752,#1751,#842,.T.);
#2172=EDGE_CURVE('',#1753,#1752,#843,.T.);
#2173=EDGE_CURVE('',#1753,#1754,#844,.T.);
#2174=EDGE_CURVE('',#1755,#1754,#638,.T.);
#2175=EDGE_CURVE('',#1755,#1756,#845,.T.);
#2176=EDGE_CURVE('',#1757,#1756,#639,.T.);
#2177=EDGE_CURVE('',#1757,#1702,#846,.T.);
#2178=EDGE_CURVE('',#1758,#1758,#640,.T.);
#2179=EDGE_CURVE('',#1759,#1759,#641,.T.);
#2180=EDGE_CURVE('',#1760,#1760,#642,.T.);
#2181=EDGE_CURVE('',#1761,#1761,#643,.T.);
#2182=EDGE_CURVE('',#1762,#1762,#644,.T.);
#2183=EDGE_CURVE('',#1763,#1763,#645,.T.);
#2184=EDGE_CURVE('',#1764,#1764,#646,.T.);
#2185=EDGE_CURVE('',#1756,#1765,#847,.T.);
#2186=EDGE_CURVE('',#1766,#1765,#647,.T.);
#2187=EDGE_CURVE('',#1757,#1766,#848,.T.);
#2188=EDGE_CURVE('',#1755,#1767,#849,.T.);
#2189=EDGE_CURVE('',#1765,#1767,#850,.T.);
#2190=EDGE_CURVE('',#1754,#1768,#851,.T.);
#2191=EDGE_CURVE('',#1767,#1768,#648,.T.);
#2192=EDGE_CURVE('',#1702,#1769,#852,.T.);
#2193=EDGE_CURVE('',#1769,#1766,#853,.T.);
#2194=EDGE_CURVE('',#1752,#1770,#854,.T.);
#2195=EDGE_CURVE('',#1751,#1771,#855,.T.);
#2196=EDGE_CURVE('',#1770,#1771,#856,.T.);
#2197=EDGE_CURVE('',#1750,#1772,#857,.T.);
#2198=EDGE_CURVE('',#1771,#1772,#649,.T.);
#2199=EDGE_CURVE('',#1749,#1773,#858,.T.);
#2200=EDGE_CURVE('',#1772,#1773,#859,.T.);
#2201=EDGE_CURVE('',#1747,#1774,#860,.T.);
#2202=EDGE_CURVE('',#1775,#1774,#861,.T.);
#2203=EDGE_CURVE('',#1748,#1775,#862,.T.);
#2204=EDGE_CURVE('',#1746,#1776,#863,.T.);
#2205=EDGE_CURVE('',#1774,#1776,#650,.T.);
#2206=EDGE_CURVE('',#1745,#1777,#864,.T.);
#2207=EDGE_CURVE('',#1776,#1777,#865,.T.);
#2208=EDGE_CURVE('',#1744,#1778,#866,.T.);
#2209=EDGE_CURVE('',#1777,#1778,#651,.T.);
#2210=EDGE_CURVE('',#1743,#1779,#867,.T.);
#2211=EDGE_CURVE('',#1778,#1779,#868,.T.);
#2212=EDGE_CURVE('',#1741,#1780,#869,.T.);
#2213=EDGE_CURVE('',#1781,#1780,#652,.T.);
#2214=EDGE_CURVE('',#1742,#1781,#870,.T.);
#2215=EDGE_CURVE('',#1739,#1782,#871,.T.);
#2216=EDGE_CURVE('',#1783,#1782,#872,.T.);
#2217=EDGE_CURVE('',#1740,#1783,#873,.T.);
#2218=EDGE_CURVE('',#1738,#1784,#874,.T.);
#2219=EDGE_CURVE('',#1782,#1784,#653,.T.);
#2220=EDGE_CURVE('',#1737,#1785,#875,.T.);
#2221=EDGE_CURVE('',#1784,#1785,#876,.T.);
#2222=EDGE_CURVE('',#1736,#1786,#877,.T.);
#2223=EDGE_CURVE('',#1785,#1786,#654,.T.);
#2224=EDGE_CURVE('',#1735,#1787,#878,.T.);
#2225=EDGE_CURVE('',#1786,#1787,#879,.T.);
#2226=EDGE_CURVE('',#1733,#1788,#880,.T.);
#2227=EDGE_CURVE('',#1789,#1788,#881,.T.);
#2228=EDGE_CURVE('',#1734,#1789,#882,.T.);
#2229=EDGE_CURVE('',#1732,#1790,#883,.T.);
#2230=EDGE_CURVE('',#1788,#1790,#655,.T.);
#2231=EDGE_CURVE('',#1731,#1791,#884,.T.);
#2232=EDGE_CURVE('',#1790,#1791,#885,.T.);
#2233=EDGE_CURVE('',#1730,#1792,#886,.T.);
#2234=EDGE_CURVE('',#1791,#1792,#656,.T.);
#2235=EDGE_CURVE('',#1729,#1793,#887,.T.);
#2236=EDGE_CURVE('',#1792,#1793,#888,.T.);
#2237=EDGE_CURVE('',#1727,#1794,#889,.T.);
#2238=EDGE_CURVE('',#1795,#1794,#890,.T.);
#2239=EDGE_CURVE('',#1728,#1795,#891,.T.);
#2240=EDGE_CURVE('',#1726,#1796,#892,.T.);
#2241=EDGE_CURVE('',#1794,#1796,#657,.T.);
#2242=EDGE_CURVE('',#1725,#1797,#893,.T.);
#2243=EDGE_CURVE('',#1796,#1797,#894,.T.);
#2244=EDGE_CURVE('',#1724,#1798,#895,.T.);
#2245=EDGE_CURVE('',#1797,#1798,#658,.T.);
#2246=EDGE_CURVE('',#1723,#1799,#896,.T.);
#2247=EDGE_CURVE('',#1798,#1799,#897,.T.);
#2248=EDGE_CURVE('',#1800,#1801,#898,.T.);
#2249=EDGE_CURVE('',#1800,#1799,#899,.T.);
#2250=EDGE_CURVE('',#1722,#1802,#900,.T.);
#2251=EDGE_CURVE('',#1801,#1802,#901,.T.);
#2252=EDGE_CURVE('',#1721,#1803,#902,.T.);
#2253=EDGE_CURVE('',#1802,#1803,#659,.T.);
#2254=EDGE_CURVE('',#1719,#1804,#903,.T.);
#2255=EDGE_CURVE('',#1805,#1804,#904,.T.);
#2256=EDGE_CURVE('',#1720,#1805,#905,.T.);
#2257=EDGE_CURVE('',#1718,#1806,#906,.T.);
#2258=EDGE_CURVE('',#1804,#1806,#660,.T.);
#2259=EDGE_CURVE('',#1717,#1807,#907,.T.);
#2260=EDGE_CURVE('',#1806,#1807,#908,.T.);
#2261=EDGE_CURVE('',#1716,#1808,#909,.T.);
#2262=EDGE_CURVE('',#1807,#1808,#661,.T.);
#2263=EDGE_CURVE('',#1715,#1809,#910,.T.);
#2264=EDGE_CURVE('',#1808,#1809,#911,.T.);
#2265=EDGE_CURVE('',#1713,#1810,#912,.T.);
#2266=EDGE_CURVE('',#1811,#1810,#913,.T.);
#2267=EDGE_CURVE('',#1714,#1811,#914,.T.);
#2268=EDGE_CURVE('',#1712,#1812,#915,.T.);
#2269=EDGE_CURVE('',#1810,#1812,#662,.T.);
#2270=EDGE_CURVE('',#1711,#1813,#916,.T.);
#2271=EDGE_CURVE('',#1812,#1813,#917,.T.);
#2272=EDGE_CURVE('',#1710,#1814,#918,.T.);
#2273=EDGE_CURVE('',#1813,#1814,#663,.T.);
#2274=EDGE_CURVE('',#1709,#1815,#919,.T.);
#2275=EDGE_CURVE('',#1814,#1815,#920,.T.);
#2276=EDGE_CURVE('',#1707,#1816,#921,.T.);
#2277=EDGE_CURVE('',#1817,#1816,#922,.T.);
#2278=EDGE_CURVE('',#1708,#1817,#923,.T.);
#2279=EDGE_CURVE('',#1706,#1818,#924,.T.);
#2280=EDGE_CURVE('',#1816,#1818,#664,.T.);
#2281=EDGE_CURVE('',#1705,#1819,#925,.T.);
#2282=EDGE_CURVE('',#1818,#1819,#926,.T.);
#2283=EDGE_CURVE('',#1704,#1820,#927,.T.);
#2284=EDGE_CURVE('',#1819,#1820,#665,.T.);
#2285=EDGE_CURVE('',#1703,#1821,#928,.T.);
#2286=EDGE_CURVE('',#1820,#1821,#929,.T.);
#2287=EDGE_CURVE('',#1809,#1805,#930,.T.);
#2288=EDGE_CURVE('',#1821,#1817,#931,.T.);
#2289=EDGE_CURVE('',#1822,#1823,#932,.T.);
#2290=EDGE_CURVE('',#1824,#1822,#933,.T.);
#2291=EDGE_CURVE('',#1825,#1824,#934,.T.);
#2292=EDGE_CURVE('',#1825,#1773,#935,.T.);
#2293=EDGE_CURVE('',#1823,#1775,#936,.T.);
#2294=EDGE_CURVE('',#1826,#1827,#937,.T.);
#2295=EDGE_CURVE('',#1779,#1826,#938,.T.);
#2296=EDGE_CURVE('',#1827,#1781,#939,.T.);
#2297=EDGE_CURVE('',#1795,#1793,#940,.T.);
#2298=EDGE_CURVE('',#1828,#1829,#941,.T.);
#2299=EDGE_CURVE('',#1780,#1828,#942,.T.);
#2300=EDGE_CURVE('',#1829,#1783,#943,.T.);
#2301=EDGE_CURVE('',#1830,#1831,#944,.T.);
#2302=EDGE_CURVE('',#1787,#1830,#945,.T.);
#2303=EDGE_CURVE('',#1832,#1789,#946,.T.);
#2304=EDGE_CURVE('',#1833,#1832,#947,.T.);
#2305=EDGE_CURVE('',#1831,#1833,#948,.T.);
#2306=EDGE_CURVE('',#1834,#1835,#949,.T.);
#2307=EDGE_CURVE('',#1803,#1834,#950,.T.);
#2308=EDGE_CURVE('',#1811,#1835,#951,.T.);
#2309=EDGE_CURVE('',#1836,#1837,#952,.T.);
#2310=EDGE_CURVE('',#1838,#1836,#953,.T.);
#2311=EDGE_CURVE('',#1839,#1838,#954,.T.);
#2312=EDGE_CURVE('',#1839,#1837,#955,.T.);
#2313=EDGE_CURVE('',#1764,#1840,#956,.T.);
#2314=EDGE_CURVE('',#1840,#1840,#666,.T.);
#2315=EDGE_CURVE('',#1763,#1841,#957,.T.);
#2316=EDGE_CURVE('',#1841,#1841,#667,.T.);
#2317=EDGE_CURVE('',#1762,#1842,#958,.T.);
#2318=EDGE_CURVE('',#1842,#1842,#668,.T.);
#2319=EDGE_CURVE('',#1761,#1843,#959,.T.);
#2320=EDGE_CURVE('',#1843,#1843,#669,.T.);
#2321=EDGE_CURVE('',#1760,#1844,#960,.T.);
#2322=EDGE_CURVE('',#1844,#1844,#670,.T.);
#2323=EDGE_CURVE('',#1759,#1845,#961,.T.);
#2324=EDGE_CURVE('',#1845,#1845,#671,.T.);
#2325=EDGE_CURVE('',#1846,#1847,#962,.T.);
#2326=EDGE_CURVE('',#1846,#1848,#963,.T.);
#2327=EDGE_CURVE('',#1849,#1848,#964,.T.);
#2328=EDGE_CURVE('',#1849,#1847,#965,.T.);
#2329=EDGE_CURVE('',#1824,#1849,#672,.T.);
#2330=EDGE_CURVE('',#1848,#1825,#673,.T.);
#2331=EDGE_CURVE('',#1850,#1851,#966,.T.);
#2332=EDGE_CURVE('',#1850,#1852,#967,.T.);
#2333=EDGE_CURVE('',#1853,#1852,#968,.T.);
#2334=EDGE_CURVE('',#1853,#1851,#969,.T.);
#2335=EDGE_CURVE('',#1847,#1853,#674,.T.);
#2336=EDGE_CURVE('',#1852,#1846,#675,.T.);
#2337=EDGE_CURVE('',#1851,#1854,#676,.T.);
#2338=EDGE_CURVE('',#1854,#1855,#970,.T.);
#2339=EDGE_CURVE('',#1855,#1850,#677,.T.);
#2340=EDGE_CURVE('',#1856,#1857,#971,.T.);
#2341=EDGE_CURVE('',#1856,#1855,#972,.T.);
#2342=EDGE_CURVE('',#1857,#1854,#973,.T.);
#2343=EDGE_CURVE('',#1823,#1856,#678,.T.);
#2344=EDGE_CURVE('',#1857,#1822,#679,.T.);
#2345=EDGE_CURVE('',#1858,#1859,#680,.T.);
#2346=EDGE_CURVE('',#1859,#1860,#974,.T.);
#2347=EDGE_CURVE('',#1860,#1861,#681,.T.);
#2348=EDGE_CURVE('',#1861,#1858,#975,.T.);
#2349=EDGE_CURVE('',#1862,#1863,#976,.T.);
#2350=EDGE_CURVE('',#1862,#1860,#977,.T.);
#2351=EDGE_CURVE('',#1859,#1863,#978,.T.);
#2352=EDGE_CURVE('',#1829,#1862,#682,.T.);
#2353=EDGE_CURVE('',#1863,#1828,#683,.T.);
#2354=EDGE_CURVE('',#1864,#1865,#684,.T.);
#2355=EDGE_CURVE('',#1865,#1866,#979,.T.);
#2356=EDGE_CURVE('',#1866,#1867,#685,.T.);
#2357=EDGE_CURVE('',#1867,#1864,#980,.T.);
#2358=EDGE_CURVE('',#1868,#1869,#981,.T.);
#2359=EDGE_CURVE('',#1868,#1866,#982,.T.);
#2360=EDGE_CURVE('',#1865,#1869,#983,.T.);
#2361=EDGE_CURVE('',#1832,#1868,#686,.T.);
#2362=EDGE_CURVE('',#1869,#1833,#687,.T.);
#2363=EDGE_CURVE('',#1870,#1871,#984,.T.);
#2364=EDGE_CURVE('',#1870,#1872,#985,.T.);
#2365=EDGE_CURVE('',#1873,#1872,#986,.T.);
#2366=EDGE_CURVE('',#1873,#1871,#987,.T.);
#2367=EDGE_CURVE('',#1831,#1873,#688,.T.);
#2368=EDGE_CURVE('',#1872,#1830,#689,.T.);
#2369=EDGE_CURVE('',#1874,#1875,#988,.T.);
#2370=EDGE_CURVE('',#1864,#1874,#989,.T.);
#2371=EDGE_CURVE('',#1867,#1875,#990,.T.);
#2372=EDGE_CURVE('',#1871,#1874,#690,.T.);
#2373=EDGE_CURVE('',#1875,#1870,#691,.T.);
#2374=EDGE_CURVE('',#1835,#1876,#692,.T.);
#2375=EDGE_CURVE('',#1876,#1877,#991,.T.);
#2376=EDGE_CURVE('',#1877,#1834,#693,.T.);
#2377=EDGE_CURVE('',#1801,#1878,#694,.T.);
#2378=EDGE_CURVE('',#1878,#1879,#992,.T.);
#2379=EDGE_CURVE('',#1879,#1800,#695,.T.);
#2380=EDGE_CURVE('',#1880,#1881,#993,.T.);
#2381=EDGE_CURVE('',#1880,#1882,#994,.T.);
#2382=EDGE_CURVE('',#1883,#1882,#995,.T.);
#2383=EDGE_CURVE('',#1883,#1881,#996,.T.);
#2384=EDGE_CURVE('',#1884,#1883,#696,.T.);
#2385=EDGE_CURVE('',#1882,#1885,#697,.T.);
#2386=EDGE_CURVE('',#1885,#1884,#997,.T.);
#2387=EDGE_CURVE('',#1886,#1887,#998,.T.);
#2388=EDGE_CURVE('',#1886,#1884,#999,.T.);
#2389=EDGE_CURVE('',#1885,#1887,#1000,.T.);
#2390=EDGE_CURVE('',#1838,#1886,#698,.T.);
#2391=EDGE_CURVE('',#1887,#1839,#699,.T.);
#2392=EDGE_CURVE('',#1888,#1889,#1001,.T.);
#2393=EDGE_CURVE('',#1888,#1890,#1002,.T.);
#2394=EDGE_CURVE('',#1891,#1890,#1003,.T.);
#2395=EDGE_CURVE('',#1891,#1889,#1004,.T.);
#2396=EDGE_CURVE('',#1890,#1880,#700,.T.);
#2397=EDGE_CURVE('',#1881,#1891,#701,.T.);
#2398=EDGE_CURVE('',#1892,#1893,#1005,.T.);
#2399=EDGE_CURVE('',#1892,#1879,#1006,.T.);
#2400=EDGE_CURVE('',#1893,#1878,#1007,.T.);
#2401=EDGE_CURVE('',#1837,#1892,#702,.T.);
#2402=EDGE_CURVE('',#1893,#1836,#703,.T.);
#2403=EDGE_CURVE('',#1894,#1895,#1008,.T.);
#2404=EDGE_CURVE('',#1877,#1894,#1009,.T.);
#2405=EDGE_CURVE('',#1876,#1895,#1010,.T.);
#2406=EDGE_CURVE('',#1889,#1894,#704,.T.);
#2407=EDGE_CURVE('',#1895,#1888,#705,.T.);
#2408=EDGE_CURVE('',#1896,#1897,#1011,.T.);
#2409=EDGE_CURVE('',#1896,#1898,#1012,.T.);
#2410=EDGE_CURVE('',#1899,#1898,#1013,.T.);
#2411=EDGE_CURVE('',#1899,#1897,#1014,.T.);
#2412=EDGE_CURVE('',#1900,#1899,#706,.T.);
#2413=EDGE_CURVE('',#1898,#1901,#707,.T.);
#2414=EDGE_CURVE('',#1901,#1900,#1015,.T.);
#2415=EDGE_CURVE('',#1902,#1903,#1016,.T.);
#2416=EDGE_CURVE('',#1900,#1902,#1017,.T.);
#2417=EDGE_CURVE('',#1901,#1903,#1018,.T.);
#2418=EDGE_CURVE('',#1904,#1902,#708,.T.);
#2419=EDGE_CURVE('',#1903,#1905,#709,.T.);
#2420=EDGE_CURVE('',#1905,#1904,#1019,.T.);
#2421=EDGE_CURVE('',#1906,#1907,#1020,.T.);
#2422=EDGE_CURVE('',#1858,#1906,#1021,.T.);
#2423=EDGE_CURVE('',#1861,#1907,#1022,.T.);
#2424=EDGE_CURVE('',#1827,#1906,#710,.T.);
#2425=EDGE_CURVE('',#1907,#1826,#711,.T.);
#2426=EDGE_CURVE('',#1908,#1909,#1023,.T.);
#2427=EDGE_CURVE('',#1908,#1910,#712,.T.);
#2428=EDGE_CURVE('',#1911,#1910,#1024,.T.);
#2429=EDGE_CURVE('',#1911,#1909,#713,.T.);
#2430=EDGE_CURVE('',#1909,#1912,#1025,.T.);
#2431=EDGE_CURVE('',#1913,#1912,#1026,.T.);
#2432=EDGE_CURVE('',#1913,#1908,#1027,.T.);
#2433=EDGE_CURVE('',#1914,#1915,#1028,.T.);
#2434=EDGE_CURVE('',#1914,#1913,#714,.T.);
#2435=EDGE_CURVE('',#1912,#1915,#715,.T.);
#2436=EDGE_CURVE('',#1915,#1916,#1029,.T.);
#2437=EDGE_CURVE('',#1917,#1916,#1030,.T.);
#2438=EDGE_CURVE('',#1917,#1914,#1031,.T.);
#2439=EDGE_CURVE('',#1918,#1919,#1032,.T.);
#2440=EDGE_CURVE('',#1918,#1917,#716,.T.);
#2441=EDGE_CURVE('',#1916,#1919,#717,.T.);
#2442=EDGE_CURVE('',#1919,#1920,#1033,.T.);
#2443=EDGE_CURVE('',#1921,#1920,#1034,.T.);
#2444=EDGE_CURVE('',#1921,#1918,#1035,.T.);
#2445=EDGE_CURVE('',#1922,#1923,#1036,.T.);
#2446=EDGE_CURVE('',#1922,#1921,#718,.T.);
#2447=EDGE_CURVE('',#1920,#1923,#719,.T.);
#2448=EDGE_CURVE('',#1923,#1911,#1037,.T.);
#2449=EDGE_CURVE('',#1910,#1922,#1038,.T.);
#2450=EDGE_CURVE('',#1908,#1924,#1039,.T.);
#2451=EDGE_CURVE('',#1925,#1913,#1040,.T.);
#2452=EDGE_CURVE('',#1924,#1925,#1041,.T.);
#2453=EDGE_CURVE('',#1914,#1926,#1042,.T.);
#2454=EDGE_CURVE('',#1925,#1926,#720,.T.);
#2455=EDGE_CURVE('',#1927,#1917,#1043,.T.);
#2456=EDGE_CURVE('',#1926,#1927,#1044,.T.);
#2457=EDGE_CURVE('',#1918,#1928,#1045,.T.);
#2458=EDGE_CURVE('',#1927,#1928,#721,.T.);
#2459=EDGE_CURVE('',#1929,#1930,#1046,.T.);
#2460=EDGE_CURVE('',#1931,#1930,#1047,.T.);
#2461=EDGE_CURVE('',#1932,#1931,#1048,.T.);
#2462=EDGE_CURVE('',#1932,#1929,#1049,.T.);
#2463=EDGE_CURVE('',#1933,#1929,#1050,.T.);
#2464=EDGE_CURVE('',#1934,#1932,#1051,.T.);
#2465=EDGE_CURVE('',#1933,#1934,#1052,.T.);
#2466=EDGE_CURVE('',#1935,#1921,#1053,.T.);
#2467=EDGE_CURVE('',#1928,#1935,#1054,.T.);
#2468=EDGE_CURVE('',#1922,#1936,#1055,.T.);
#2469=EDGE_CURVE('',#1935,#1936,#722,.T.);
#2470=EDGE_CURVE('',#1937,#1910,#1056,.T.);
#2471=EDGE_CURVE('',#1936,#1937,#1057,.T.);
#2472=EDGE_CURVE('',#1937,#1924,#723,.T.);
#2473=EDGE_CURVE('',#1938,#1933,#1058,.T.);
#2474=EDGE_CURVE('',#1939,#1934,#1059,.T.);
#2475=EDGE_CURVE('',#1939,#1938,#1060,.T.);
#2476=EDGE_CURVE('',#1930,#1938,#1061,.T.);
#2477=EDGE_CURVE('',#1931,#1939,#1062,.T.);
#2478=EDGE_CURVE('',#1770,#1896,#1063,.T.);
#2479=EDGE_CURVE('',#1815,#1905,#1064,.T.);
#2480=EDGE_CURVE('',#1758,#1940,#1065,.T.);
#2481=EDGE_CURVE('',#1940,#1940,#724,.T.);
#2482=EDGE_CURVE('',#1769,#1941,#1066,.T.);
#2483=EDGE_CURVE('',#1768,#1942,#1067,.T.);
#2484=EDGE_CURVE('',#1897,#1942,#1068,.T.);
#2485=EDGE_CURVE('',#1904,#1941,#1069,.T.);
#2486=EDGE_CURVE('',#1942,#1753,#1070,.T.);
#2487=EDGE_CURVE('',#1941,#1701,#1071,.T.);
#2488=EDGE_CURVE('',#1943,#1944,#1072,.T.);
#2489=EDGE_CURVE('',#1945,#1943,#1073,.T.);
#2490=EDGE_CURVE('',#1946,#1945,#1074,.T.);
#2491=EDGE_CURVE('',#1944,#1946,#1075,.T.);
#2492=EDGE_CURVE('',#1947,#1948,#1076,.T.);
#2493=EDGE_CURVE('',#1949,#1947,#1077,.T.);
#2494=EDGE_CURVE('',#1950,#1949,#1078,.T.);
#2495=EDGE_CURVE('',#1951,#1950,#1079,.T.);
#2496=EDGE_CURVE('',#1952,#1951,#1080,.T.);
#2497=EDGE_CURVE('',#1948,#1952,#1081,.T.);
#2498=EDGE_CURVE('',#1953,#1943,#1082,.T.);
#2499=EDGE_CURVE('',#1954,#1953,#1083,.T.);
#2500=EDGE_CURVE('',#1945,#1954,#1084,.T.);
#2501=EDGE_CURVE('',#1955,#1954,#725,.T.);
#2502=EDGE_CURVE('',#1955,#1956,#1085,.T.);
#2503=EDGE_CURVE('',#1957,#1956,#726,.T.);
#2504=EDGE_CURVE('',#1957,#1952,#1086,.T.);
#2505=EDGE_CURVE('',#1958,#1951,#1087,.T.);
#2506=EDGE_CURVE('',#1959,#1958,#727,.T.);
#2507=EDGE_CURVE('',#1960,#1959,#1088,.T.);
#2508=EDGE_CURVE('',#1961,#1960,#1089,.T.);
#2509=EDGE_CURVE('',#1962,#1961,#1090,.T.);
#2510=EDGE_CURVE('',#1963,#1962,#728,.T.);
#2511=EDGE_CURVE('',#1964,#1963,#1091,.T.);
#2512=EDGE_CURVE('',#1965,#1964,#729,.T.);
#2513=EDGE_CURVE('',#1966,#1965,#1092,.T.);
#2514=EDGE_CURVE('',#1967,#1966,#1093,.T.);
#2515=EDGE_CURVE('',#1968,#1967,#730,.T.);
#2516=EDGE_CURVE('',#1969,#1968,#731,.T.);
#2517=EDGE_CURVE('',#1970,#1969,#1094,.T.);
#2518=EDGE_CURVE('',#1971,#1970,#732,.T.);
#2519=EDGE_CURVE('',#1972,#1971,#1095,.T.);
#2520=EDGE_CURVE('',#1973,#1972,#1096,.T.);
#2521=EDGE_CURVE('',#1974,#1973,#733,.T.);
#2522=EDGE_CURVE('',#1975,#1974,#1097,.T.);
#2523=EDGE_CURVE('',#1976,#1975,#734,.T.);
#2524=EDGE_CURVE('',#1977,#1976,#1098,.T.);
#2525=EDGE_CURVE('',#1978,#1977,#1099,.T.);
#2526=EDGE_CURVE('',#1979,#1978,#1100,.T.);
#2527=EDGE_CURVE('',#1980,#1979,#735,.T.);
#2528=EDGE_CURVE('',#1981,#1980,#1101,.T.);
#2529=EDGE_CURVE('',#1982,#1981,#736,.T.);
#2530=EDGE_CURVE('',#1983,#1982,#1102,.T.);
#2531=EDGE_CURVE('',#1984,#1983,#1103,.T.);
#2532=EDGE_CURVE('',#1985,#1984,#1104,.T.);
#2533=EDGE_CURVE('',#1986,#1985,#737,.T.);
#2534=EDGE_CURVE('',#1987,#1986,#1105,.T.);
#2535=EDGE_CURVE('',#1988,#1987,#738,.T.);
#2536=EDGE_CURVE('',#1989,#1988,#1106,.T.);
#2537=EDGE_CURVE('',#1990,#1989,#1107,.T.);
#2538=EDGE_CURVE('',#1991,#1990,#739,.T.);
#2539=EDGE_CURVE('',#1992,#1991,#1108,.T.);
#2540=EDGE_CURVE('',#1993,#1992,#1109,.T.);
#2541=EDGE_CURVE('',#1994,#1993,#740,.T.);
#2542=EDGE_CURVE('',#1995,#1994,#1110,.T.);
#2543=EDGE_CURVE('',#1996,#1995,#741,.T.);
#2544=EDGE_CURVE('',#1997,#1996,#1111,.T.);
#2545=EDGE_CURVE('',#1998,#1997,#1112,.T.);
#2546=EDGE_CURVE('',#1999,#1998,#742,.T.);
#2547=EDGE_CURVE('',#2000,#1999,#743,.T.);
#2548=EDGE_CURVE('',#2001,#2000,#1113,.T.);
#2549=EDGE_CURVE('',#2002,#2001,#744,.T.);
#2550=EDGE_CURVE('',#2003,#2002,#745,.T.);
#2551=EDGE_CURVE('',#1946,#2003,#1114,.T.);
#2552=EDGE_CURVE('',#2004,#2004,#746,.T.);
#2553=EDGE_CURVE('',#2005,#2005,#747,.T.);
#2554=EDGE_CURVE('',#2006,#2006,#748,.T.);
#2555=EDGE_CURVE('',#2007,#2007,#749,.T.);
#2556=EDGE_CURVE('',#2008,#2008,#750,.T.);
#2557=EDGE_CURVE('',#2009,#2009,#751,.T.);
#2558=EDGE_CURVE('',#2010,#2010,#752,.T.);
#2559=EDGE_CURVE('',#2011,#2011,#753,.T.);
#2560=EDGE_CURVE('',#2012,#1950,#1115,.T.);
#2561=EDGE_CURVE('',#1958,#2012,#1116,.T.);
#2562=EDGE_CURVE('',#2013,#1949,#1117,.T.);
#2563=EDGE_CURVE('',#2014,#2013,#754,.T.);
#2564=EDGE_CURVE('',#2015,#2014,#1118,.T.);
#2565=EDGE_CURVE('',#2015,#2016,#1119,.T.);
#2566=EDGE_CURVE('',#2016,#2017,#755,.T.);
#2567=EDGE_CURVE('',#2017,#2018,#1120,.T.);
#2568=EDGE_CURVE('',#2018,#2019,#756,.T.);
#2569=EDGE_CURVE('',#2019,#2020,#1121,.T.);
#2570=EDGE_CURVE('',#2020,#2021,#1122,.T.);
#2571=EDGE_CURVE('',#2021,#2022,#757,.T.);
#2572=EDGE_CURVE('',#2022,#2023,#1123,.T.);
#2573=EDGE_CURVE('',#2023,#2024,#758,.T.);
#2574=EDGE_CURVE('',#2024,#2025,#759,.T.);
#2575=EDGE_CURVE('',#2025,#2026,#1124,.T.);
#2576=EDGE_CURVE('',#2027,#2026,#760,.T.);
#2577=EDGE_CURVE('',#2028,#2027,#1125,.T.);
#2578=EDGE_CURVE('',#2029,#2028,#761,.T.);
#2579=EDGE_CURVE('',#2030,#2029,#1126,.T.);
#2580=EDGE_CURVE('',#2031,#2030,#762,.T.);
#2581=EDGE_CURVE('',#2032,#2031,#1127,.T.);
#2582=EDGE_CURVE('',#2033,#2032,#763,.T.);
#2583=EDGE_CURVE('',#2033,#2034,#1128,.T.);
#2584=EDGE_CURVE('',#2034,#2035,#1129,.T.);
#2585=EDGE_CURVE('',#2035,#2036,#764,.T.);
#2586=EDGE_CURVE('',#2036,#2037,#1130,.T.);
#2587=EDGE_CURVE('',#2037,#2038,#765,.T.);
#2588=EDGE_CURVE('',#2038,#2039,#1131,.T.);
#2589=EDGE_CURVE('',#2039,#2040,#1132,.T.);
#2590=EDGE_CURVE('',#2041,#2040,#766,.T.);
#2591=EDGE_CURVE('',#2042,#2041,#1133,.T.);
#2592=EDGE_CURVE('',#2043,#2042,#767,.T.);
#2593=EDGE_CURVE('',#2044,#2043,#1134,.T.);
#2594=EDGE_CURVE('',#2045,#2044,#768,.T.);
#2595=EDGE_CURVE('',#2046,#2045,#1135,.T.);
#2596=EDGE_CURVE('',#2047,#2046,#769,.T.);
#2597=EDGE_CURVE('',#2048,#2047,#1136,.T.);
#2598=EDGE_CURVE('',#2048,#2049,#1137,.T.);
#2599=EDGE_CURVE('',#2049,#2012,#770,.T.);
#2600=EDGE_CURVE('',#2050,#2051,#1138,.T.);
#2601=EDGE_CURVE('',#2052,#2051,#771,.T.);
#2602=EDGE_CURVE('',#2053,#2052,#1139,.T.);
#2603=EDGE_CURVE('',#2054,#2053,#772,.T.);
#2604=EDGE_CURVE('',#2055,#2054,#1140,.T.);
#2605=EDGE_CURVE('',#2056,#2055,#773,.T.);
#2606=EDGE_CURVE('',#2057,#2056,#1141,.T.);
#2607=EDGE_CURVE('',#2050,#2057,#774,.T.);
#2608=EDGE_CURVE('',#1947,#2058,#1142,.T.);
#2609=EDGE_CURVE('',#2013,#2058,#1143,.T.);
#2610=EDGE_CURVE('',#2059,#2059,#775,.T.);
#2611=EDGE_CURVE('',#2060,#2060,#776,.T.);
#2612=EDGE_CURVE('',#2061,#2061,#777,.T.);
#2613=EDGE_CURVE('',#2062,#2062,#778,.T.);
#2614=EDGE_CURVE('',#2063,#2063,#779,.T.);
#2615=EDGE_CURVE('',#2064,#2064,#780,.T.);
#2616=EDGE_CURVE('',#2065,#2065,#781,.T.);
#2617=EDGE_CURVE('',#2066,#2066,#782,.T.);
#2618=EDGE_CURVE('',#1944,#2067,#1144,.T.);
#2619=EDGE_CURVE('',#2067,#2068,#783,.T.);
#2620=EDGE_CURVE('',#2068,#2069,#1145,.T.);
#2621=EDGE_CURVE('',#2058,#2069,#784,.T.);
#2622=EDGE_CURVE('',#1948,#2070,#1146,.T.);
#2623=EDGE_CURVE('',#2070,#2071,#785,.T.);
#2624=EDGE_CURVE('',#2071,#2072,#1147,.T.);
#2625=EDGE_CURVE('',#2072,#1953,#786,.T.);
#2626=EDGE_CURVE('',#2073,#2074,#1148,.T.);
#2627=EDGE_CURVE('',#2075,#2074,#787,.T.);
#2628=EDGE_CURVE('',#2076,#2075,#1149,.T.);
#2629=EDGE_CURVE('',#2077,#2076,#788,.T.);
#2630=EDGE_CURVE('',#2078,#2077,#1150,.T.);
#2631=EDGE_CURVE('',#2079,#2078,#789,.T.);
#2632=EDGE_CURVE('',#2080,#2079,#1151,.T.);
#2633=EDGE_CURVE('',#2073,#2080,#790,.T.);
#2634=EDGE_CURVE('',#2081,#2082,#791,.T.);
#2635=EDGE_CURVE('',#2083,#2081,#1152,.T.);
#2636=EDGE_CURVE('',#2084,#2083,#792,.T.);
#2637=EDGE_CURVE('',#2085,#2084,#1153,.T.);
#2638=EDGE_CURVE('',#2086,#2085,#793,.T.);
#2639=EDGE_CURVE('',#2086,#2087,#1154,.T.);
#2640=EDGE_CURVE('',#2088,#2087,#794,.T.);
#2641=EDGE_CURVE('',#2082,#2088,#1155,.T.);
#2642=EDGE_CURVE('',#2089,#2090,#1156,.T.);
#2643=EDGE_CURVE('',#2091,#2089,#795,.T.);
#2644=EDGE_CURVE('',#2091,#2092,#1157,.T.);
#2645=EDGE_CURVE('',#2093,#2092,#796,.T.);
#2646=EDGE_CURVE('',#2093,#2094,#1158,.T.);
#2647=EDGE_CURVE('',#2095,#2094,#797,.T.);
#2648=EDGE_CURVE('',#2096,#2095,#1159,.T.);
#2649=EDGE_CURVE('',#2090,#2096,#798,.T.);
#2650=EDGE_CURVE('',#2096,#2056,#1160,.T.);
#2651=EDGE_CURVE('',#2055,#2090,#1161,.T.);
#2652=EDGE_CURVE('',#2057,#2095,#1162,.T.);
#2653=EDGE_CURVE('',#2069,#2014,#1163,.T.);
#2654=EDGE_CURVE('',#2046,#2075,#1164,.T.);
#2655=EDGE_CURVE('',#2074,#2047,#1165,.T.);
#2656=EDGE_CURVE('',#2076,#2045,#1166,.T.);
#2657=EDGE_CURVE('',#2044,#2077,#1167,.T.);
#2658=EDGE_CURVE('',#2078,#2043,#1168,.T.);
#2659=EDGE_CURVE('',#2042,#2079,#1169,.T.);
#2660=EDGE_CURVE('',#2080,#2041,#1170,.T.);
#2661=EDGE_CURVE('',#2040,#2073,#1171,.T.);
#2662=EDGE_CURVE('',#2032,#2088,#1172,.T.);
#2663=EDGE_CURVE('',#2087,#2033,#1173,.T.);
#2664=EDGE_CURVE('',#2082,#2031,#1174,.T.);
#2665=EDGE_CURVE('',#2030,#2081,#1175,.T.);
#2666=EDGE_CURVE('',#2083,#2029,#1176,.T.);
#2667=EDGE_CURVE('',#2028,#2084,#1177,.T.);
#2668=EDGE_CURVE('',#2085,#2027,#1178,.T.);
#2669=EDGE_CURVE('',#2026,#2086,#1179,.T.);
#2670=EDGE_CURVE('',#2094,#2050,#1180,.T.);
#2671=EDGE_CURVE('',#2089,#2054,#1181,.T.);
#2672=EDGE_CURVE('',#2053,#2091,#1182,.T.);
#2673=EDGE_CURVE('',#2051,#2093,#1183,.T.);
#2674=EDGE_CURVE('',#2092,#2052,#1184,.T.);
#2675=EDGE_CURVE('',#2011,#2066,#1185,.T.);
#2676=EDGE_CURVE('',#2010,#2061,#1186,.T.);
#2677=EDGE_CURVE('',#2009,#2064,#1187,.T.);
#2678=EDGE_CURVE('',#2008,#2059,#1188,.T.);
#2679=EDGE_CURVE('',#2007,#2063,#1189,.T.);
#2680=EDGE_CURVE('',#2006,#2065,#1190,.T.);
#2681=EDGE_CURVE('',#2005,#2060,#1191,.T.);
#2682=EDGE_CURVE('',#2004,#2062,#1192,.T.);
#2683=EDGE_CURVE('',#1990,#2068,#1193,.T.);
#2684=EDGE_CURVE('',#1989,#2097,#1194,.T.);
#2685=EDGE_CURVE('',#2098,#2097,#1195,.T.);
#2686=EDGE_CURVE('',#1984,#2098,#1196,.T.);
#2687=EDGE_CURVE('',#1983,#2099,#1197,.T.);
#2688=EDGE_CURVE('',#2100,#2099,#1198,.T.);
#2689=EDGE_CURVE('',#1978,#2100,#1199,.T.);
#2690=EDGE_CURVE('',#1977,#2015,#1200,.T.);
#2691=EDGE_CURVE('',#2003,#2101,#1201,.T.);
#2692=EDGE_CURVE('',#2102,#2101,#1202,.T.);
#2693=EDGE_CURVE('',#1998,#2102,#1203,.T.);
#2694=EDGE_CURVE('',#1997,#2103,#1204,.T.);
#2695=EDGE_CURVE('',#2104,#2103,#1205,.T.);
#2696=EDGE_CURVE('',#1992,#2104,#1206,.T.);
#2697=EDGE_CURVE('',#1991,#2067,#1207,.T.);
#2698=EDGE_CURVE('',#1967,#2025,#1208,.T.);
#2699=EDGE_CURVE('',#1966,#2034,#1209,.T.);
#2700=EDGE_CURVE('',#1961,#2039,#1210,.T.);
#2701=EDGE_CURVE('',#1960,#2048,#1211,.T.);
#2702=EDGE_CURVE('',#2099,#2105,#1212,.T.);
#2703=EDGE_CURVE('',#2105,#2106,#799,.T.);
#2704=EDGE_CURVE('',#2106,#2107,#1213,.T.);
#2705=EDGE_CURVE('',#2107,#2108,#800,.T.);
#2706=EDGE_CURVE('',#2108,#2100,#1214,.T.);
#2707=EDGE_CURVE('',#2109,#2098,#1215,.T.);
#2708=EDGE_CURVE('',#2097,#2110,#1216,.T.);
#2709=EDGE_CURVE('',#2110,#2111,#801,.T.);
#2710=EDGE_CURVE('',#2111,#2112,#1217,.T.);
#2711=EDGE_CURVE('',#2112,#2109,#802,.T.);
#2712=EDGE_CURVE('',#2113,#2102,#803,.T.);
#2713=EDGE_CURVE('',#2101,#2114,#804,.T.);
#2714=EDGE_CURVE('',#2114,#2115,#805,.T.);
#2715=EDGE_CURVE('',#2115,#2116,#1218,.T.);
#2716=EDGE_CURVE('',#2116,#2113,#806,.T.);
#2717=EDGE_CURVE('',#2117,#2118,#807,.T.);
#2718=EDGE_CURVE('',#2118,#2104,#1219,.T.);
#2719=EDGE_CURVE('',#2103,#2119,#1220,.T.);
#2720=EDGE_CURVE('',#2119,#2120,#808,.T.);
#2721=EDGE_CURVE('',#2120,#2117,#1221,.T.);
#2722=EDGE_CURVE('',#1959,#2049,#1222,.T.);
#2723=EDGE_CURVE('',#1962,#2038,#1223,.T.);
#2724=EDGE_CURVE('',#1963,#2037,#1224,.T.);
#2725=EDGE_CURVE('',#1964,#2036,#1225,.T.);
#2726=EDGE_CURVE('',#1965,#2035,#1226,.T.);
#2727=EDGE_CURVE('',#1968,#2024,#1227,.T.);
#2728=EDGE_CURVE('',#1969,#2023,#1228,.T.);
#2729=EDGE_CURVE('',#1970,#2022,#1229,.T.);
#2730=EDGE_CURVE('',#1971,#2021,#1230,.T.);
#2731=EDGE_CURVE('',#1972,#2020,#1231,.T.);
#2732=EDGE_CURVE('',#1973,#2019,#1232,.T.);
#2733=EDGE_CURVE('',#1974,#2018,#1233,.T.);
#2734=EDGE_CURVE('',#1975,#2017,#1234,.T.);
#2735=EDGE_CURVE('',#1976,#2016,#1235,.T.);
#2736=EDGE_CURVE('',#1979,#2108,#1236,.T.);
#2737=EDGE_CURVE('',#1980,#2107,#1237,.T.);
#2738=EDGE_CURVE('',#1981,#2106,#1238,.T.);
#2739=EDGE_CURVE('',#1982,#2105,#1239,.T.);
#2740=EDGE_CURVE('',#1985,#2109,#1240,.T.);
#2741=EDGE_CURVE('',#1986,#2112,#1241,.T.);
#2742=EDGE_CURVE('',#1987,#2111,#1242,.T.);
#2743=EDGE_CURVE('',#1988,#2110,#1243,.T.);
#2744=EDGE_CURVE('',#1993,#2118,#1244,.T.);
#2745=EDGE_CURVE('',#1994,#2117,#1245,.T.);
#2746=EDGE_CURVE('',#1995,#2120,#1246,.T.);
#2747=EDGE_CURVE('',#1996,#2119,#1247,.T.);
#2748=EDGE_CURVE('',#1999,#2113,#1248,.T.);
#2749=EDGE_CURVE('',#2000,#2116,#1249,.T.);
#2750=EDGE_CURVE('',#2001,#2115,#1250,.T.);
#2751=EDGE_CURVE('',#2002,#2114,#1251,.T.);
#2752=EDGE_CURVE('',#1955,#2072,#1252,.T.);
#2753=EDGE_CURVE('',#1956,#2071,#1253,.T.);
#2754=EDGE_CURVE('',#1957,#2070,#1254,.T.);
#2755=ORIENTED_EDGE('',*,*,#2121,.F.);
#2756=ORIENTED_EDGE('',*,*,#2122,.F.);
#2757=ORIENTED_EDGE('',*,*,#2123,.F.);
#2758=ORIENTED_EDGE('',*,*,#2124,.F.);
#2759=ORIENTED_EDGE('',*,*,#2125,.F.);
#2760=ORIENTED_EDGE('',*,*,#2126,.F.);
#2761=ORIENTED_EDGE('',*,*,#2127,.F.);
#2762=ORIENTED_EDGE('',*,*,#2128,.F.);
#2763=ORIENTED_EDGE('',*,*,#2129,.F.);
#2764=ORIENTED_EDGE('',*,*,#2130,.F.);
#2765=ORIENTED_EDGE('',*,*,#2131,.F.);
#2766=ORIENTED_EDGE('',*,*,#2132,.F.);
#2767=ORIENTED_EDGE('',*,*,#2133,.F.);
#2768=ORIENTED_EDGE('',*,*,#2134,.F.);
#2769=ORIENTED_EDGE('',*,*,#2135,.F.);
#2770=ORIENTED_EDGE('',*,*,#2136,.F.);
#2771=ORIENTED_EDGE('',*,*,#2137,.F.);
#2772=ORIENTED_EDGE('',*,*,#2138,.F.);
#2773=ORIENTED_EDGE('',*,*,#2139,.F.);
#2774=ORIENTED_EDGE('',*,*,#2140,.F.);
#2775=ORIENTED_EDGE('',*,*,#2141,.F.);
#2776=ORIENTED_EDGE('',*,*,#2142,.F.);
#2777=ORIENTED_EDGE('',*,*,#2143,.F.);
#2778=ORIENTED_EDGE('',*,*,#2144,.F.);
#2779=ORIENTED_EDGE('',*,*,#2145,.F.);
#2780=ORIENTED_EDGE('',*,*,#2146,.F.);
#2781=ORIENTED_EDGE('',*,*,#2147,.F.);
#2782=ORIENTED_EDGE('',*,*,#2148,.F.);
#2783=ORIENTED_EDGE('',*,*,#2149,.F.);
#2784=ORIENTED_EDGE('',*,*,#2150,.F.);
#2785=ORIENTED_EDGE('',*,*,#2151,.F.);
#2786=ORIENTED_EDGE('',*,*,#2152,.F.);
#2787=ORIENTED_EDGE('',*,*,#2153,.F.);
#2788=ORIENTED_EDGE('',*,*,#2154,.F.);
#2789=ORIENTED_EDGE('',*,*,#2155,.F.);
#2790=ORIENTED_EDGE('',*,*,#2156,.F.);
#2791=ORIENTED_EDGE('',*,*,#2157,.F.);
#2792=ORIENTED_EDGE('',*,*,#2158,.F.);
#2793=ORIENTED_EDGE('',*,*,#2159,.F.);
#2794=ORIENTED_EDGE('',*,*,#2160,.F.);
#2795=ORIENTED_EDGE('',*,*,#2161,.F.);
#2796=ORIENTED_EDGE('',*,*,#2162,.F.);
#2797=ORIENTED_EDGE('',*,*,#2163,.F.);
#2798=ORIENTED_EDGE('',*,*,#2164,.F.);
#2799=ORIENTED_EDGE('',*,*,#2165,.F.);
#2800=ORIENTED_EDGE('',*,*,#2166,.F.);
#2801=ORIENTED_EDGE('',*,*,#2167,.F.);
#2802=ORIENTED_EDGE('',*,*,#2168,.F.);
#2803=ORIENTED_EDGE('',*,*,#2169,.F.);
#2804=ORIENTED_EDGE('',*,*,#2170,.F.);
#2805=ORIENTED_EDGE('',*,*,#2171,.F.);
#2806=ORIENTED_EDGE('',*,*,#2172,.F.);
#2807=ORIENTED_EDGE('',*,*,#2173,.T.);
#2808=ORIENTED_EDGE('',*,*,#2174,.F.);
#2809=ORIENTED_EDGE('',*,*,#2175,.T.);
#2810=ORIENTED_EDGE('',*,*,#2176,.F.);
#2811=ORIENTED_EDGE('',*,*,#2177,.T.);
#2812=ORIENTED_EDGE('',*,*,#2178,.T.);
#2813=ORIENTED_EDGE('',*,*,#2179,.T.);
#2814=ORIENTED_EDGE('',*,*,#2180,.T.);
#2815=ORIENTED_EDGE('',*,*,#2181,.T.);
#2816=ORIENTED_EDGE('',*,*,#2182,.T.);
#2817=ORIENTED_EDGE('',*,*,#2183,.T.);
#2818=ORIENTED_EDGE('',*,*,#2184,.T.);
#2819=ORIENTED_EDGE('',*,*,#2176,.T.);
#2820=ORIENTED_EDGE('',*,*,#2185,.T.);
#2821=ORIENTED_EDGE('',*,*,#2186,.F.);
#2822=ORIENTED_EDGE('',*,*,#2187,.F.);
#2823=ORIENTED_EDGE('',*,*,#2175,.F.);
#2824=ORIENTED_EDGE('',*,*,#2188,.T.);
#2825=ORIENTED_EDGE('',*,*,#2189,.F.);
#2826=ORIENTED_EDGE('',*,*,#2185,.F.);
#2827=ORIENTED_EDGE('',*,*,#2174,.T.);
#2828=ORIENTED_EDGE('',*,*,#2190,.T.);
#2829=ORIENTED_EDGE('',*,*,#2191,.F.);
#2830=ORIENTED_EDGE('',*,*,#2188,.F.);
#2831=ORIENTED_EDGE('',*,*,#2192,.F.);
#2832=ORIENTED_EDGE('',*,*,#2177,.F.);
#2833=ORIENTED_EDGE('',*,*,#2187,.T.);
#2834=ORIENTED_EDGE('',*,*,#2193,.F.);
#2835=ORIENTED_EDGE('',*,*,#2194,.F.);
#2836=ORIENTED_EDGE('',*,*,#2171,.T.);
#2837=ORIENTED_EDGE('',*,*,#2195,.T.);
#2838=ORIENTED_EDGE('',*,*,#2196,.F.);
#2839=ORIENTED_EDGE('',*,*,#2170,.T.);
#2840=ORIENTED_EDGE('',*,*,#2197,.T.);
#2841=ORIENTED_EDGE('',*,*,#2198,.F.);
#2842=ORIENTED_EDGE('',*,*,#2195,.F.);
#2843=ORIENTED_EDGE('',*,*,#2169,.T.);
#2844=ORIENTED_EDGE('',*,*,#2199,.T.);
#2845=ORIENTED_EDGE('',*,*,#2200,.F.);
#2846=ORIENTED_EDGE('',*,*,#2197,.F.);
#2847=ORIENTED_EDGE('',*,*,#2167,.T.);
#2848=ORIENTED_EDGE('',*,*,#2201,.T.);
#2849=ORIENTED_EDGE('',*,*,#2202,.F.);
#2850=ORIENTED_EDGE('',*,*,#2203,.F.);
#2851=ORIENTED_EDGE('',*,*,#2166,.T.);
#2852=ORIENTED_EDGE('',*,*,#2204,.T.);
#2853=ORIENTED_EDGE('',*,*,#2205,.F.);
#2854=ORIENTED_EDGE('',*,*,#2201,.F.);
#2855=ORIENTED_EDGE('',*,*,#2165,.T.);
#2856=ORIENTED_EDGE('',*,*,#2206,.T.);
#2857=ORIENTED_EDGE('',*,*,#2207,.F.);
#2858=ORIENTED_EDGE('',*,*,#2204,.F.);
#2859=ORIENTED_EDGE('',*,*,#2164,.T.);
#2860=ORIENTED_EDGE('',*,*,#2208,.T.);
#2861=ORIENTED_EDGE('',*,*,#2209,.F.);
#2862=ORIENTED_EDGE('',*,*,#2206,.F.);
#2863=ORIENTED_EDGE('',*,*,#2163,.T.);
#2864=ORIENTED_EDGE('',*,*,#2210,.T.);
#2865=ORIENTED_EDGE('',*,*,#2211,.F.);
#2866=ORIENTED_EDGE('',*,*,#2208,.F.);
#2867=ORIENTED_EDGE('',*,*,#2161,.T.);
#2868=ORIENTED_EDGE('',*,*,#2212,.T.);
#2869=ORIENTED_EDGE('',*,*,#2213,.F.);
#2870=ORIENTED_EDGE('',*,*,#2214,.F.);
#2871=ORIENTED_EDGE('',*,*,#2159,.T.);
#2872=ORIENTED_EDGE('',*,*,#2215,.T.);
#2873=ORIENTED_EDGE('',*,*,#2216,.F.);
#2874=ORIENTED_EDGE('',*,*,#2217,.F.);
#2875=ORIENTED_EDGE('',*,*,#2158,.T.);
#2876=ORIENTED_EDGE('',*,*,#2218,.T.);
#2877=ORIENTED_EDGE('',*,*,#2219,.F.);
#2878=ORIENTED_EDGE('',*,*,#2215,.F.);
#2879=ORIENTED_EDGE('',*,*,#2157,.T.);
#2880=ORIENTED_EDGE('',*,*,#2220,.T.);
#2881=ORIENTED_EDGE('',*,*,#2221,.F.);
#2882=ORIENTED_EDGE('',*,*,#2218,.F.);
#2883=ORIENTED_EDGE('',*,*,#2156,.T.);
#2884=ORIENTED_EDGE('',*,*,#2222,.T.);
#2885=ORIENTED_EDGE('',*,*,#2223,.F.);
#2886=ORIENTED_EDGE('',*,*,#2220,.F.);
#2887=ORIENTED_EDGE('',*,*,#2155,.T.);
#2888=ORIENTED_EDGE('',*,*,#2224,.T.);
#2889=ORIENTED_EDGE('',*,*,#2225,.F.);
#2890=ORIENTED_EDGE('',*,*,#2222,.F.);
#2891=ORIENTED_EDGE('',*,*,#2153,.T.);
#2892=ORIENTED_EDGE('',*,*,#2226,.T.);
#2893=ORIENTED_EDGE('',*,*,#2227,.F.);
#2894=ORIENTED_EDGE('',*,*,#2228,.F.);
#2895=ORIENTED_EDGE('',*,*,#2152,.T.);
#2896=ORIENTED_EDGE('',*,*,#2229,.T.);
#2897=ORIENTED_EDGE('',*,*,#2230,.F.);
#2898=ORIENTED_EDGE('',*,*,#2226,.F.);
#2899=ORIENTED_EDGE('',*,*,#2151,.T.);
#2900=ORIENTED_EDGE('',*,*,#2231,.T.);
#2901=ORIENTED_EDGE('',*,*,#2232,.F.);
#2902=ORIENTED_EDGE('',*,*,#2229,.F.);
#2903=ORIENTED_EDGE('',*,*,#2150,.T.);
#2904=ORIENTED_EDGE('',*,*,#2233,.T.);
#2905=ORIENTED_EDGE('',*,*,#2234,.F.);
#2906=ORIENTED_EDGE('',*,*,#2231,.F.);
#2907=ORIENTED_EDGE('',*,*,#2149,.T.);
#2908=ORIENTED_EDGE('',*,*,#2235,.T.);
#2909=ORIENTED_EDGE('',*,*,#2236,.F.);
#2910=ORIENTED_EDGE('',*,*,#2233,.F.);
#2911=ORIENTED_EDGE('',*,*,#2147,.T.);
#2912=ORIENTED_EDGE('',*,*,#2237,.T.);
#2913=ORIENTED_EDGE('',*,*,#2238,.F.);
#2914=ORIENTED_EDGE('',*,*,#2239,.F.);
#2915=ORIENTED_EDGE('',*,*,#2146,.T.);
#2916=ORIENTED_EDGE('',*,*,#2240,.T.);
#2917=ORIENTED_EDGE('',*,*,#2241,.F.);
#2918=ORIENTED_EDGE('',*,*,#2237,.F.);
#2919=ORIENTED_EDGE('',*,*,#2145,.T.);
#2920=ORIENTED_EDGE('',*,*,#2242,.T.);
#2921=ORIENTED_EDGE('',*,*,#2243,.F.);
#2922=ORIENTED_EDGE('',*,*,#2240,.F.);
#2923=ORIENTED_EDGE('',*,*,#2144,.T.);
#2924=ORIENTED_EDGE('',*,*,#2244,.T.);
#2925=ORIENTED_EDGE('',*,*,#2245,.F.);
#2926=ORIENTED_EDGE('',*,*,#2242,.F.);
#2927=ORIENTED_EDGE('',*,*,#2143,.T.);
#2928=ORIENTED_EDGE('',*,*,#2246,.T.);
#2929=ORIENTED_EDGE('',*,*,#2247,.F.);
#2930=ORIENTED_EDGE('',*,*,#2244,.F.);
#2931=ORIENTED_EDGE('',*,*,#2248,.F.);
#2932=ORIENTED_EDGE('',*,*,#2249,.T.);
#2933=ORIENTED_EDGE('',*,*,#2246,.F.);
#2934=ORIENTED_EDGE('',*,*,#2142,.T.);
#2935=ORIENTED_EDGE('',*,*,#2250,.T.);
#2936=ORIENTED_EDGE('',*,*,#2251,.F.);
#2937=ORIENTED_EDGE('',*,*,#2141,.T.);
#2938=ORIENTED_EDGE('',*,*,#2252,.T.);
#2939=ORIENTED_EDGE('',*,*,#2253,.F.);
#2940=ORIENTED_EDGE('',*,*,#2250,.F.);
#2941=ORIENTED_EDGE('',*,*,#2139,.T.);
#2942=ORIENTED_EDGE('',*,*,#2254,.T.);
#2943=ORIENTED_EDGE('',*,*,#2255,.F.);
#2944=ORIENTED_EDGE('',*,*,#2256,.F.);
#2945=ORIENTED_EDGE('',*,*,#2138,.T.);
#2946=ORIENTED_EDGE('',*,*,#2257,.T.);
#2947=ORIENTED_EDGE('',*,*,#2258,.F.);
#2948=ORIENTED_EDGE('',*,*,#2254,.F.);
#2949=ORIENTED_EDGE('',*,*,#2137,.T.);
#2950=ORIENTED_EDGE('',*,*,#2259,.T.);
#2951=ORIENTED_EDGE('',*,*,#2260,.F.);
#2952=ORIENTED_EDGE('',*,*,#2257,.F.);
#2953=ORIENTED_EDGE('',*,*,#2136,.T.);
#2954=ORIENTED_EDGE('',*,*,#2261,.T.);
#2955=ORIENTED_EDGE('',*,*,#2262,.F.);
#2956=ORIENTED_EDGE('',*,*,#2259,.F.);
#2957=ORIENTED_EDGE('',*,*,#2135,.T.);
#2958=ORIENTED_EDGE('',*,*,#2263,.T.);
#2959=ORIENTED_EDGE('',*,*,#2264,.F.);
#2960=ORIENTED_EDGE('',*,*,#2261,.F.);
#2961=ORIENTED_EDGE('',*,*,#2133,.T.);
#2962=ORIENTED_EDGE('',*,*,#2265,.T.);
#2963=ORIENTED_EDGE('',*,*,#2266,.F.);
#2964=ORIENTED_EDGE('',*,*,#2267,.F.);
#2965=ORIENTED_EDGE('',*,*,#2132,.T.);
#2966=ORIENTED_EDGE('',*,*,#2268,.T.);
#2967=ORIENTED_EDGE('',*,*,#2269,.F.);
#2968=ORIENTED_EDGE('',*,*,#2265,.F.);
#2969=ORIENTED_EDGE('',*,*,#2131,.T.);
#2970=ORIENTED_EDGE('',*,*,#2270,.T.);
#2971=ORIENTED_EDGE('',*,*,#2271,.F.);
#2972=ORIENTED_EDGE('',*,*,#2268,.F.);
#2973=ORIENTED_EDGE('',*,*,#2130,.T.);
#2974=ORIENTED_EDGE('',*,*,#2272,.T.);
#2975=ORIENTED_EDGE('',*,*,#2273,.F.);
#2976=ORIENTED_EDGE('',*,*,#2270,.F.);
#2977=ORIENTED_EDGE('',*,*,#2129,.T.);
#2978=ORIENTED_EDGE('',*,*,#2274,.T.);
#2979=ORIENTED_EDGE('',*,*,#2275,.F.);
#2980=ORIENTED_EDGE('',*,*,#2272,.F.);
#2981=ORIENTED_EDGE('',*,*,#2127,.T.);
#2982=ORIENTED_EDGE('',*,*,#2276,.T.);
#2983=ORIENTED_EDGE('',*,*,#2277,.F.);
#2984=ORIENTED_EDGE('',*,*,#2278,.F.);
#2985=ORIENTED_EDGE('',*,*,#2126,.T.);
#2986=ORIENTED_EDGE('',*,*,#2279,.T.);
#2987=ORIENTED_EDGE('',*,*,#2280,.F.);
#2988=ORIENTED_EDGE('',*,*,#2276,.F.);
#2989=ORIENTED_EDGE('',*,*,#2125,.T.);
#2990=ORIENTED_EDGE('',*,*,#2281,.T.);
#2991=ORIENTED_EDGE('',*,*,#2282,.F.);
#2992=ORIENTED_EDGE('',*,*,#2279,.F.);
#2993=ORIENTED_EDGE('',*,*,#2124,.T.);
#2994=ORIENTED_EDGE('',*,*,#2283,.T.);
#2995=ORIENTED_EDGE('',*,*,#2284,.F.);
#2996=ORIENTED_EDGE('',*,*,#2281,.F.);
#2997=ORIENTED_EDGE('',*,*,#2123,.T.);
#2998=ORIENTED_EDGE('',*,*,#2285,.T.);
#2999=ORIENTED_EDGE('',*,*,#2286,.F.);
#3000=ORIENTED_EDGE('',*,*,#2283,.F.);
#3001=ORIENTED_EDGE('',*,*,#2258,.T.);
#3002=ORIENTED_EDGE('',*,*,#2260,.T.);
#3003=ORIENTED_EDGE('',*,*,#2262,.T.);
#3004=ORIENTED_EDGE('',*,*,#2264,.T.);
#3005=ORIENTED_EDGE('',*,*,#2287,.T.);
#3006=ORIENTED_EDGE('',*,*,#2255,.T.);
#3007=ORIENTED_EDGE('',*,*,#2284,.T.);
#3008=ORIENTED_EDGE('',*,*,#2286,.T.);
#3009=ORIENTED_EDGE('',*,*,#2288,.T.);
#3010=ORIENTED_EDGE('',*,*,#2277,.T.);
#3011=ORIENTED_EDGE('',*,*,#2280,.T.);
#3012=ORIENTED_EDGE('',*,*,#2282,.T.);
#3013=ORIENTED_EDGE('',*,*,#2289,.F.);
#3014=ORIENTED_EDGE('',*,*,#2290,.F.);
#3015=ORIENTED_EDGE('',*,*,#2291,.F.);
#3016=ORIENTED_EDGE('',*,*,#2292,.T.);
#3017=ORIENTED_EDGE('',*,*,#2199,.F.);
#3018=ORIENTED_EDGE('',*,*,#2168,.T.);
#3019=ORIENTED_EDGE('',*,*,#2203,.T.);
#3020=ORIENTED_EDGE('',*,*,#2293,.F.);
#3021=ORIENTED_EDGE('',*,*,#2294,.F.);
#3022=ORIENTED_EDGE('',*,*,#2295,.F.);
#3023=ORIENTED_EDGE('',*,*,#2210,.F.);
#3024=ORIENTED_EDGE('',*,*,#2162,.T.);
#3025=ORIENTED_EDGE('',*,*,#2214,.T.);
#3026=ORIENTED_EDGE('',*,*,#2296,.F.);
#3027=ORIENTED_EDGE('',*,*,#2297,.T.);
#3028=ORIENTED_EDGE('',*,*,#2235,.F.);
#3029=ORIENTED_EDGE('',*,*,#2148,.T.);
#3030=ORIENTED_EDGE('',*,*,#2239,.T.);
#3031=ORIENTED_EDGE('',*,*,#2298,.F.);
#3032=ORIENTED_EDGE('',*,*,#2299,.F.);
#3033=ORIENTED_EDGE('',*,*,#2212,.F.);
#3034=ORIENTED_EDGE('',*,*,#2160,.T.);
#3035=ORIENTED_EDGE('',*,*,#2217,.T.);
#3036=ORIENTED_EDGE('',*,*,#2300,.F.);
#3037=ORIENTED_EDGE('',*,*,#2301,.F.);
#3038=ORIENTED_EDGE('',*,*,#2302,.F.);
#3039=ORIENTED_EDGE('',*,*,#2224,.F.);
#3040=ORIENTED_EDGE('',*,*,#2154,.T.);
#3041=ORIENTED_EDGE('',*,*,#2228,.T.);
#3042=ORIENTED_EDGE('',*,*,#2303,.F.);
#3043=ORIENTED_EDGE('',*,*,#2304,.F.);
#3044=ORIENTED_EDGE('',*,*,#2305,.F.);
#3045=ORIENTED_EDGE('',*,*,#2306,.F.);
#3046=ORIENTED_EDGE('',*,*,#2307,.F.);
#3047=ORIENTED_EDGE('',*,*,#2252,.F.);
#3048=ORIENTED_EDGE('',*,*,#2140,.T.);
#3049=ORIENTED_EDGE('',*,*,#2256,.T.);
#3050=ORIENTED_EDGE('',*,*,#2287,.F.);
#3051=ORIENTED_EDGE('',*,*,#2263,.F.);
#3052=ORIENTED_EDGE('',*,*,#2134,.T.);
#3053=ORIENTED_EDGE('',*,*,#2267,.T.);
#3054=ORIENTED_EDGE('',*,*,#2308,.T.);
#3055=ORIENTED_EDGE('',*,*,#2309,.F.);
#3056=ORIENTED_EDGE('',*,*,#2310,.F.);
#3057=ORIENTED_EDGE('',*,*,#2311,.F.);
#3058=ORIENTED_EDGE('',*,*,#2312,.T.);
#3059=ORIENTED_EDGE('',*,*,#2184,.F.);
#3060=ORIENTED_EDGE('',*,*,#2313,.T.);
#3061=ORIENTED_EDGE('',*,*,#2314,.T.);
#3062=ORIENTED_EDGE('',*,*,#2313,.F.);
#3063=ORIENTED_EDGE('',*,*,#2183,.F.);
#3064=ORIENTED_EDGE('',*,*,#2315,.T.);
#3065=ORIENTED_EDGE('',*,*,#2316,.T.);
#3066=ORIENTED_EDGE('',*,*,#2315,.F.);
#3067=ORIENTED_EDGE('',*,*,#2182,.F.);
#3068=ORIENTED_EDGE('',*,*,#2317,.T.);
#3069=ORIENTED_EDGE('',*,*,#2318,.T.);
#3070=ORIENTED_EDGE('',*,*,#2317,.F.);
#3071=ORIENTED_EDGE('',*,*,#2181,.F.);
#3072=ORIENTED_EDGE('',*,*,#2319,.T.);
#3073=ORIENTED_EDGE('',*,*,#2320,.T.);
#3074=ORIENTED_EDGE('',*,*,#2319,.F.);
#3075=ORIENTED_EDGE('',*,*,#2180,.F.);
#3076=ORIENTED_EDGE('',*,*,#2321,.T.);
#3077=ORIENTED_EDGE('',*,*,#2322,.T.);
#3078=ORIENTED_EDGE('',*,*,#2321,.F.);
#3079=ORIENTED_EDGE('',*,*,#2179,.F.);
#3080=ORIENTED_EDGE('',*,*,#2323,.T.);
#3081=ORIENTED_EDGE('',*,*,#2324,.T.);
#3082=ORIENTED_EDGE('',*,*,#2323,.F.);
#3083=ORIENTED_EDGE('',*,*,#2325,.F.);
#3084=ORIENTED_EDGE('',*,*,#2326,.T.);
#3085=ORIENTED_EDGE('',*,*,#2327,.F.);
#3086=ORIENTED_EDGE('',*,*,#2328,.T.);
#3087=ORIENTED_EDGE('',*,*,#2329,.T.);
#3088=ORIENTED_EDGE('',*,*,#2327,.T.);
#3089=ORIENTED_EDGE('',*,*,#2330,.T.);
#3090=ORIENTED_EDGE('',*,*,#2291,.T.);
#3091=ORIENTED_EDGE('',*,*,#2331,.F.);
#3092=ORIENTED_EDGE('',*,*,#2332,.T.);
#3093=ORIENTED_EDGE('',*,*,#2333,.F.);
#3094=ORIENTED_EDGE('',*,*,#2334,.T.);
#3095=ORIENTED_EDGE('',*,*,#2335,.T.);
#3096=ORIENTED_EDGE('',*,*,#2333,.T.);
#3097=ORIENTED_EDGE('',*,*,#2336,.T.);
#3098=ORIENTED_EDGE('',*,*,#2325,.T.);
#3099=ORIENTED_EDGE('',*,*,#2337,.T.);
#3100=ORIENTED_EDGE('',*,*,#2338,.T.);
#3101=ORIENTED_EDGE('',*,*,#2339,.T.);
#3102=ORIENTED_EDGE('',*,*,#2331,.T.);
#3103=ORIENTED_EDGE('',*,*,#2340,.F.);
#3104=ORIENTED_EDGE('',*,*,#2341,.T.);
#3105=ORIENTED_EDGE('',*,*,#2338,.F.);
#3106=ORIENTED_EDGE('',*,*,#2342,.F.);
#3107=ORIENTED_EDGE('',*,*,#2343,.T.);
#3108=ORIENTED_EDGE('',*,*,#2340,.T.);
#3109=ORIENTED_EDGE('',*,*,#2344,.T.);
#3110=ORIENTED_EDGE('',*,*,#2289,.T.);
#3111=ORIENTED_EDGE('',*,*,#2345,.T.);
#3112=ORIENTED_EDGE('',*,*,#2346,.T.);
#3113=ORIENTED_EDGE('',*,*,#2347,.T.);
#3114=ORIENTED_EDGE('',*,*,#2348,.T.);
#3115=ORIENTED_EDGE('',*,*,#2349,.F.);
#3116=ORIENTED_EDGE('',*,*,#2350,.T.);
#3117=ORIENTED_EDGE('',*,*,#2346,.F.);
#3118=ORIENTED_EDGE('',*,*,#2351,.T.);
#3119=ORIENTED_EDGE('',*,*,#2352,.T.);
#3120=ORIENTED_EDGE('',*,*,#2349,.T.);
#3121=ORIENTED_EDGE('',*,*,#2353,.T.);
#3122=ORIENTED_EDGE('',*,*,#2298,.T.);
#3123=ORIENTED_EDGE('',*,*,#2354,.T.);
#3124=ORIENTED_EDGE('',*,*,#2355,.T.);
#3125=ORIENTED_EDGE('',*,*,#2356,.T.);
#3126=ORIENTED_EDGE('',*,*,#2357,.T.);
#3127=ORIENTED_EDGE('',*,*,#2358,.F.);
#3128=ORIENTED_EDGE('',*,*,#2359,.T.);
#3129=ORIENTED_EDGE('',*,*,#2355,.F.);
#3130=ORIENTED_EDGE('',*,*,#2360,.T.);
#3131=ORIENTED_EDGE('',*,*,#2361,.T.);
#3132=ORIENTED_EDGE('',*,*,#2358,.T.);
#3133=ORIENTED_EDGE('',*,*,#2362,.T.);
#3134=ORIENTED_EDGE('',*,*,#2304,.T.);
#3135=ORIENTED_EDGE('',*,*,#2363,.F.);
#3136=ORIENTED_EDGE('',*,*,#2364,.T.);
#3137=ORIENTED_EDGE('',*,*,#2365,.F.);
#3138=ORIENTED_EDGE('',*,*,#2366,.T.);
#3139=ORIENTED_EDGE('',*,*,#2367,.T.);
#3140=ORIENTED_EDGE('',*,*,#2365,.T.);
#3141=ORIENTED_EDGE('',*,*,#2368,.T.);
#3142=ORIENTED_EDGE('',*,*,#2301,.T.);
#3143=ORIENTED_EDGE('',*,*,#2369,.F.);
#3144=ORIENTED_EDGE('',*,*,#2370,.F.);
#3145=ORIENTED_EDGE('',*,*,#2357,.F.);
#3146=ORIENTED_EDGE('',*,*,#2371,.T.);
#3147=ORIENTED_EDGE('',*,*,#2372,.T.);
#3148=ORIENTED_EDGE('',*,*,#2369,.T.);
#3149=ORIENTED_EDGE('',*,*,#2373,.T.);
#3150=ORIENTED_EDGE('',*,*,#2363,.T.);
#3151=ORIENTED_EDGE('',*,*,#2374,.T.);
#3152=ORIENTED_EDGE('',*,*,#2375,.T.);
#3153=ORIENTED_EDGE('',*,*,#2376,.T.);
#3154=ORIENTED_EDGE('',*,*,#2306,.T.);
#3155=ORIENTED_EDGE('',*,*,#2377,.T.);
#3156=ORIENTED_EDGE('',*,*,#2378,.T.);
#3157=ORIENTED_EDGE('',*,*,#2379,.T.);
#3158=ORIENTED_EDGE('',*,*,#2248,.T.);
#3159=ORIENTED_EDGE('',*,*,#2380,.F.);
#3160=ORIENTED_EDGE('',*,*,#2381,.T.);
#3161=ORIENTED_EDGE('',*,*,#2382,.F.);
#3162=ORIENTED_EDGE('',*,*,#2383,.T.);
#3163=ORIENTED_EDGE('',*,*,#2384,.T.);
#3164=ORIENTED_EDGE('',*,*,#2382,.T.);
#3165=ORIENTED_EDGE('',*,*,#2385,.T.);
#3166=ORIENTED_EDGE('',*,*,#2386,.T.);
#3167=ORIENTED_EDGE('',*,*,#2387,.F.);
#3168=ORIENTED_EDGE('',*,*,#2388,.T.);
#3169=ORIENTED_EDGE('',*,*,#2386,.F.);
#3170=ORIENTED_EDGE('',*,*,#2389,.T.);
#3171=ORIENTED_EDGE('',*,*,#2390,.T.);
#3172=ORIENTED_EDGE('',*,*,#2387,.T.);
#3173=ORIENTED_EDGE('',*,*,#2391,.T.);
#3174=ORIENTED_EDGE('',*,*,#2311,.T.);
#3175=ORIENTED_EDGE('',*,*,#2392,.F.);
#3176=ORIENTED_EDGE('',*,*,#2393,.T.);
#3177=ORIENTED_EDGE('',*,*,#2394,.F.);
#3178=ORIENTED_EDGE('',*,*,#2395,.T.);
#3179=ORIENTED_EDGE('',*,*,#2396,.T.);
#3180=ORIENTED_EDGE('',*,*,#2380,.T.);
#3181=ORIENTED_EDGE('',*,*,#2397,.T.);
#3182=ORIENTED_EDGE('',*,*,#2394,.T.);
#3183=ORIENTED_EDGE('',*,*,#2398,.F.);
#3184=ORIENTED_EDGE('',*,*,#2399,.T.);
#3185=ORIENTED_EDGE('',*,*,#2378,.F.);
#3186=ORIENTED_EDGE('',*,*,#2400,.F.);
#3187=ORIENTED_EDGE('',*,*,#2401,.T.);
#3188=ORIENTED_EDGE('',*,*,#2398,.T.);
#3189=ORIENTED_EDGE('',*,*,#2402,.T.);
#3190=ORIENTED_EDGE('',*,*,#2309,.T.);
#3191=ORIENTED_EDGE('',*,*,#2403,.F.);
#3192=ORIENTED_EDGE('',*,*,#2404,.F.);
#3193=ORIENTED_EDGE('',*,*,#2375,.F.);
#3194=ORIENTED_EDGE('',*,*,#2405,.T.);
#3195=ORIENTED_EDGE('',*,*,#2406,.T.);
#3196=ORIENTED_EDGE('',*,*,#2403,.T.);
#3197=ORIENTED_EDGE('',*,*,#2407,.T.);
#3198=ORIENTED_EDGE('',*,*,#2392,.T.);
#3199=ORIENTED_EDGE('',*,*,#2408,.F.);
#3200=ORIENTED_EDGE('',*,*,#2409,.T.);
#3201=ORIENTED_EDGE('',*,*,#2410,.F.);
#3202=ORIENTED_EDGE('',*,*,#2411,.T.);
#3203=ORIENTED_EDGE('',*,*,#2412,.T.);
#3204=ORIENTED_EDGE('',*,*,#2410,.T.);
#3205=ORIENTED_EDGE('',*,*,#2413,.T.);
#3206=ORIENTED_EDGE('',*,*,#2414,.T.);
#3207=ORIENTED_EDGE('',*,*,#2415,.F.);
#3208=ORIENTED_EDGE('',*,*,#2416,.F.);
#3209=ORIENTED_EDGE('',*,*,#2414,.F.);
#3210=ORIENTED_EDGE('',*,*,#2417,.T.);
#3211=ORIENTED_EDGE('',*,*,#2418,.T.);
#3212=ORIENTED_EDGE('',*,*,#2415,.T.);
#3213=ORIENTED_EDGE('',*,*,#2419,.T.);
#3214=ORIENTED_EDGE('',*,*,#2420,.T.);
#3215=ORIENTED_EDGE('',*,*,#2421,.F.);
#3216=ORIENTED_EDGE('',*,*,#2422,.F.);
#3217=ORIENTED_EDGE('',*,*,#2348,.F.);
#3218=ORIENTED_EDGE('',*,*,#2423,.T.);
#3219=ORIENTED_EDGE('',*,*,#2424,.T.);
#3220=ORIENTED_EDGE('',*,*,#2421,.T.);
#3221=ORIENTED_EDGE('',*,*,#2425,.T.);
#3222=ORIENTED_EDGE('',*,*,#2294,.T.);
#3223=ORIENTED_EDGE('',*,*,#2426,.F.);
#3224=ORIENTED_EDGE('',*,*,#2427,.T.);
#3225=ORIENTED_EDGE('',*,*,#2428,.F.);
#3226=ORIENTED_EDGE('',*,*,#2429,.T.);
#3227=ORIENTED_EDGE('',*,*,#2426,.T.);
#3228=ORIENTED_EDGE('',*,*,#2430,.T.);
#3229=ORIENTED_EDGE('',*,*,#2431,.F.);
#3230=ORIENTED_EDGE('',*,*,#2432,.T.);
#3231=ORIENTED_EDGE('',*,*,#2433,.F.);
#3232=ORIENTED_EDGE('',*,*,#2434,.T.);
#3233=ORIENTED_EDGE('',*,*,#2431,.T.);
#3234=ORIENTED_EDGE('',*,*,#2435,.T.);
#3235=ORIENTED_EDGE('',*,*,#2433,.T.);
#3236=ORIENTED_EDGE('',*,*,#2436,.T.);
#3237=ORIENTED_EDGE('',*,*,#2437,.F.);
#3238=ORIENTED_EDGE('',*,*,#2438,.T.);
#3239=ORIENTED_EDGE('',*,*,#2439,.F.);
#3240=ORIENTED_EDGE('',*,*,#2440,.T.);
#3241=ORIENTED_EDGE('',*,*,#2437,.T.);
#3242=ORIENTED_EDGE('',*,*,#2441,.T.);
#3243=ORIENTED_EDGE('',*,*,#2439,.T.);
#3244=ORIENTED_EDGE('',*,*,#2442,.T.);
#3245=ORIENTED_EDGE('',*,*,#2443,.F.);
#3246=ORIENTED_EDGE('',*,*,#2444,.T.);
#3247=ORIENTED_EDGE('',*,*,#2445,.F.);
#3248=ORIENTED_EDGE('',*,*,#2446,.T.);
#3249=ORIENTED_EDGE('',*,*,#2443,.T.);
#3250=ORIENTED_EDGE('',*,*,#2447,.T.);
#3251=ORIENTED_EDGE('',*,*,#2445,.T.);
#3252=ORIENTED_EDGE('',*,*,#2448,.T.);
#3253=ORIENTED_EDGE('',*,*,#2428,.T.);
#3254=ORIENTED_EDGE('',*,*,#2449,.T.);
#3255=ORIENTED_EDGE('',*,*,#2450,.F.);
#3256=ORIENTED_EDGE('',*,*,#2432,.F.);
#3257=ORIENTED_EDGE('',*,*,#2451,.F.);
#3258=ORIENTED_EDGE('',*,*,#2452,.F.);
#3259=ORIENTED_EDGE('',*,*,#2451,.T.);
#3260=ORIENTED_EDGE('',*,*,#2434,.F.);
#3261=ORIENTED_EDGE('',*,*,#2453,.T.);
#3262=ORIENTED_EDGE('',*,*,#2454,.F.);
#3263=ORIENTED_EDGE('',*,*,#2453,.F.);
#3264=ORIENTED_EDGE('',*,*,#2438,.F.);
#3265=ORIENTED_EDGE('',*,*,#2455,.F.);
#3266=ORIENTED_EDGE('',*,*,#2456,.F.);
#3267=ORIENTED_EDGE('',*,*,#2455,.T.);
#3268=ORIENTED_EDGE('',*,*,#2440,.F.);
#3269=ORIENTED_EDGE('',*,*,#2457,.T.);
#3270=ORIENTED_EDGE('',*,*,#2458,.F.);
#3271=ORIENTED_EDGE('',*,*,#2459,.T.);
#3272=ORIENTED_EDGE('',*,*,#2460,.F.);
#3273=ORIENTED_EDGE('',*,*,#2461,.F.);
#3274=ORIENTED_EDGE('',*,*,#2462,.T.);
#3275=ORIENTED_EDGE('',*,*,#2463,.T.);
#3276=ORIENTED_EDGE('',*,*,#2462,.F.);
#3277=ORIENTED_EDGE('',*,*,#2464,.F.);
#3278=ORIENTED_EDGE('',*,*,#2465,.F.);
#3279=ORIENTED_EDGE('',*,*,#2457,.F.);
#3280=ORIENTED_EDGE('',*,*,#2444,.F.);
#3281=ORIENTED_EDGE('',*,*,#2466,.F.);
#3282=ORIENTED_EDGE('',*,*,#2467,.F.);
#3283=ORIENTED_EDGE('',*,*,#2466,.T.);
#3284=ORIENTED_EDGE('',*,*,#2446,.F.);
#3285=ORIENTED_EDGE('',*,*,#2468,.T.);
#3286=ORIENTED_EDGE('',*,*,#2469,.F.);
#3287=ORIENTED_EDGE('',*,*,#2468,.F.);
#3288=ORIENTED_EDGE('',*,*,#2449,.F.);
#3289=ORIENTED_EDGE('',*,*,#2470,.F.);
#3290=ORIENTED_EDGE('',*,*,#2471,.F.);
#3291=ORIENTED_EDGE('',*,*,#2470,.T.);
#3292=ORIENTED_EDGE('',*,*,#2427,.F.);
#3293=ORIENTED_EDGE('',*,*,#2450,.T.);
#3294=ORIENTED_EDGE('',*,*,#2472,.F.);
#3295=ORIENTED_EDGE('',*,*,#2473,.T.);
#3296=ORIENTED_EDGE('',*,*,#2465,.T.);
#3297=ORIENTED_EDGE('',*,*,#2474,.F.);
#3298=ORIENTED_EDGE('',*,*,#2475,.T.);
#3299=ORIENTED_EDGE('',*,*,#2476,.T.);
#3300=ORIENTED_EDGE('',*,*,#2475,.F.);
#3301=ORIENTED_EDGE('',*,*,#2477,.F.);
#3302=ORIENTED_EDGE('',*,*,#2460,.T.);
#3303=ORIENTED_EDGE('',*,*,#2473,.F.);
#3304=ORIENTED_EDGE('',*,*,#2476,.F.);
#3305=ORIENTED_EDGE('',*,*,#2459,.F.);
#3306=ORIENTED_EDGE('',*,*,#2463,.F.);
#3307=ORIENTED_EDGE('',*,*,#2458,.T.);
#3308=ORIENTED_EDGE('',*,*,#2467,.T.);
#3309=ORIENTED_EDGE('',*,*,#2469,.T.);
#3310=ORIENTED_EDGE('',*,*,#2471,.T.);
#3311=ORIENTED_EDGE('',*,*,#2472,.T.);
#3312=ORIENTED_EDGE('',*,*,#2452,.T.);
#3313=ORIENTED_EDGE('',*,*,#2454,.T.);
#3314=ORIENTED_EDGE('',*,*,#2456,.T.);
#3315=ORIENTED_EDGE('',*,*,#2478,.F.);
#3316=ORIENTED_EDGE('',*,*,#2196,.T.);
#3317=ORIENTED_EDGE('',*,*,#2198,.T.);
#3318=ORIENTED_EDGE('',*,*,#2200,.T.);
#3319=ORIENTED_EDGE('',*,*,#2292,.F.);
#3320=ORIENTED_EDGE('',*,*,#2330,.F.);
#3321=ORIENTED_EDGE('',*,*,#2326,.F.);
#3322=ORIENTED_EDGE('',*,*,#2336,.F.);
#3323=ORIENTED_EDGE('',*,*,#2332,.F.);
#3324=ORIENTED_EDGE('',*,*,#2339,.F.);
#3325=ORIENTED_EDGE('',*,*,#2341,.F.);
#3326=ORIENTED_EDGE('',*,*,#2343,.F.);
#3327=ORIENTED_EDGE('',*,*,#2293,.T.);
#3328=ORIENTED_EDGE('',*,*,#2202,.T.);
#3329=ORIENTED_EDGE('',*,*,#2205,.T.);
#3330=ORIENTED_EDGE('',*,*,#2207,.T.);
#3331=ORIENTED_EDGE('',*,*,#2209,.T.);
#3332=ORIENTED_EDGE('',*,*,#2211,.T.);
#3333=ORIENTED_EDGE('',*,*,#2295,.T.);
#3334=ORIENTED_EDGE('',*,*,#2425,.F.);
#3335=ORIENTED_EDGE('',*,*,#2423,.F.);
#3336=ORIENTED_EDGE('',*,*,#2347,.F.);
#3337=ORIENTED_EDGE('',*,*,#2350,.F.);
#3338=ORIENTED_EDGE('',*,*,#2352,.F.);
#3339=ORIENTED_EDGE('',*,*,#2300,.T.);
#3340=ORIENTED_EDGE('',*,*,#2216,.T.);
#3341=ORIENTED_EDGE('',*,*,#2219,.T.);
#3342=ORIENTED_EDGE('',*,*,#2221,.T.);
#3343=ORIENTED_EDGE('',*,*,#2223,.T.);
#3344=ORIENTED_EDGE('',*,*,#2225,.T.);
#3345=ORIENTED_EDGE('',*,*,#2302,.T.);
#3346=ORIENTED_EDGE('',*,*,#2368,.F.);
#3347=ORIENTED_EDGE('',*,*,#2364,.F.);
#3348=ORIENTED_EDGE('',*,*,#2373,.F.);
#3349=ORIENTED_EDGE('',*,*,#2371,.F.);
#3350=ORIENTED_EDGE('',*,*,#2356,.F.);
#3351=ORIENTED_EDGE('',*,*,#2359,.F.);
#3352=ORIENTED_EDGE('',*,*,#2361,.F.);
#3353=ORIENTED_EDGE('',*,*,#2303,.T.);
#3354=ORIENTED_EDGE('',*,*,#2227,.T.);
#3355=ORIENTED_EDGE('',*,*,#2230,.T.);
#3356=ORIENTED_EDGE('',*,*,#2232,.T.);
#3357=ORIENTED_EDGE('',*,*,#2234,.T.);
#3358=ORIENTED_EDGE('',*,*,#2236,.T.);
#3359=ORIENTED_EDGE('',*,*,#2297,.F.);
#3360=ORIENTED_EDGE('',*,*,#2238,.T.);
#3361=ORIENTED_EDGE('',*,*,#2241,.T.);
#3362=ORIENTED_EDGE('',*,*,#2243,.T.);
#3363=ORIENTED_EDGE('',*,*,#2245,.T.);
#3364=ORIENTED_EDGE('',*,*,#2247,.T.);
#3365=ORIENTED_EDGE('',*,*,#2249,.F.);
#3366=ORIENTED_EDGE('',*,*,#2379,.F.);
#3367=ORIENTED_EDGE('',*,*,#2399,.F.);
#3368=ORIENTED_EDGE('',*,*,#2401,.F.);
#3369=ORIENTED_EDGE('',*,*,#2312,.F.);
#3370=ORIENTED_EDGE('',*,*,#2391,.F.);
#3371=ORIENTED_EDGE('',*,*,#2389,.F.);
#3372=ORIENTED_EDGE('',*,*,#2385,.F.);
#3373=ORIENTED_EDGE('',*,*,#2381,.F.);
#3374=ORIENTED_EDGE('',*,*,#2396,.F.);
#3375=ORIENTED_EDGE('',*,*,#2393,.F.);
#3376=ORIENTED_EDGE('',*,*,#2407,.F.);
#3377=ORIENTED_EDGE('',*,*,#2405,.F.);
#3378=ORIENTED_EDGE('',*,*,#2374,.F.);
#3379=ORIENTED_EDGE('',*,*,#2308,.F.);
#3380=ORIENTED_EDGE('',*,*,#2266,.T.);
#3381=ORIENTED_EDGE('',*,*,#2269,.T.);
#3382=ORIENTED_EDGE('',*,*,#2271,.T.);
#3383=ORIENTED_EDGE('',*,*,#2273,.T.);
#3384=ORIENTED_EDGE('',*,*,#2275,.T.);
#3385=ORIENTED_EDGE('',*,*,#2479,.T.);
#3386=ORIENTED_EDGE('',*,*,#2419,.F.);
#3387=ORIENTED_EDGE('',*,*,#2417,.F.);
#3388=ORIENTED_EDGE('',*,*,#2413,.F.);
#3389=ORIENTED_EDGE('',*,*,#2409,.F.);
#3390=ORIENTED_EDGE('',*,*,#2464,.T.);
#3391=ORIENTED_EDGE('',*,*,#2461,.T.);
#3392=ORIENTED_EDGE('',*,*,#2477,.T.);
#3393=ORIENTED_EDGE('',*,*,#2474,.T.);
#3394=ORIENTED_EDGE('',*,*,#2178,.F.);
#3395=ORIENTED_EDGE('',*,*,#2480,.T.);
#3396=ORIENTED_EDGE('',*,*,#2481,.T.);
#3397=ORIENTED_EDGE('',*,*,#2480,.F.);
#3398=ORIENTED_EDGE('',*,*,#2316,.F.);
#3399=ORIENTED_EDGE('',*,*,#2324,.F.);
#3400=ORIENTED_EDGE('',*,*,#2314,.F.);
#3401=ORIENTED_EDGE('',*,*,#2322,.F.);
#3402=ORIENTED_EDGE('',*,*,#2481,.F.);
#3403=ORIENTED_EDGE('',*,*,#2320,.F.);
#3404=ORIENTED_EDGE('',*,*,#2318,.F.);
#3405=ORIENTED_EDGE('',*,*,#2482,.F.);
#3406=ORIENTED_EDGE('',*,*,#2193,.T.);
#3407=ORIENTED_EDGE('',*,*,#2186,.T.);
#3408=ORIENTED_EDGE('',*,*,#2189,.T.);
#3409=ORIENTED_EDGE('',*,*,#2191,.T.);
#3410=ORIENTED_EDGE('',*,*,#2483,.T.);
#3411=ORIENTED_EDGE('',*,*,#2484,.F.);
#3412=ORIENTED_EDGE('',*,*,#2411,.F.);
#3413=ORIENTED_EDGE('',*,*,#2412,.F.);
#3414=ORIENTED_EDGE('',*,*,#2416,.T.);
#3415=ORIENTED_EDGE('',*,*,#2418,.F.);
#3416=ORIENTED_EDGE('',*,*,#2485,.T.);
#3417=ORIENTED_EDGE('',*,*,#2448,.F.);
#3418=ORIENTED_EDGE('',*,*,#2447,.F.);
#3419=ORIENTED_EDGE('',*,*,#2442,.F.);
#3420=ORIENTED_EDGE('',*,*,#2441,.F.);
#3421=ORIENTED_EDGE('',*,*,#2436,.F.);
#3422=ORIENTED_EDGE('',*,*,#2435,.F.);
#3423=ORIENTED_EDGE('',*,*,#2430,.F.);
#3424=ORIENTED_EDGE('',*,*,#2429,.F.);
#3425=ORIENTED_EDGE('',*,*,#2342,.T.);
#3426=ORIENTED_EDGE('',*,*,#2337,.F.);
#3427=ORIENTED_EDGE('',*,*,#2334,.F.);
#3428=ORIENTED_EDGE('',*,*,#2335,.F.);
#3429=ORIENTED_EDGE('',*,*,#2328,.F.);
#3430=ORIENTED_EDGE('',*,*,#2329,.F.);
#3431=ORIENTED_EDGE('',*,*,#2290,.T.);
#3432=ORIENTED_EDGE('',*,*,#2344,.F.);
#3433=ORIENTED_EDGE('',*,*,#2345,.F.);
#3434=ORIENTED_EDGE('',*,*,#2422,.T.);
#3435=ORIENTED_EDGE('',*,*,#2424,.F.);
#3436=ORIENTED_EDGE('',*,*,#2296,.T.);
#3437=ORIENTED_EDGE('',*,*,#2213,.T.);
#3438=ORIENTED_EDGE('',*,*,#2299,.T.);
#3439=ORIENTED_EDGE('',*,*,#2353,.F.);
#3440=ORIENTED_EDGE('',*,*,#2351,.F.);
#3441=ORIENTED_EDGE('',*,*,#2402,.F.);
#3442=ORIENTED_EDGE('',*,*,#2400,.T.);
#3443=ORIENTED_EDGE('',*,*,#2377,.F.);
#3444=ORIENTED_EDGE('',*,*,#2251,.T.);
#3445=ORIENTED_EDGE('',*,*,#2253,.T.);
#3446=ORIENTED_EDGE('',*,*,#2307,.T.);
#3447=ORIENTED_EDGE('',*,*,#2376,.F.);
#3448=ORIENTED_EDGE('',*,*,#2404,.T.);
#3449=ORIENTED_EDGE('',*,*,#2406,.F.);
#3450=ORIENTED_EDGE('',*,*,#2395,.F.);
#3451=ORIENTED_EDGE('',*,*,#2397,.F.);
#3452=ORIENTED_EDGE('',*,*,#2383,.F.);
#3453=ORIENTED_EDGE('',*,*,#2384,.F.);
#3454=ORIENTED_EDGE('',*,*,#2388,.F.);
#3455=ORIENTED_EDGE('',*,*,#2390,.F.);
#3456=ORIENTED_EDGE('',*,*,#2310,.T.);
#3457=ORIENTED_EDGE('',*,*,#2360,.F.);
#3458=ORIENTED_EDGE('',*,*,#2354,.F.);
#3459=ORIENTED_EDGE('',*,*,#2370,.T.);
#3460=ORIENTED_EDGE('',*,*,#2372,.F.);
#3461=ORIENTED_EDGE('',*,*,#2366,.F.);
#3462=ORIENTED_EDGE('',*,*,#2367,.F.);
#3463=ORIENTED_EDGE('',*,*,#2305,.T.);
#3464=ORIENTED_EDGE('',*,*,#2362,.F.);
#3465=ORIENTED_EDGE('',*,*,#2486,.F.);
#3466=ORIENTED_EDGE('',*,*,#2483,.F.);
#3467=ORIENTED_EDGE('',*,*,#2190,.F.);
#3468=ORIENTED_EDGE('',*,*,#2173,.F.);
#3469=ORIENTED_EDGE('',*,*,#2487,.F.);
#3470=ORIENTED_EDGE('',*,*,#2485,.F.);
#3471=ORIENTED_EDGE('',*,*,#2420,.F.);
#3472=ORIENTED_EDGE('',*,*,#2479,.F.);
#3473=ORIENTED_EDGE('',*,*,#2274,.F.);
#3474=ORIENTED_EDGE('',*,*,#2128,.T.);
#3475=ORIENTED_EDGE('',*,*,#2278,.T.);
#3476=ORIENTED_EDGE('',*,*,#2288,.F.);
#3477=ORIENTED_EDGE('',*,*,#2285,.F.);
#3478=ORIENTED_EDGE('',*,*,#2122,.T.);
#3479=ORIENTED_EDGE('',*,*,#2482,.T.);
#3480=ORIENTED_EDGE('',*,*,#2487,.T.);
#3481=ORIENTED_EDGE('',*,*,#2121,.T.);
#3482=ORIENTED_EDGE('',*,*,#2192,.T.);
#3483=ORIENTED_EDGE('',*,*,#2484,.T.);
#3484=ORIENTED_EDGE('',*,*,#2486,.T.);
#3485=ORIENTED_EDGE('',*,*,#2172,.T.);
#3486=ORIENTED_EDGE('',*,*,#2194,.T.);
#3487=ORIENTED_EDGE('',*,*,#2478,.T.);
#3488=ORIENTED_EDGE('',*,*,#2408,.T.);
#3489=ORIENTED_EDGE('',*,*,#2488,.F.);
#3490=ORIENTED_EDGE('',*,*,#2489,.F.);
#3491=ORIENTED_EDGE('',*,*,#2490,.F.);
#3492=ORIENTED_EDGE('',*,*,#2491,.F.);
#3493=ORIENTED_EDGE('',*,*,#2492,.F.);
#3494=ORIENTED_EDGE('',*,*,#2493,.F.);
#3495=ORIENTED_EDGE('',*,*,#2494,.F.);
#3496=ORIENTED_EDGE('',*,*,#2495,.F.);
#3497=ORIENTED_EDGE('',*,*,#2496,.F.);
#3498=ORIENTED_EDGE('',*,*,#2497,.F.);
#3499=ORIENTED_EDGE('',*,*,#2489,.T.);
#3500=ORIENTED_EDGE('',*,*,#2498,.F.);
#3501=ORIENTED_EDGE('',*,*,#2499,.F.);
#3502=ORIENTED_EDGE('',*,*,#2500,.F.);
#3503=ORIENTED_EDGE('',*,*,#2490,.T.);
#3504=ORIENTED_EDGE('',*,*,#2500,.T.);
#3505=ORIENTED_EDGE('',*,*,#2501,.F.);
#3506=ORIENTED_EDGE('',*,*,#2502,.T.);
#3507=ORIENTED_EDGE('',*,*,#2503,.F.);
#3508=ORIENTED_EDGE('',*,*,#2504,.T.);
#3509=ORIENTED_EDGE('',*,*,#2496,.T.);
#3510=ORIENTED_EDGE('',*,*,#2505,.F.);
#3511=ORIENTED_EDGE('',*,*,#2506,.F.);
#3512=ORIENTED_EDGE('',*,*,#2507,.F.);
#3513=ORIENTED_EDGE('',*,*,#2508,.F.);
#3514=ORIENTED_EDGE('',*,*,#2509,.F.);
#3515=ORIENTED_EDGE('',*,*,#2510,.F.);
#3516=ORIENTED_EDGE('',*,*,#2511,.F.);
#3517=ORIENTED_EDGE('',*,*,#2512,.F.);
#3518=ORIENTED_EDGE('',*,*,#2513,.F.);
#3519=ORIENTED_EDGE('',*,*,#2514,.F.);
#3520=ORIENTED_EDGE('',*,*,#2515,.F.);
#3521=ORIENTED_EDGE('',*,*,#2516,.F.);
#3522=ORIENTED_EDGE('',*,*,#2517,.F.);
#3523=ORIENTED_EDGE('',*,*,#2518,.F.);
#3524=ORIENTED_EDGE('',*,*,#2519,.F.);
#3525=ORIENTED_EDGE('',*,*,#2520,.F.);
#3526=ORIENTED_EDGE('',*,*,#2521,.F.);
#3527=ORIENTED_EDGE('',*,*,#2522,.F.);
#3528=ORIENTED_EDGE('',*,*,#2523,.F.);
#3529=ORIENTED_EDGE('',*,*,#2524,.F.);
#3530=ORIENTED_EDGE('',*,*,#2525,.F.);
#3531=ORIENTED_EDGE('',*,*,#2526,.F.);
#3532=ORIENTED_EDGE('',*,*,#2527,.F.);
#3533=ORIENTED_EDGE('',*,*,#2528,.F.);
#3534=ORIENTED_EDGE('',*,*,#2529,.F.);
#3535=ORIENTED_EDGE('',*,*,#2530,.F.);
#3536=ORIENTED_EDGE('',*,*,#2531,.F.);
#3537=ORIENTED_EDGE('',*,*,#2532,.F.);
#3538=ORIENTED_EDGE('',*,*,#2533,.F.);
#3539=ORIENTED_EDGE('',*,*,#2534,.F.);
#3540=ORIENTED_EDGE('',*,*,#2535,.F.);
#3541=ORIENTED_EDGE('',*,*,#2536,.F.);
#3542=ORIENTED_EDGE('',*,*,#2537,.F.);
#3543=ORIENTED_EDGE('',*,*,#2538,.F.);
#3544=ORIENTED_EDGE('',*,*,#2539,.F.);
#3545=ORIENTED_EDGE('',*,*,#2540,.F.);
#3546=ORIENTED_EDGE('',*,*,#2541,.F.);
#3547=ORIENTED_EDGE('',*,*,#2542,.F.);
#3548=ORIENTED_EDGE('',*,*,#2543,.F.);
#3549=ORIENTED_EDGE('',*,*,#2544,.F.);
#3550=ORIENTED_EDGE('',*,*,#2545,.F.);
#3551=ORIENTED_EDGE('',*,*,#2546,.F.);
#3552=ORIENTED_EDGE('',*,*,#2547,.F.);
#3553=ORIENTED_EDGE('',*,*,#2548,.F.);
#3554=ORIENTED_EDGE('',*,*,#2549,.F.);
#3555=ORIENTED_EDGE('',*,*,#2550,.F.);
#3556=ORIENTED_EDGE('',*,*,#2551,.F.);
#3557=ORIENTED_EDGE('',*,*,#2552,.T.);
#3558=ORIENTED_EDGE('',*,*,#2553,.T.);
#3559=ORIENTED_EDGE('',*,*,#2554,.T.);
#3560=ORIENTED_EDGE('',*,*,#2555,.T.);
#3561=ORIENTED_EDGE('',*,*,#2556,.T.);
#3562=ORIENTED_EDGE('',*,*,#2557,.T.);
#3563=ORIENTED_EDGE('',*,*,#2558,.T.);
#3564=ORIENTED_EDGE('',*,*,#2559,.T.);
#3565=ORIENTED_EDGE('',*,*,#2495,.T.);
#3566=ORIENTED_EDGE('',*,*,#2560,.F.);
#3567=ORIENTED_EDGE('',*,*,#2561,.F.);
#3568=ORIENTED_EDGE('',*,*,#2505,.T.);
#3569=ORIENTED_EDGE('',*,*,#2494,.T.);
#3570=ORIENTED_EDGE('',*,*,#2562,.F.);
#3571=ORIENTED_EDGE('',*,*,#2563,.F.);
#3572=ORIENTED_EDGE('',*,*,#2564,.F.);
#3573=ORIENTED_EDGE('',*,*,#2565,.T.);
#3574=ORIENTED_EDGE('',*,*,#2566,.T.);
#3575=ORIENTED_EDGE('',*,*,#2567,.T.);
#3576=ORIENTED_EDGE('',*,*,#2568,.T.);
#3577=ORIENTED_EDGE('',*,*,#2569,.T.);
#3578=ORIENTED_EDGE('',*,*,#2570,.T.);
#3579=ORIENTED_EDGE('',*,*,#2571,.T.);
#3580=ORIENTED_EDGE('',*,*,#2572,.T.);
#3581=ORIENTED_EDGE('',*,*,#2573,.T.);
#3582=ORIENTED_EDGE('',*,*,#2574,.T.);
#3583=ORIENTED_EDGE('',*,*,#2575,.T.);
#3584=ORIENTED_EDGE('',*,*,#2576,.F.);
#3585=ORIENTED_EDGE('',*,*,#2577,.F.);
#3586=ORIENTED_EDGE('',*,*,#2578,.F.);
#3587=ORIENTED_EDGE('',*,*,#2579,.F.);
#3588=ORIENTED_EDGE('',*,*,#2580,.F.);
#3589=ORIENTED_EDGE('',*,*,#2581,.F.);
#3590=ORIENTED_EDGE('',*,*,#2582,.F.);
#3591=ORIENTED_EDGE('',*,*,#2583,.T.);
#3592=ORIENTED_EDGE('',*,*,#2584,.T.);
#3593=ORIENTED_EDGE('',*,*,#2585,.T.);
#3594=ORIENTED_EDGE('',*,*,#2586,.T.);
#3595=ORIENTED_EDGE('',*,*,#2587,.T.);
#3596=ORIENTED_EDGE('',*,*,#2588,.T.);
#3597=ORIENTED_EDGE('',*,*,#2589,.T.);
#3598=ORIENTED_EDGE('',*,*,#2590,.F.);
#3599=ORIENTED_EDGE('',*,*,#2591,.F.);
#3600=ORIENTED_EDGE('',*,*,#2592,.F.);
#3601=ORIENTED_EDGE('',*,*,#2593,.F.);
#3602=ORIENTED_EDGE('',*,*,#2594,.F.);
#3603=ORIENTED_EDGE('',*,*,#2595,.F.);
#3604=ORIENTED_EDGE('',*,*,#2596,.F.);
#3605=ORIENTED_EDGE('',*,*,#2597,.F.);
#3606=ORIENTED_EDGE('',*,*,#2598,.T.);
#3607=ORIENTED_EDGE('',*,*,#2599,.T.);
#3608=ORIENTED_EDGE('',*,*,#2560,.T.);
#3609=ORIENTED_EDGE('',*,*,#2600,.T.);
#3610=ORIENTED_EDGE('',*,*,#2601,.F.);
#3611=ORIENTED_EDGE('',*,*,#2602,.F.);
#3612=ORIENTED_EDGE('',*,*,#2603,.F.);
#3613=ORIENTED_EDGE('',*,*,#2604,.F.);
#3614=ORIENTED_EDGE('',*,*,#2605,.F.);
#3615=ORIENTED_EDGE('',*,*,#2606,.F.);
#3616=ORIENTED_EDGE('',*,*,#2607,.F.);
#3617=ORIENTED_EDGE('',*,*,#2493,.T.);
#3618=ORIENTED_EDGE('',*,*,#2608,.T.);
#3619=ORIENTED_EDGE('',*,*,#2609,.F.);
#3620=ORIENTED_EDGE('',*,*,#2562,.T.);
#3621=ORIENTED_EDGE('',*,*,#2610,.F.);
#3622=ORIENTED_EDGE('',*,*,#2611,.F.);
#3623=ORIENTED_EDGE('',*,*,#2612,.F.);
#3624=ORIENTED_EDGE('',*,*,#2613,.F.);
#3625=ORIENTED_EDGE('',*,*,#2614,.F.);
#3626=ORIENTED_EDGE('',*,*,#2615,.F.);
#3627=ORIENTED_EDGE('',*,*,#2616,.F.);
#3628=ORIENTED_EDGE('',*,*,#2617,.F.);
#3629=ORIENTED_EDGE('',*,*,#2488,.T.);
#3630=ORIENTED_EDGE('',*,*,#2618,.T.);
#3631=ORIENTED_EDGE('',*,*,#2619,.T.);
#3632=ORIENTED_EDGE('',*,*,#2620,.T.);
#3633=ORIENTED_EDGE('',*,*,#2621,.F.);
#3634=ORIENTED_EDGE('',*,*,#2608,.F.);
#3635=ORIENTED_EDGE('',*,*,#2492,.T.);
#3636=ORIENTED_EDGE('',*,*,#2622,.T.);
#3637=ORIENTED_EDGE('',*,*,#2623,.T.);
#3638=ORIENTED_EDGE('',*,*,#2624,.T.);
#3639=ORIENTED_EDGE('',*,*,#2625,.T.);
#3640=ORIENTED_EDGE('',*,*,#2498,.T.);
#3641=ORIENTED_EDGE('',*,*,#2626,.T.);
#3642=ORIENTED_EDGE('',*,*,#2627,.F.);
#3643=ORIENTED_EDGE('',*,*,#2628,.F.);
#3644=ORIENTED_EDGE('',*,*,#2629,.F.);
#3645=ORIENTED_EDGE('',*,*,#2630,.F.);
#3646=ORIENTED_EDGE('',*,*,#2631,.F.);
#3647=ORIENTED_EDGE('',*,*,#2632,.F.);
#3648=ORIENTED_EDGE('',*,*,#2633,.F.);
#3649=ORIENTED_EDGE('',*,*,#2634,.F.);
#3650=ORIENTED_EDGE('',*,*,#2635,.F.);
#3651=ORIENTED_EDGE('',*,*,#2636,.F.);
#3652=ORIENTED_EDGE('',*,*,#2637,.F.);
#3653=ORIENTED_EDGE('',*,*,#2638,.F.);
#3654=ORIENTED_EDGE('',*,*,#2639,.T.);
#3655=ORIENTED_EDGE('',*,*,#2640,.F.);
#3656=ORIENTED_EDGE('',*,*,#2641,.F.);
#3657=ORIENTED_EDGE('',*,*,#2642,.F.);
#3658=ORIENTED_EDGE('',*,*,#2643,.F.);
#3659=ORIENTED_EDGE('',*,*,#2644,.T.);
#3660=ORIENTED_EDGE('',*,*,#2645,.F.);
#3661=ORIENTED_EDGE('',*,*,#2646,.T.);
#3662=ORIENTED_EDGE('',*,*,#2647,.F.);
#3663=ORIENTED_EDGE('',*,*,#2648,.F.);
#3664=ORIENTED_EDGE('',*,*,#2649,.F.);
#3665=ORIENTED_EDGE('',*,*,#2649,.T.);
#3666=ORIENTED_EDGE('',*,*,#2650,.T.);
#3667=ORIENTED_EDGE('',*,*,#2605,.T.);
#3668=ORIENTED_EDGE('',*,*,#2651,.T.);
#3669=ORIENTED_EDGE('',*,*,#2650,.F.);
#3670=ORIENTED_EDGE('',*,*,#2648,.T.);
#3671=ORIENTED_EDGE('',*,*,#2652,.F.);
#3672=ORIENTED_EDGE('',*,*,#2606,.T.);
#3673=ORIENTED_EDGE('',*,*,#2563,.T.);
#3674=ORIENTED_EDGE('',*,*,#2609,.T.);
#3675=ORIENTED_EDGE('',*,*,#2621,.T.);
#3676=ORIENTED_EDGE('',*,*,#2653,.T.);
#3677=ORIENTED_EDGE('',*,*,#2596,.T.);
#3678=ORIENTED_EDGE('',*,*,#2654,.T.);
#3679=ORIENTED_EDGE('',*,*,#2627,.T.);
#3680=ORIENTED_EDGE('',*,*,#2655,.T.);
#3681=ORIENTED_EDGE('',*,*,#2654,.F.);
#3682=ORIENTED_EDGE('',*,*,#2595,.T.);
#3683=ORIENTED_EDGE('',*,*,#2656,.F.);
#3684=ORIENTED_EDGE('',*,*,#2628,.T.);
#3685=ORIENTED_EDGE('',*,*,#2629,.T.);
#3686=ORIENTED_EDGE('',*,*,#2656,.T.);
#3687=ORIENTED_EDGE('',*,*,#2594,.T.);
#3688=ORIENTED_EDGE('',*,*,#2657,.T.);
#3689=ORIENTED_EDGE('',*,*,#2631,.T.);
#3690=ORIENTED_EDGE('',*,*,#2658,.T.);
#3691=ORIENTED_EDGE('',*,*,#2592,.T.);
#3692=ORIENTED_EDGE('',*,*,#2659,.T.);
#3693=ORIENTED_EDGE('',*,*,#2657,.F.);
#3694=ORIENTED_EDGE('',*,*,#2593,.T.);
#3695=ORIENTED_EDGE('',*,*,#2658,.F.);
#3696=ORIENTED_EDGE('',*,*,#2630,.T.);
#3697=ORIENTED_EDGE('',*,*,#2633,.T.);
#3698=ORIENTED_EDGE('',*,*,#2660,.T.);
#3699=ORIENTED_EDGE('',*,*,#2590,.T.);
#3700=ORIENTED_EDGE('',*,*,#2661,.T.);
#3701=ORIENTED_EDGE('',*,*,#2659,.F.);
#3702=ORIENTED_EDGE('',*,*,#2591,.T.);
#3703=ORIENTED_EDGE('',*,*,#2660,.F.);
#3704=ORIENTED_EDGE('',*,*,#2632,.T.);
#3705=ORIENTED_EDGE('',*,*,#2582,.T.);
#3706=ORIENTED_EDGE('',*,*,#2662,.T.);
#3707=ORIENTED_EDGE('',*,*,#2640,.T.);
#3708=ORIENTED_EDGE('',*,*,#2663,.T.);
#3709=ORIENTED_EDGE('',*,*,#2662,.F.);
#3710=ORIENTED_EDGE('',*,*,#2581,.T.);
#3711=ORIENTED_EDGE('',*,*,#2664,.F.);
#3712=ORIENTED_EDGE('',*,*,#2641,.T.);
#3713=ORIENTED_EDGE('',*,*,#2634,.T.);
#3714=ORIENTED_EDGE('',*,*,#2664,.T.);
#3715=ORIENTED_EDGE('',*,*,#2580,.T.);
#3716=ORIENTED_EDGE('',*,*,#2665,.T.);
#3717=ORIENTED_EDGE('',*,*,#2636,.T.);
#3718=ORIENTED_EDGE('',*,*,#2666,.T.);
#3719=ORIENTED_EDGE('',*,*,#2578,.T.);
#3720=ORIENTED_EDGE('',*,*,#2667,.T.);
#3721=ORIENTED_EDGE('',*,*,#2665,.F.);
#3722=ORIENTED_EDGE('',*,*,#2579,.T.);
#3723=ORIENTED_EDGE('',*,*,#2666,.F.);
#3724=ORIENTED_EDGE('',*,*,#2635,.T.);
#3725=ORIENTED_EDGE('',*,*,#2638,.T.);
#3726=ORIENTED_EDGE('',*,*,#2668,.T.);
#3727=ORIENTED_EDGE('',*,*,#2576,.T.);
#3728=ORIENTED_EDGE('',*,*,#2669,.T.);
#3729=ORIENTED_EDGE('',*,*,#2667,.F.);
#3730=ORIENTED_EDGE('',*,*,#2577,.T.);
#3731=ORIENTED_EDGE('',*,*,#2668,.F.);
#3732=ORIENTED_EDGE('',*,*,#2637,.T.);
#3733=ORIENTED_EDGE('',*,*,#2607,.T.);
#3734=ORIENTED_EDGE('',*,*,#2652,.T.);
#3735=ORIENTED_EDGE('',*,*,#2647,.T.);
#3736=ORIENTED_EDGE('',*,*,#2670,.T.);
#3737=ORIENTED_EDGE('',*,*,#2643,.T.);
#3738=ORIENTED_EDGE('',*,*,#2671,.T.);
#3739=ORIENTED_EDGE('',*,*,#2603,.T.);
#3740=ORIENTED_EDGE('',*,*,#2672,.T.);
#3741=ORIENTED_EDGE('',*,*,#2651,.F.);
#3742=ORIENTED_EDGE('',*,*,#2604,.T.);
#3743=ORIENTED_EDGE('',*,*,#2671,.F.);
#3744=ORIENTED_EDGE('',*,*,#2642,.T.);
#3745=ORIENTED_EDGE('',*,*,#2601,.T.);
#3746=ORIENTED_EDGE('',*,*,#2673,.T.);
#3747=ORIENTED_EDGE('',*,*,#2645,.T.);
#3748=ORIENTED_EDGE('',*,*,#2674,.T.);
#3749=ORIENTED_EDGE('',*,*,#2670,.F.);
#3750=ORIENTED_EDGE('',*,*,#2646,.F.);
#3751=ORIENTED_EDGE('',*,*,#2673,.F.);
#3752=ORIENTED_EDGE('',*,*,#2600,.F.);
#3753=ORIENTED_EDGE('',*,*,#2559,.F.);
#3754=ORIENTED_EDGE('',*,*,#2675,.T.);
#3755=ORIENTED_EDGE('',*,*,#2617,.T.);
#3756=ORIENTED_EDGE('',*,*,#2675,.F.);
#3757=ORIENTED_EDGE('',*,*,#2558,.F.);
#3758=ORIENTED_EDGE('',*,*,#2676,.T.);
#3759=ORIENTED_EDGE('',*,*,#2612,.T.);
#3760=ORIENTED_EDGE('',*,*,#2676,.F.);
#3761=ORIENTED_EDGE('',*,*,#2557,.F.);
#3762=ORIENTED_EDGE('',*,*,#2677,.T.);
#3763=ORIENTED_EDGE('',*,*,#2615,.T.);
#3764=ORIENTED_EDGE('',*,*,#2677,.F.);
#3765=ORIENTED_EDGE('',*,*,#2556,.F.);
#3766=ORIENTED_EDGE('',*,*,#2678,.T.);
#3767=ORIENTED_EDGE('',*,*,#2610,.T.);
#3768=ORIENTED_EDGE('',*,*,#2678,.F.);
#3769=ORIENTED_EDGE('',*,*,#2555,.F.);
#3770=ORIENTED_EDGE('',*,*,#2679,.T.);
#3771=ORIENTED_EDGE('',*,*,#2614,.T.);
#3772=ORIENTED_EDGE('',*,*,#2679,.F.);
#3773=ORIENTED_EDGE('',*,*,#2554,.F.);
#3774=ORIENTED_EDGE('',*,*,#2680,.T.);
#3775=ORIENTED_EDGE('',*,*,#2616,.T.);
#3776=ORIENTED_EDGE('',*,*,#2680,.F.);
#3777=ORIENTED_EDGE('',*,*,#2553,.F.);
#3778=ORIENTED_EDGE('',*,*,#2681,.T.);
#3779=ORIENTED_EDGE('',*,*,#2611,.T.);
#3780=ORIENTED_EDGE('',*,*,#2681,.F.);
#3781=ORIENTED_EDGE('',*,*,#2552,.F.);
#3782=ORIENTED_EDGE('',*,*,#2682,.T.);
#3783=ORIENTED_EDGE('',*,*,#2613,.T.);
#3784=ORIENTED_EDGE('',*,*,#2682,.F.);
#3785=ORIENTED_EDGE('',*,*,#2672,.F.);
#3786=ORIENTED_EDGE('',*,*,#2602,.T.);
#3787=ORIENTED_EDGE('',*,*,#2674,.F.);
#3788=ORIENTED_EDGE('',*,*,#2644,.F.);
#3789=ORIENTED_EDGE('',*,*,#2653,.F.);
#3790=ORIENTED_EDGE('',*,*,#2620,.F.);
#3791=ORIENTED_EDGE('',*,*,#2683,.F.);
#3792=ORIENTED_EDGE('',*,*,#2537,.T.);
#3793=ORIENTED_EDGE('',*,*,#2684,.T.);
#3794=ORIENTED_EDGE('',*,*,#2685,.F.);
#3795=ORIENTED_EDGE('',*,*,#2686,.F.);
#3796=ORIENTED_EDGE('',*,*,#2531,.T.);
#3797=ORIENTED_EDGE('',*,*,#2687,.T.);
#3798=ORIENTED_EDGE('',*,*,#2688,.F.);
#3799=ORIENTED_EDGE('',*,*,#2689,.F.);
#3800=ORIENTED_EDGE('',*,*,#2525,.T.);
#3801=ORIENTED_EDGE('',*,*,#2690,.T.);
#3802=ORIENTED_EDGE('',*,*,#2564,.T.);
#3803=ORIENTED_EDGE('',*,*,#2491,.T.);
#3804=ORIENTED_EDGE('',*,*,#2551,.T.);
#3805=ORIENTED_EDGE('',*,*,#2691,.T.);
#3806=ORIENTED_EDGE('',*,*,#2692,.F.);
#3807=ORIENTED_EDGE('',*,*,#2693,.F.);
#3808=ORIENTED_EDGE('',*,*,#2545,.T.);
#3809=ORIENTED_EDGE('',*,*,#2694,.T.);
#3810=ORIENTED_EDGE('',*,*,#2695,.F.);
#3811=ORIENTED_EDGE('',*,*,#2696,.F.);
#3812=ORIENTED_EDGE('',*,*,#2539,.T.);
#3813=ORIENTED_EDGE('',*,*,#2697,.T.);
#3814=ORIENTED_EDGE('',*,*,#2618,.F.);
#3815=ORIENTED_EDGE('',*,*,#2663,.F.);
#3816=ORIENTED_EDGE('',*,*,#2639,.F.);
#3817=ORIENTED_EDGE('',*,*,#2669,.F.);
#3818=ORIENTED_EDGE('',*,*,#2575,.F.);
#3819=ORIENTED_EDGE('',*,*,#2698,.F.);
#3820=ORIENTED_EDGE('',*,*,#2514,.T.);
#3821=ORIENTED_EDGE('',*,*,#2699,.T.);
#3822=ORIENTED_EDGE('',*,*,#2583,.F.);
#3823=ORIENTED_EDGE('',*,*,#2655,.F.);
#3824=ORIENTED_EDGE('',*,*,#2626,.F.);
#3825=ORIENTED_EDGE('',*,*,#2661,.F.);
#3826=ORIENTED_EDGE('',*,*,#2589,.F.);
#3827=ORIENTED_EDGE('',*,*,#2700,.F.);
#3828=ORIENTED_EDGE('',*,*,#2508,.T.);
#3829=ORIENTED_EDGE('',*,*,#2701,.T.);
#3830=ORIENTED_EDGE('',*,*,#2597,.T.);
#3831=ORIENTED_EDGE('',*,*,#2688,.T.);
#3832=ORIENTED_EDGE('',*,*,#2702,.T.);
#3833=ORIENTED_EDGE('',*,*,#2703,.T.);
#3834=ORIENTED_EDGE('',*,*,#2704,.T.);
#3835=ORIENTED_EDGE('',*,*,#2705,.T.);
#3836=ORIENTED_EDGE('',*,*,#2706,.T.);
#3837=ORIENTED_EDGE('',*,*,#2707,.T.);
#3838=ORIENTED_EDGE('',*,*,#2685,.T.);
#3839=ORIENTED_EDGE('',*,*,#2708,.T.);
#3840=ORIENTED_EDGE('',*,*,#2709,.T.);
#3841=ORIENTED_EDGE('',*,*,#2710,.T.);
#3842=ORIENTED_EDGE('',*,*,#2711,.T.);
#3843=ORIENTED_EDGE('',*,*,#2712,.T.);
#3844=ORIENTED_EDGE('',*,*,#2692,.T.);
#3845=ORIENTED_EDGE('',*,*,#2713,.T.);
#3846=ORIENTED_EDGE('',*,*,#2714,.T.);
#3847=ORIENTED_EDGE('',*,*,#2715,.T.);
#3848=ORIENTED_EDGE('',*,*,#2716,.T.);
#3849=ORIENTED_EDGE('',*,*,#2717,.T.);
#3850=ORIENTED_EDGE('',*,*,#2718,.T.);
#3851=ORIENTED_EDGE('',*,*,#2695,.T.);
#3852=ORIENTED_EDGE('',*,*,#2719,.T.);
#3853=ORIENTED_EDGE('',*,*,#2720,.T.);
#3854=ORIENTED_EDGE('',*,*,#2721,.T.);
#3855=ORIENTED_EDGE('',*,*,#2506,.T.);
#3856=ORIENTED_EDGE('',*,*,#2561,.T.);
#3857=ORIENTED_EDGE('',*,*,#2599,.F.);
#3858=ORIENTED_EDGE('',*,*,#2722,.F.);
#3859=ORIENTED_EDGE('',*,*,#2507,.T.);
#3860=ORIENTED_EDGE('',*,*,#2722,.T.);
#3861=ORIENTED_EDGE('',*,*,#2598,.F.);
#3862=ORIENTED_EDGE('',*,*,#2701,.F.);
#3863=ORIENTED_EDGE('',*,*,#2509,.T.);
#3864=ORIENTED_EDGE('',*,*,#2700,.T.);
#3865=ORIENTED_EDGE('',*,*,#2588,.F.);
#3866=ORIENTED_EDGE('',*,*,#2723,.F.);
#3867=ORIENTED_EDGE('',*,*,#2510,.T.);
#3868=ORIENTED_EDGE('',*,*,#2723,.T.);
#3869=ORIENTED_EDGE('',*,*,#2587,.F.);
#3870=ORIENTED_EDGE('',*,*,#2724,.F.);
#3871=ORIENTED_EDGE('',*,*,#2511,.T.);
#3872=ORIENTED_EDGE('',*,*,#2724,.T.);
#3873=ORIENTED_EDGE('',*,*,#2586,.F.);
#3874=ORIENTED_EDGE('',*,*,#2725,.F.);
#3875=ORIENTED_EDGE('',*,*,#2512,.T.);
#3876=ORIENTED_EDGE('',*,*,#2725,.T.);
#3877=ORIENTED_EDGE('',*,*,#2585,.F.);
#3878=ORIENTED_EDGE('',*,*,#2726,.F.);
#3879=ORIENTED_EDGE('',*,*,#2513,.T.);
#3880=ORIENTED_EDGE('',*,*,#2726,.T.);
#3881=ORIENTED_EDGE('',*,*,#2584,.F.);
#3882=ORIENTED_EDGE('',*,*,#2699,.F.);
#3883=ORIENTED_EDGE('',*,*,#2515,.T.);
#3884=ORIENTED_EDGE('',*,*,#2698,.T.);
#3885=ORIENTED_EDGE('',*,*,#2574,.F.);
#3886=ORIENTED_EDGE('',*,*,#2727,.F.);
#3887=ORIENTED_EDGE('',*,*,#2516,.T.);
#3888=ORIENTED_EDGE('',*,*,#2727,.T.);
#3889=ORIENTED_EDGE('',*,*,#2573,.F.);
#3890=ORIENTED_EDGE('',*,*,#2728,.F.);
#3891=ORIENTED_EDGE('',*,*,#2517,.T.);
#3892=ORIENTED_EDGE('',*,*,#2728,.T.);
#3893=ORIENTED_EDGE('',*,*,#2572,.F.);
#3894=ORIENTED_EDGE('',*,*,#2729,.F.);
#3895=ORIENTED_EDGE('',*,*,#2518,.T.);
#3896=ORIENTED_EDGE('',*,*,#2729,.T.);
#3897=ORIENTED_EDGE('',*,*,#2571,.F.);
#3898=ORIENTED_EDGE('',*,*,#2730,.F.);
#3899=ORIENTED_EDGE('',*,*,#2519,.T.);
#3900=ORIENTED_EDGE('',*,*,#2730,.T.);
#3901=ORIENTED_EDGE('',*,*,#2570,.F.);
#3902=ORIENTED_EDGE('',*,*,#2731,.F.);
#3903=ORIENTED_EDGE('',*,*,#2520,.T.);
#3904=ORIENTED_EDGE('',*,*,#2731,.T.);
#3905=ORIENTED_EDGE('',*,*,#2569,.F.);
#3906=ORIENTED_EDGE('',*,*,#2732,.F.);
#3907=ORIENTED_EDGE('',*,*,#2521,.T.);
#3908=ORIENTED_EDGE('',*,*,#2732,.T.);
#3909=ORIENTED_EDGE('',*,*,#2568,.F.);
#3910=ORIENTED_EDGE('',*,*,#2733,.F.);
#3911=ORIENTED_EDGE('',*,*,#2522,.T.);
#3912=ORIENTED_EDGE('',*,*,#2733,.T.);
#3913=ORIENTED_EDGE('',*,*,#2567,.F.);
#3914=ORIENTED_EDGE('',*,*,#2734,.F.);
#3915=ORIENTED_EDGE('',*,*,#2523,.T.);
#3916=ORIENTED_EDGE('',*,*,#2734,.T.);
#3917=ORIENTED_EDGE('',*,*,#2566,.F.);
#3918=ORIENTED_EDGE('',*,*,#2735,.F.);
#3919=ORIENTED_EDGE('',*,*,#2524,.T.);
#3920=ORIENTED_EDGE('',*,*,#2735,.T.);
#3921=ORIENTED_EDGE('',*,*,#2565,.F.);
#3922=ORIENTED_EDGE('',*,*,#2690,.F.);
#3923=ORIENTED_EDGE('',*,*,#2526,.T.);
#3924=ORIENTED_EDGE('',*,*,#2689,.T.);
#3925=ORIENTED_EDGE('',*,*,#2706,.F.);
#3926=ORIENTED_EDGE('',*,*,#2736,.F.);
#3927=ORIENTED_EDGE('',*,*,#2527,.T.);
#3928=ORIENTED_EDGE('',*,*,#2736,.T.);
#3929=ORIENTED_EDGE('',*,*,#2705,.F.);
#3930=ORIENTED_EDGE('',*,*,#2737,.F.);
#3931=ORIENTED_EDGE('',*,*,#2528,.T.);
#3932=ORIENTED_EDGE('',*,*,#2737,.T.);
#3933=ORIENTED_EDGE('',*,*,#2704,.F.);
#3934=ORIENTED_EDGE('',*,*,#2738,.F.);
#3935=ORIENTED_EDGE('',*,*,#2529,.T.);
#3936=ORIENTED_EDGE('',*,*,#2738,.T.);
#3937=ORIENTED_EDGE('',*,*,#2703,.F.);
#3938=ORIENTED_EDGE('',*,*,#2739,.F.);
#3939=ORIENTED_EDGE('',*,*,#2530,.T.);
#3940=ORIENTED_EDGE('',*,*,#2739,.T.);
#3941=ORIENTED_EDGE('',*,*,#2702,.F.);
#3942=ORIENTED_EDGE('',*,*,#2687,.F.);
#3943=ORIENTED_EDGE('',*,*,#2532,.T.);
#3944=ORIENTED_EDGE('',*,*,#2686,.T.);
#3945=ORIENTED_EDGE('',*,*,#2707,.F.);
#3946=ORIENTED_EDGE('',*,*,#2740,.F.);
#3947=ORIENTED_EDGE('',*,*,#2533,.T.);
#3948=ORIENTED_EDGE('',*,*,#2740,.T.);
#3949=ORIENTED_EDGE('',*,*,#2711,.F.);
#3950=ORIENTED_EDGE('',*,*,#2741,.F.);
#3951=ORIENTED_EDGE('',*,*,#2534,.T.);
#3952=ORIENTED_EDGE('',*,*,#2741,.T.);
#3953=ORIENTED_EDGE('',*,*,#2710,.F.);
#3954=ORIENTED_EDGE('',*,*,#2742,.F.);
#3955=ORIENTED_EDGE('',*,*,#2535,.T.);
#3956=ORIENTED_EDGE('',*,*,#2742,.T.);
#3957=ORIENTED_EDGE('',*,*,#2709,.F.);
#3958=ORIENTED_EDGE('',*,*,#2743,.F.);
#3959=ORIENTED_EDGE('',*,*,#2536,.T.);
#3960=ORIENTED_EDGE('',*,*,#2743,.T.);
#3961=ORIENTED_EDGE('',*,*,#2708,.F.);
#3962=ORIENTED_EDGE('',*,*,#2684,.F.);
#3963=ORIENTED_EDGE('',*,*,#2538,.T.);
#3964=ORIENTED_EDGE('',*,*,#2683,.T.);
#3965=ORIENTED_EDGE('',*,*,#2619,.F.);
#3966=ORIENTED_EDGE('',*,*,#2697,.F.);
#3967=ORIENTED_EDGE('',*,*,#2540,.T.);
#3968=ORIENTED_EDGE('',*,*,#2696,.T.);
#3969=ORIENTED_EDGE('',*,*,#2718,.F.);
#3970=ORIENTED_EDGE('',*,*,#2744,.F.);
#3971=ORIENTED_EDGE('',*,*,#2541,.T.);
#3972=ORIENTED_EDGE('',*,*,#2744,.T.);
#3973=ORIENTED_EDGE('',*,*,#2717,.F.);
#3974=ORIENTED_EDGE('',*,*,#2745,.F.);
#3975=ORIENTED_EDGE('',*,*,#2542,.T.);
#3976=ORIENTED_EDGE('',*,*,#2745,.T.);
#3977=ORIENTED_EDGE('',*,*,#2721,.F.);
#3978=ORIENTED_EDGE('',*,*,#2746,.F.);
#3979=ORIENTED_EDGE('',*,*,#2543,.T.);
#3980=ORIENTED_EDGE('',*,*,#2746,.T.);
#3981=ORIENTED_EDGE('',*,*,#2720,.F.);
#3982=ORIENTED_EDGE('',*,*,#2747,.F.);
#3983=ORIENTED_EDGE('',*,*,#2544,.T.);
#3984=ORIENTED_EDGE('',*,*,#2747,.T.);
#3985=ORIENTED_EDGE('',*,*,#2719,.F.);
#3986=ORIENTED_EDGE('',*,*,#2694,.F.);
#3987=ORIENTED_EDGE('',*,*,#2546,.T.);
#3988=ORIENTED_EDGE('',*,*,#2693,.T.);
#3989=ORIENTED_EDGE('',*,*,#2712,.F.);
#3990=ORIENTED_EDGE('',*,*,#2748,.F.);
#3991=ORIENTED_EDGE('',*,*,#2547,.T.);
#3992=ORIENTED_EDGE('',*,*,#2748,.T.);
#3993=ORIENTED_EDGE('',*,*,#2716,.F.);
#3994=ORIENTED_EDGE('',*,*,#2749,.F.);
#3995=ORIENTED_EDGE('',*,*,#2548,.T.);
#3996=ORIENTED_EDGE('',*,*,#2749,.T.);
#3997=ORIENTED_EDGE('',*,*,#2715,.F.);
#3998=ORIENTED_EDGE('',*,*,#2750,.F.);
#3999=ORIENTED_EDGE('',*,*,#2549,.T.);
#4000=ORIENTED_EDGE('',*,*,#2750,.T.);
#4001=ORIENTED_EDGE('',*,*,#2714,.F.);
#4002=ORIENTED_EDGE('',*,*,#2751,.F.);
#4003=ORIENTED_EDGE('',*,*,#2550,.T.);
#4004=ORIENTED_EDGE('',*,*,#2751,.T.);
#4005=ORIENTED_EDGE('',*,*,#2713,.F.);
#4006=ORIENTED_EDGE('',*,*,#2691,.F.);
#4007=ORIENTED_EDGE('',*,*,#2501,.T.);
#4008=ORIENTED_EDGE('',*,*,#2499,.T.);
#4009=ORIENTED_EDGE('',*,*,#2625,.F.);
#4010=ORIENTED_EDGE('',*,*,#2752,.F.);
#4011=ORIENTED_EDGE('',*,*,#2502,.F.);
#4012=ORIENTED_EDGE('',*,*,#2752,.T.);
#4013=ORIENTED_EDGE('',*,*,#2624,.F.);
#4014=ORIENTED_EDGE('',*,*,#2753,.F.);
#4015=ORIENTED_EDGE('',*,*,#2503,.T.);
#4016=ORIENTED_EDGE('',*,*,#2753,.T.);
#4017=ORIENTED_EDGE('',*,*,#2623,.F.);
#4018=ORIENTED_EDGE('',*,*,#2754,.F.);
#4019=ORIENTED_EDGE('',*,*,#2497,.T.);
#4020=ORIENTED_EDGE('',*,*,#2504,.F.);
#4021=ORIENTED_EDGE('',*,*,#2754,.T.);
#4022=ORIENTED_EDGE('',*,*,#2622,.F.);
#4023=PLANE('',#4398);
#4024=PLANE('',#4427);
#4025=PLANE('',#4430);
#4026=PLANE('',#4431);
#4027=PLANE('',#4434);
#4028=PLANE('',#4435);
#4029=PLANE('',#4438);
#4030=PLANE('',#4441);
#4031=PLANE('',#4444);
#4032=PLANE('',#4447);
#4033=PLANE('',#4450);
#4034=PLANE('',#4451);
#4035=PLANE('',#4454);
#4036=PLANE('',#4457);
#4037=PLANE('',#4458);
#4038=PLANE('',#4461);
#4039=PLANE('',#4464);
#4040=PLANE('',#4465);
#4041=PLANE('',#4468);
#4042=PLANE('',#4471);
#4043=PLANE('',#4474);
#4044=PLANE('',#4475);
#4045=PLANE('',#4478);
#4046=PLANE('',#4481);
#4047=PLANE('',#4482);
#4048=PLANE('',#4485);
#4049=PLANE('',#4488);
#4050=PLANE('',#4489);
#4051=PLANE('',#4490);
#4052=PLANE('',#4491);
#4053=PLANE('',#4492);
#4054=PLANE('',#4493);
#4055=PLANE('',#4494);
#4056=PLANE('',#4495);
#4057=PLANE('',#4496);
#4058=PLANE('',#4497);
#4059=PLANE('',#4510);
#4060=PLANE('',#4514);
#4061=PLANE('',#4521);
#4062=PLANE('',#4528);
#4063=PLANE('',#4535);
#4064=PLANE('',#4539);
#4065=PLANE('',#4543);
#4066=PLANE('',#4553);
#4067=PLANE('',#4557);
#4068=PLANE('',#4561);
#4069=PLANE('',#4565);
#4070=PLANE('',#4569);
#4071=PLANE('',#4573);
#4072=PLANE('',#4577);
#4073=PLANE('',#4581);
#4074=PLANE('',#4588);
#4075=PLANE('',#4592);
#4076=PLANE('',#4596);
#4077=PLANE('',#4600);
#4078=PLANE('',#4601);
#4079=PLANE('',#4604);
#4080=PLANE('',#4607);
#4081=PLANE('',#4608);
#4082=PLANE('',#4609);
#4083=PLANE('',#4612);
#4084=PLANE('',#4615);
#4085=PLANE('',#4616);
#4086=PLANE('',#4617);
#4087=PLANE('',#4618);
#4088=PLANE('',#4621);
#4089=PLANE('',#4622);
#4090=PLANE('',#4623);
#4091=PLANE('',#4624);
#4092=PLANE('',#4625);
#4093=PLANE('',#4626);
#4094=PLANE('',#4627);
#4095=PLANE('',#4628);
#4096=PLANE('',#4629);
#4097=PLANE('',#4630);
#4098=PLANE('',#4631);
#4099=PLANE('',#4632);
#4100=PLANE('',#4633);
#4101=PLANE('',#4634);
#4102=PLANE('',#4635);
#4103=PLANE('',#4636);
#4104=PLANE('',#4666);
#4105=PLANE('',#4667);
#4106=PLANE('',#4689);
#4107=PLANE('',#4690);
#4108=PLANE('',#4692);
#4109=PLANE('',#4694);
#4110=PLANE('',#4696);
#4111=PLANE('',#4698);
#4112=PLANE('',#4700);
#4113=PLANE('',#4702);
#4114=PLANE('',#4704);
#4115=PLANE('',#4706);
#4116=PLANE('',#4724);
#4117=PLANE('',#4727);
#4118=PLANE('',#4730);
#4119=PLANE('',#4732);
#4120=PLANE('',#4734);
#4121=PLANE('',#4737);
#4122=PLANE('',#4739);
#4123=PLANE('',#4742);
#4124=PLANE('',#4744);
#4125=PLANE('',#4753);
#4126=PLANE('',#4754);
#4127=PLANE('',#4755);
#4128=PLANE('',#4756);
#4129=PLANE('',#4757);
#4130=PLANE('',#4758);
#4131=PLANE('',#4761);
#4132=PLANE('',#4764);
#4133=PLANE('',#4769);
#4134=PLANE('',#4773);
#4135=PLANE('',#4774);
#4136=PLANE('',#4776);
#4137=PLANE('',#4778);
#4138=PLANE('',#4781);
#4139=PLANE('',#4783);
#4140=PLANE('',#4784);
#4141=PLANE('',#4786);
#4142=PLANE('',#4788);
#4143=PLANE('',#4789);
#4144=PLANE('',#4791);
#4145=PLANE('',#4793);
#4146=PLANE('',#4794);
#4147=PLANE('',#4796);
#4148=PLANE('',#4798);
#4149=PLANE('',#4800);
#4150=PLANE('',#4802);
#4151=PLANE('',#4804);
#4152=PLANE('',#4807);
#4153=PLANE('',#4811);
#4154=PLANE('',#4813);
#4155=ADVANCED_FACE('',(#139,#113,#114,#115,#116,#117,#118,#119),#4023,
 .F.);
#4156=ADVANCED_FACE('',(#140),#21,.T.);
#4157=ADVANCED_FACE('',(#141),#4024,.T.);
#4158=ADVANCED_FACE('',(#142),#22,.T.);
#4159=ADVANCED_FACE('',(#143),#4025,.T.);
#4160=ADVANCED_FACE('',(#144),#4026,.T.);
#4161=ADVANCED_FACE('',(#145),#23,.F.);
#4162=ADVANCED_FACE('',(#146),#4027,.T.);
#4163=ADVANCED_FACE('',(#147),#4028,.T.);
#4164=ADVANCED_FACE('',(#148),#24,.F.);
#4165=ADVANCED_FACE('',(#149),#4029,.T.);
#4166=ADVANCED_FACE('',(#150),#25,.F.);
#4167=ADVANCED_FACE('',(#151),#4030,.T.);
#4168=ADVANCED_FACE('',(#152),#26,.F.);
#4169=ADVANCED_FACE('',(#153),#4031,.T.);
#4170=ADVANCED_FACE('',(#154),#27,.F.);
#4171=ADVANCED_FACE('',(#155),#4032,.T.);
#4172=ADVANCED_FACE('',(#156),#28,.F.);
#4173=ADVANCED_FACE('',(#157),#4033,.T.);
#4174=ADVANCED_FACE('',(#158),#4034,.T.);
#4175=ADVANCED_FACE('',(#159),#29,.F.);
#4176=ADVANCED_FACE('',(#160),#4035,.T.);
#4177=ADVANCED_FACE('',(#161),#30,.F.);
#4178=ADVANCED_FACE('',(#162),#4036,.T.);
#4179=ADVANCED_FACE('',(#163),#4037,.T.);
#4180=ADVANCED_FACE('',(#164),#31,.F.);
#4181=ADVANCED_FACE('',(#165),#4038,.T.);
#4182=ADVANCED_FACE('',(#166),#32,.F.);
#4183=ADVANCED_FACE('',(#167),#4039,.T.);
#4184=ADVANCED_FACE('',(#168),#4040,.T.);
#4185=ADVANCED_FACE('',(#169),#33,.F.);
#4186=ADVANCED_FACE('',(#170),#4041,.T.);
#4187=ADVANCED_FACE('',(#171),#34,.F.);
#4188=ADVANCED_FACE('',(#172),#4042,.T.);
#4189=ADVANCED_FACE('',(#173),#35,.F.);
#4190=ADVANCED_FACE('',(#174),#4043,.T.);
#4191=ADVANCED_FACE('',(#175),#4044,.T.);
#4192=ADVANCED_FACE('',(#176),#36,.F.);
#4193=ADVANCED_FACE('',(#177),#4045,.T.);
#4194=ADVANCED_FACE('',(#178),#37,.F.);
#4195=ADVANCED_FACE('',(#179),#4046,.T.);
#4196=ADVANCED_FACE('',(#180),#4047,.T.);
#4197=ADVANCED_FACE('',(#181),#38,.F.);
#4198=ADVANCED_FACE('',(#182),#4048,.T.);
#4199=ADVANCED_FACE('',(#183),#39,.F.);
#4200=ADVANCED_FACE('',(#184),#4049,.T.);
#4201=ADVANCED_FACE('',(#185),#4050,.F.);
#4202=ADVANCED_FACE('',(#186),#4051,.F.);
#4203=ADVANCED_FACE('',(#187),#4052,.T.);
#4204=ADVANCED_FACE('',(#188),#4053,.T.);
#4205=ADVANCED_FACE('',(#189),#4054,.T.);
#4206=ADVANCED_FACE('',(#190),#4055,.T.);
#4207=ADVANCED_FACE('',(#191),#4056,.T.);
#4208=ADVANCED_FACE('',(#192),#4057,.T.);
#4209=ADVANCED_FACE('',(#193),#4058,.T.);
#4210=ADVANCED_FACE('',(#194),#40,.F.);
#4211=ADVANCED_FACE('',(#195),#41,.F.);
#4212=ADVANCED_FACE('',(#196),#42,.F.);
#4213=ADVANCED_FACE('',(#197),#43,.F.);
#4214=ADVANCED_FACE('',(#198),#44,.F.);
#4215=ADVANCED_FACE('',(#199),#45,.F.);
#4216=ADVANCED_FACE('',(#200),#4059,.T.);
#4217=ADVANCED_FACE('',(#201),#46,.F.);
#4218=ADVANCED_FACE('',(#202),#4060,.T.);
#4219=ADVANCED_FACE('',(#203),#47,.F.);
#4220=ADVANCED_FACE('',(#204),#48,.F.);
#4221=ADVANCED_FACE('',(#205),#4061,.T.);
#4222=ADVANCED_FACE('',(#206),#49,.F.);
#4223=ADVANCED_FACE('',(#207),#50,.F.);
#4224=ADVANCED_FACE('',(#208),#4062,.T.);
#4225=ADVANCED_FACE('',(#209),#51,.F.);
#4226=ADVANCED_FACE('',(#210),#52,.F.);
#4227=ADVANCED_FACE('',(#211),#4063,.T.);
#4228=ADVANCED_FACE('',(#212),#53,.F.);
#4229=ADVANCED_FACE('',(#213),#4064,.T.);
#4230=ADVANCED_FACE('',(#214),#54,.F.);
#4231=ADVANCED_FACE('',(#215),#4065,.T.);
#4232=ADVANCED_FACE('',(#216),#55,.F.);
#4233=ADVANCED_FACE('',(#217),#56,.F.);
#4234=ADVANCED_FACE('',(#218),#57,.F.);
#4235=ADVANCED_FACE('',(#219),#4066,.T.);
#4236=ADVANCED_FACE('',(#220),#58,.F.);
#4237=ADVANCED_FACE('',(#221),#4067,.T.);
#4238=ADVANCED_FACE('',(#222),#59,.F.);
#4239=ADVANCED_FACE('',(#223),#4068,.T.);
#4240=ADVANCED_FACE('',(#224),#60,.T.);
#4241=ADVANCED_FACE('',(#225),#4069,.T.);
#4242=ADVANCED_FACE('',(#226),#61,.T.);
#4243=ADVANCED_FACE('',(#227),#4070,.T.);
#4244=ADVANCED_FACE('',(#228),#62,.F.);
#4245=ADVANCED_FACE('',(#229),#4071,.T.);
#4246=ADVANCED_FACE('',(#230),#63,.F.);
#4247=ADVANCED_FACE('',(#231),#4072,.T.);
#4248=ADVANCED_FACE('',(#232),#64,.F.);
#4249=ADVANCED_FACE('',(#233),#4073,.T.);
#4250=ADVANCED_FACE('',(#234),#65,.F.);
#4251=ADVANCED_FACE('',(#235),#17,.F.);
#4252=ADVANCED_FACE('',(#236),#4074,.T.);
#4253=ADVANCED_FACE('',(#237),#18,.F.);
#4254=ADVANCED_FACE('',(#238),#4075,.T.);
#4255=ADVANCED_FACE('',(#239),#19,.F.);
#4256=ADVANCED_FACE('',(#240),#4076,.T.);
#4257=ADVANCED_FACE('',(#241),#20,.F.);
#4258=ADVANCED_FACE('',(#242),#4077,.T.);
#4259=ADVANCED_FACE('',(#243),#4078,.F.);
#4260=ADVANCED_FACE('',(#244),#66,.F.);
#4261=ADVANCED_FACE('',(#245),#4079,.F.);
#4262=ADVANCED_FACE('',(#246),#67,.F.);
#4263=ADVANCED_FACE('',(#247),#4080,.F.);
#4264=ADVANCED_FACE('',(#248),#4081,.F.);
#4265=ADVANCED_FACE('',(#249),#4082,.F.);
#4266=ADVANCED_FACE('',(#250),#68,.F.);
#4267=ADVANCED_FACE('',(#251),#4083,.F.);
#4268=ADVANCED_FACE('',(#252),#69,.F.);
#4269=ADVANCED_FACE('',(#253),#4084,.F.);
#4270=ADVANCED_FACE('',(#254),#4085,.F.);
#4271=ADVANCED_FACE('',(#255,#120),#4086,.F.);
#4272=ADVANCED_FACE('',(#256,#121),#4087,.F.);
#4273=ADVANCED_FACE('',(#257),#70,.F.);
#4274=ADVANCED_FACE('',(#258),#4088,.F.);
#4275=ADVANCED_FACE('',(#259),#4089,.F.);
#4276=ADVANCED_FACE('',(#260),#4090,.F.);
#4277=ADVANCED_FACE('',(#261),#4091,.F.);
#4278=ADVANCED_FACE('',(#262),#4092,.F.);
#4279=ADVANCED_FACE('',(#263),#4093,.F.);
#4280=ADVANCED_FACE('',(#264),#4094,.F.);
#4281=ADVANCED_FACE('',(#265,#122,#123,#124,#125,#126),#4095,.T.);
#4282=ADVANCED_FACE('',(#266),#4096,.T.);
#4283=ADVANCED_FACE('',(#267),#4097,.T.);
#4284=ADVANCED_FACE('',(#268),#4098,.T.);
#4285=ADVANCED_FACE('',(#269),#4099,.T.);
#4286=ADVANCED_FACE('',(#270),#4100,.F.);
#4287=ADVANCED_FACE('',(#271),#4101,.F.);
#4288=ADVANCED_FACE('',(#272),#4102,.T.);
#4289=ADVANCED_FACE('',(#273,#127,#128,#129,#130,#131,#132,#133,#134),#4103,
 .F.);
#4290=ADVANCED_FACE('',(#274),#4104,.T.);
#4291=ADVANCED_FACE('',(#275,#135),#4105,.F.);
#4292=ADVANCED_FACE('',(#276),#4106,.T.);
#4293=ADVANCED_FACE('',(#277),#4107,.F.);
#4294=ADVANCED_FACE('',(#278),#4108,.F.);
#4295=ADVANCED_FACE('',(#279),#4109,.F.);
#4296=ADVANCED_FACE('',(#280),#4110,.F.);
#4297=ADVANCED_FACE('',(#281),#4111,.F.);
#4298=ADVANCED_FACE('',(#282),#4112,.F.);
#4299=ADVANCED_FACE('',(#283),#4113,.F.);
#4300=ADVANCED_FACE('',(#284),#4114,.F.);
#4301=ADVANCED_FACE('',(#285,#136,#137,#138),#4115,.T.);
#4302=ADVANCED_FACE('',(#286),#71,.F.);
#4303=ADVANCED_FACE('',(#287),#4116,.T.);
#4304=ADVANCED_FACE('',(#288),#72,.F.);
#4305=ADVANCED_FACE('',(#289),#73,.F.);
#4306=ADVANCED_FACE('',(#290),#4117,.T.);
#4307=ADVANCED_FACE('',(#291),#74,.F.);
#4308=ADVANCED_FACE('',(#292),#75,.F.);
#4309=ADVANCED_FACE('',(#293),#4118,.T.);
#4310=ADVANCED_FACE('',(#294),#76,.F.);
#4311=ADVANCED_FACE('',(#295),#4119,.T.);
#4312=ADVANCED_FACE('',(#296),#77,.F.);
#4313=ADVANCED_FACE('',(#297),#4120,.T.);
#4314=ADVANCED_FACE('',(#298),#78,.F.);
#4315=ADVANCED_FACE('',(#299),#79,.F.);
#4316=ADVANCED_FACE('',(#300),#4121,.T.);
#4317=ADVANCED_FACE('',(#301),#80,.F.);
#4318=ADVANCED_FACE('',(#302),#4122,.T.);
#4319=ADVANCED_FACE('',(#303),#81,.F.);
#4320=ADVANCED_FACE('',(#304),#82,.F.);
#4321=ADVANCED_FACE('',(#305),#4123,.T.);
#4322=ADVANCED_FACE('',(#306),#83,.F.);
#4323=ADVANCED_FACE('',(#307),#4124,.T.);
#4324=ADVANCED_FACE('',(#308),#84,.F.);
#4325=ADVANCED_FACE('',(#309),#85,.F.);
#4326=ADVANCED_FACE('',(#310),#86,.F.);
#4327=ADVANCED_FACE('',(#311),#87,.F.);
#4328=ADVANCED_FACE('',(#312),#88,.F.);
#4329=ADVANCED_FACE('',(#313),#89,.F.);
#4330=ADVANCED_FACE('',(#314),#90,.F.);
#4331=ADVANCED_FACE('',(#315),#91,.F.);
#4332=ADVANCED_FACE('',(#316),#4125,.T.);
#4333=ADVANCED_FACE('',(#317),#4126,.T.);
#4334=ADVANCED_FACE('',(#318),#4127,.T.);
#4335=ADVANCED_FACE('',(#319),#4128,.T.);
#4336=ADVANCED_FACE('',(#320),#4129,.T.);
#4337=ADVANCED_FACE('',(#321),#4130,.F.);
#4338=ADVANCED_FACE('',(#322),#4131,.F.);
#4339=ADVANCED_FACE('',(#323),#4132,.F.);
#4340=ADVANCED_FACE('',(#324),#4133,.F.);
#4341=ADVANCED_FACE('',(#325),#92,.F.);
#4342=ADVANCED_FACE('',(#326),#4134,.T.);
#4343=ADVANCED_FACE('',(#327),#4135,.T.);
#4344=ADVANCED_FACE('',(#328),#93,.F.);
#4345=ADVANCED_FACE('',(#329),#4136,.T.);
#4346=ADVANCED_FACE('',(#330),#94,.F.);
#4347=ADVANCED_FACE('',(#331),#4137,.T.);
#4348=ADVANCED_FACE('',(#332),#95,.T.);
#4349=ADVANCED_FACE('',(#333),#96,.F.);
#4350=ADVANCED_FACE('',(#334),#4138,.T.);
#4351=ADVANCED_FACE('',(#335),#97,.F.);
#4352=ADVANCED_FACE('',(#336),#4139,.T.);
#4353=ADVANCED_FACE('',(#337),#4140,.T.);
#4354=ADVANCED_FACE('',(#338),#98,.F.);
#4355=ADVANCED_FACE('',(#339),#4141,.T.);
#4356=ADVANCED_FACE('',(#340),#99,.F.);
#4357=ADVANCED_FACE('',(#341),#4142,.T.);
#4358=ADVANCED_FACE('',(#342),#4143,.T.);
#4359=ADVANCED_FACE('',(#343),#100,.F.);
#4360=ADVANCED_FACE('',(#344),#4144,.T.);
#4361=ADVANCED_FACE('',(#345),#101,.F.);
#4362=ADVANCED_FACE('',(#346),#4145,.T.);
#4363=ADVANCED_FACE('',(#347),#4146,.T.);
#4364=ADVANCED_FACE('',(#348),#102,.F.);
#4365=ADVANCED_FACE('',(#349),#4147,.T.);
#4366=ADVANCED_FACE('',(#350),#103,.F.);
#4367=ADVANCED_FACE('',(#351),#4148,.T.);
#4368=ADVANCED_FACE('',(#352),#104,.F.);
#4369=ADVANCED_FACE('',(#353),#4149,.T.);
#4370=ADVANCED_FACE('',(#354),#105,.F.);
#4371=ADVANCED_FACE('',(#355),#4150,.T.);
#4372=ADVANCED_FACE('',(#356),#106,.F.);
#4373=ADVANCED_FACE('',(#357),#4151,.T.);
#4374=ADVANCED_FACE('',(#358),#107,.T.);
#4375=ADVANCED_FACE('',(#359),#108,.F.);
#4376=ADVANCED_FACE('',(#360),#4152,.T.);
#4377=ADVANCED_FACE('',(#361),#109,.F.);
#4378=ADVANCED_FACE('',(#362),#110,.T.);
#4379=ADVANCED_FACE('',(#363),#111,.T.);
#4380=ADVANCED_FACE('',(#364),#4153,.T.);
#4381=ADVANCED_FACE('',(#365),#112,.T.);
#4382=ADVANCED_FACE('',(#366),#4154,.T.);
#4383=CLOSED_SHELL('',(#4155,#4156,#4157,#4158,#4159,#4160,#4161,#4162,
#4163,#4164,#4165,#4166,#4167,#4168,#4169,#4170,#4171,#4172,#4173,#4174,
#4175,#4176,#4177,#4178,#4179,#4180,#4181,#4182,#4183,#4184,#4185,#4186,
#4187,#4188,#4189,#4190,#4191,#4192,#4193,#4194,#4195,#4196,#4197,#4198,
#4199,#4200,#4201,#4202,#4203,#4204,#4205,#4206,#4207,#4208,#4209,#4210,
#4211,#4212,#4213,#4214,#4215,#4216,#4217,#4218,#4219,#4220,#4221,#4222,
#4223,#4224,#4225,#4226,#4227,#4228,#4229,#4230,#4231,#4232,#4233,#4234,
#4235,#4236,#4237,#4238,#4239,#4240,#4241,#4242,#4243,#4244,#4245,#4246,
#4247,#4248,#4249,#4250,#4251,#4252,#4253,#4254,#4255,#4256,#4257,#4258,
#4259,#4260,#4261,#4262,#4263,#4264,#4265,#4266,#4267,#4268,#4269,#4270,
#4271,#4272,#4273,#4274,#4275,#4276,#4277,#4278,#4279,#4280,#4281,#4282,
#4283,#4284,#4285));
#4384=CLOSED_SHELL('',(#4286,#4287,#4288,#4289,#4290,#4291,#4292,#4293,
#4294,#4295,#4296,#4297,#4298,#4299,#4300,#4301,#4302,#4303,#4304,#4305,
#4306,#4307,#4308,#4309,#4310,#4311,#4312,#4313,#4314,#4315,#4316,#4317,
#4318,#4319,#4320,#4321,#4322,#4323,#4324,#4325,#4326,#4327,#4328,#4329,
#4330,#4331,#4332,#4333,#4334,#4335,#4336,#4337,#4338,#4339,#4340,#4341,
#4342,#4343,#4344,#4345,#4346,#4347,#4348,#4349,#4350,#4351,#4352,#4353,
#4354,#4355,#4356,#4357,#4358,#4359,#4360,#4361,#4362,#4363,#4364,#4365,
#4366,#4367,#4368,#4369,#4370,#4371,#4372,#4373,#4374,#4375,#4376,#4377,
#4378,#4379,#4380,#4381,#4382));
#4385=DERIVED_UNIT_ELEMENT(#4387,1.);
#4386=DERIVED_UNIT_ELEMENT(#7382,-3.);
#4387=(
MASS_UNIT()
NAMED_UNIT(*)
SI_UNIT(.KILO.,.GRAM.)
);
#4388=DERIVED_UNIT((#4385,#4386));
#4389=MEASURE_REPRESENTATION_ITEM('density measure',
POSITIVE_RATIO_MEASURE(7850.),#4388);
#4390=PROPERTY_DEFINITION_REPRESENTATION(#4395,#4392);
#4391=PROPERTY_DEFINITION_REPRESENTATION(#4396,#4393);
#4392=REPRESENTATION('material name',(#4394),#7379);
#4393=REPRESENTATION('density',(#4389),#7379);
#4394=DESCRIPTIVE_REPRESENTATION_ITEM('Steel','Steel');
#4395=PROPERTY_DEFINITION('material property','material name',#7389);
#4396=PROPERTY_DEFINITION('material property','density of part',#7389);
#4397=AXIS2_PLACEMENT_3D('',#6094,#4814,#4815);
#4398=AXIS2_PLACEMENT_3D('',#6095,#4816,#4817);
#4399=AXIS2_PLACEMENT_3D('',#6104,#4821,#4822);
#4400=AXIS2_PLACEMENT_3D('',#6108,#4824,#4825);
#4401=AXIS2_PLACEMENT_3D('',#6116,#4829,#4830);
#4402=AXIS2_PLACEMENT_3D('',#6120,#4832,#4833);
#4403=AXIS2_PLACEMENT_3D('',#6128,#4837,#4838);
#4404=AXIS2_PLACEMENT_3D('',#6132,#4840,#4841);
#4405=AXIS2_PLACEMENT_3D('',#6138,#4844,#4845);
#4406=AXIS2_PLACEMENT_3D('',#6144,#4848,#4849);
#4407=AXIS2_PLACEMENT_3D('',#6148,#4851,#4852);
#4408=AXIS2_PLACEMENT_3D('',#6156,#4856,#4857);
#4409=AXIS2_PLACEMENT_3D('',#6160,#4859,#4860);
#4410=AXIS2_PLACEMENT_3D('',#6168,#4864,#4865);
#4411=AXIS2_PLACEMENT_3D('',#6172,#4867,#4868);
#4412=AXIS2_PLACEMENT_3D('',#6178,#4871,#4872);
#4413=AXIS2_PLACEMENT_3D('',#6184,#4875,#4876);
#4414=AXIS2_PLACEMENT_3D('',#6188,#4878,#4879);
#4415=AXIS2_PLACEMENT_3D('',#6196,#4883,#4884);
#4416=AXIS2_PLACEMENT_3D('',#6204,#4888,#4889);
#4417=AXIS2_PLACEMENT_3D('',#6208,#4891,#4892);
#4418=AXIS2_PLACEMENT_3D('',#6211,#4894,#4895);
#4419=AXIS2_PLACEMENT_3D('',#6213,#4896,#4897);
#4420=AXIS2_PLACEMENT_3D('',#6215,#4898,#4899);
#4421=AXIS2_PLACEMENT_3D('',#6217,#4900,#4901);
#4422=AXIS2_PLACEMENT_3D('',#6219,#4902,#4903);
#4423=AXIS2_PLACEMENT_3D('',#6221,#4904,#4905);
#4424=AXIS2_PLACEMENT_3D('',#6223,#4906,#4907);
#4425=AXIS2_PLACEMENT_3D('',#6224,#4908,#4909);
#4426=AXIS2_PLACEMENT_3D('',#6228,#4911,#4912);
#4427=AXIS2_PLACEMENT_3D('',#6230,#4914,#4915);
#4428=AXIS2_PLACEMENT_3D('',#6234,#4918,#4919);
#4429=AXIS2_PLACEMENT_3D('',#6237,#4921,#4922);
#4430=AXIS2_PLACEMENT_3D('',#6238,#4923,#4924);
#4431=AXIS2_PLACEMENT_3D('',#6242,#4927,#4928);
#4432=AXIS2_PLACEMENT_3D('',#6248,#4932,#4933);
#4433=AXIS2_PLACEMENT_3D('',#6251,#4935,#4936);
#4434=AXIS2_PLACEMENT_3D('',#6252,#4937,#4938);
#4435=AXIS2_PLACEMENT_3D('',#6256,#4941,#4942);
#4436=AXIS2_PLACEMENT_3D('',#6262,#4946,#4947);
#4437=AXIS2_PLACEMENT_3D('',#6265,#4949,#4950);
#4438=AXIS2_PLACEMENT_3D('',#6266,#4951,#4952);
#4439=AXIS2_PLACEMENT_3D('',#6270,#4955,#4956);
#4440=AXIS2_PLACEMENT_3D('',#6273,#4958,#4959);
#4441=AXIS2_PLACEMENT_3D('',#6274,#4960,#4961);
#4442=AXIS2_PLACEMENT_3D('',#6278,#4964,#4965);
#4443=AXIS2_PLACEMENT_3D('',#6282,#4967,#4968);
#4444=AXIS2_PLACEMENT_3D('',#6284,#4970,#4971);
#4445=AXIS2_PLACEMENT_3D('',#6290,#4975,#4976);
#4446=AXIS2_PLACEMENT_3D('',#6293,#4978,#4979);
#4447=AXIS2_PLACEMENT_3D('',#6294,#4980,#4981);
#4448=AXIS2_PLACEMENT_3D('',#6298,#4984,#4985);
#4449=AXIS2_PLACEMENT_3D('',#6301,#4987,#4988);
#4450=AXIS2_PLACEMENT_3D('',#6302,#4989,#4990);
#4451=AXIS2_PLACEMENT_3D('',#6306,#4993,#4994);
#4452=AXIS2_PLACEMENT_3D('',#6312,#4998,#4999);
#4453=AXIS2_PLACEMENT_3D('',#6315,#5001,#5002);
#4454=AXIS2_PLACEMENT_3D('',#6316,#5003,#5004);
#4455=AXIS2_PLACEMENT_3D('',#6320,#5007,#5008);
#4456=AXIS2_PLACEMENT_3D('',#6323,#5010,#5011);
#4457=AXIS2_PLACEMENT_3D('',#6324,#5012,#5013);
#4458=AXIS2_PLACEMENT_3D('',#6328,#5016,#5017);
#4459=AXIS2_PLACEMENT_3D('',#6334,#5021,#5022);
#4460=AXIS2_PLACEMENT_3D('',#6337,#5024,#5025);
#4461=AXIS2_PLACEMENT_3D('',#6338,#5026,#5027);
#4462=AXIS2_PLACEMENT_3D('',#6342,#5030,#5031);
#4463=AXIS2_PLACEMENT_3D('',#6345,#5033,#5034);
#4464=AXIS2_PLACEMENT_3D('',#6346,#5035,#5036);
#4465=AXIS2_PLACEMENT_3D('',#6350,#5039,#5040);
#4466=AXIS2_PLACEMENT_3D('',#6358,#5045,#5046);
#4467=AXIS2_PLACEMENT_3D('',#6361,#5048,#5049);
#4468=AXIS2_PLACEMENT_3D('',#6362,#5050,#5051);
#4469=AXIS2_PLACEMENT_3D('',#6368,#5055,#5056);
#4470=AXIS2_PLACEMENT_3D('',#6371,#5058,#5059);
#4471=AXIS2_PLACEMENT_3D('',#6372,#5060,#5061);
#4472=AXIS2_PLACEMENT_3D('',#6376,#5064,#5065);
#4473=AXIS2_PLACEMENT_3D('',#6379,#5067,#5068);
#4474=AXIS2_PLACEMENT_3D('',#6380,#5069,#5070);
#4475=AXIS2_PLACEMENT_3D('',#6384,#5073,#5074);
#4476=AXIS2_PLACEMENT_3D('',#6390,#5078,#5079);
#4477=AXIS2_PLACEMENT_3D('',#6393,#5081,#5082);
#4478=AXIS2_PLACEMENT_3D('',#6394,#5083,#5084);
#4479=AXIS2_PLACEMENT_3D('',#6398,#5087,#5088);
#4480=AXIS2_PLACEMENT_3D('',#6401,#5090,#5091);
#4481=AXIS2_PLACEMENT_3D('',#6402,#5092,#5093);
#4482=AXIS2_PLACEMENT_3D('',#6406,#5096,#5097);
#4483=AXIS2_PLACEMENT_3D('',#6412,#5101,#5102);
#4484=AXIS2_PLACEMENT_3D('',#6415,#5104,#5105);
#4485=AXIS2_PLACEMENT_3D('',#6416,#5106,#5107);
#4486=AXIS2_PLACEMENT_3D('',#6420,#5110,#5111);
#4487=AXIS2_PLACEMENT_3D('',#6423,#5113,#5114);
#4488=AXIS2_PLACEMENT_3D('',#6424,#5115,#5116);
#4489=AXIS2_PLACEMENT_3D('',#6428,#5119,#5120);
#4490=AXIS2_PLACEMENT_3D('',#6430,#5122,#5123);
#4491=AXIS2_PLACEMENT_3D('',#6432,#5125,#5126);
#4492=AXIS2_PLACEMENT_3D('',#6442,#5132,#5133);
#4493=AXIS2_PLACEMENT_3D('',#6448,#5137,#5138);
#4494=AXIS2_PLACEMENT_3D('',#6450,#5140,#5141);
#4495=AXIS2_PLACEMENT_3D('',#6456,#5145,#5146);
#4496=AXIS2_PLACEMENT_3D('',#6466,#5152,#5153);
#4497=AXIS2_PLACEMENT_3D('',#6472,#5157,#5158);
#4498=AXIS2_PLACEMENT_3D('',#6481,#5163,#5164);
#4499=AXIS2_PLACEMENT_3D('',#6484,#5166,#5167);
#4500=AXIS2_PLACEMENT_3D('',#6485,#5168,#5169);
#4501=AXIS2_PLACEMENT_3D('',#6488,#5171,#5172);
#4502=AXIS2_PLACEMENT_3D('',#6489,#5173,#5174);
#4503=AXIS2_PLACEMENT_3D('',#6492,#5176,#5177);
#4504=AXIS2_PLACEMENT_3D('',#6493,#5178,#5179);
#4505=AXIS2_PLACEMENT_3D('',#6496,#5181,#5182);
#4506=AXIS2_PLACEMENT_3D('',#6497,#5183,#5184);
#4507=AXIS2_PLACEMENT_3D('',#6500,#5186,#5187);
#4508=AXIS2_PLACEMENT_3D('',#6501,#5188,#5189);
#4509=AXIS2_PLACEMENT_3D('',#6504,#5191,#5192);
#4510=AXIS2_PLACEMENT_3D('',#6505,#5193,#5194);
#4511=AXIS2_PLACEMENT_3D('',#6514,#5199,#5200);
#4512=AXIS2_PLACEMENT_3D('',#6515,#5201,#5202);
#4513=AXIS2_PLACEMENT_3D('',#6516,#5203,#5204);
#4514=AXIS2_PLACEMENT_3D('',#6517,#5205,#5206);
#4515=AXIS2_PLACEMENT_3D('',#6526,#5211,#5212);
#4516=AXIS2_PLACEMENT_3D('',#6527,#5213,#5214);
#4517=AXIS2_PLACEMENT_3D('',#6528,#5215,#5216);
#4518=AXIS2_PLACEMENT_3D('',#6529,#5217,#5218);
#4519=AXIS2_PLACEMENT_3D('',#6531,#5219,#5220);
#4520=AXIS2_PLACEMENT_3D('',#6534,#5222,#5223);
#4521=AXIS2_PLACEMENT_3D('',#6535,#5224,#5225);
#4522=AXIS2_PLACEMENT_3D('',#6541,#5229,#5230);
#4523=AXIS2_PLACEMENT_3D('',#6542,#5231,#5232);
#4524=AXIS2_PLACEMENT_3D('',#6543,#5233,#5234);
#4525=AXIS2_PLACEMENT_3D('',#6544,#5235,#5236);
#4526=AXIS2_PLACEMENT_3D('',#6547,#5237,#5238);
#4527=AXIS2_PLACEMENT_3D('',#6551,#5240,#5241);
#4528=AXIS2_PLACEMENT_3D('',#6553,#5243,#5244);
#4529=AXIS2_PLACEMENT_3D('',#6559,#5248,#5249);
#4530=AXIS2_PLACEMENT_3D('',#6560,#5250,#5251);
#4531=AXIS2_PLACEMENT_3D('',#6561,#5252,#5253);
#4532=AXIS2_PLACEMENT_3D('',#6562,#5254,#5255);
#4533=AXIS2_PLACEMENT_3D('',#6565,#5256,#5257);
#4534=AXIS2_PLACEMENT_3D('',#6569,#5259,#5260);
#4535=AXIS2_PLACEMENT_3D('',#6571,#5262,#5263);
#4536=AXIS2_PLACEMENT_3D('',#6577,#5267,#5268);
#4537=AXIS2_PLACEMENT_3D('',#6578,#5269,#5270);
#4538=AXIS2_PLACEMENT_3D('',#6579,#5271,#5272);
#4539=AXIS2_PLACEMENT_3D('',#6580,#5273,#5274);
#4540=AXIS2_PLACEMENT_3D('',#6589,#5279,#5280);
#4541=AXIS2_PLACEMENT_3D('',#6590,#5281,#5282);
#4542=AXIS2_PLACEMENT_3D('',#6591,#5283,#5284);
#4543=AXIS2_PLACEMENT_3D('',#6592,#5285,#5286);
#4544=AXIS2_PLACEMENT_3D('',#6598,#5290,#5291);
#4545=AXIS2_PLACEMENT_3D('',#6599,#5292,#5293);
#4546=AXIS2_PLACEMENT_3D('',#6600,#5294,#5295);
#4547=AXIS2_PLACEMENT_3D('',#6601,#5296,#5297);
#4548=AXIS2_PLACEMENT_3D('',#6603,#5298,#5299);
#4549=AXIS2_PLACEMENT_3D('',#6606,#5301,#5302);
#4550=AXIS2_PLACEMENT_3D('',#6607,#5303,#5304);
#4551=AXIS2_PLACEMENT_3D('',#6609,#5305,#5306);
#4552=AXIS2_PLACEMENT_3D('',#6612,#5308,#5309);
#4553=AXIS2_PLACEMENT_3D('',#6613,#5310,#5311);
#4554=AXIS2_PLACEMENT_3D('',#6622,#5316,#5317);
#4555=AXIS2_PLACEMENT_3D('',#6624,#5318,#5319);
#4556=AXIS2_PLACEMENT_3D('',#6626,#5320,#5321);
#4557=AXIS2_PLACEMENT_3D('',#6628,#5323,#5324);
#4558=AXIS2_PLACEMENT_3D('',#6634,#5328,#5329);
#4559=AXIS2_PLACEMENT_3D('',#6635,#5330,#5331);
#4560=AXIS2_PLACEMENT_3D('',#6636,#5332,#5333);
#4561=AXIS2_PLACEMENT_3D('',#6637,#5334,#5335);
#4562=AXIS2_PLACEMENT_3D('',#6646,#5340,#5341);
#4563=AXIS2_PLACEMENT_3D('',#6647,#5342,#5343);
#4564=AXIS2_PLACEMENT_3D('',#6648,#5344,#5345);
#4565=AXIS2_PLACEMENT_3D('',#6649,#5346,#5347);
#4566=AXIS2_PLACEMENT_3D('',#6655,#5351,#5352);
#4567=AXIS2_PLACEMENT_3D('',#6656,#5353,#5354);
#4568=AXIS2_PLACEMENT_3D('',#6657,#5355,#5356);
#4569=AXIS2_PLACEMENT_3D('',#6658,#5357,#5358);
#4570=AXIS2_PLACEMENT_3D('',#6664,#5362,#5363);
#4571=AXIS2_PLACEMENT_3D('',#6665,#5364,#5365);
#4572=AXIS2_PLACEMENT_3D('',#6666,#5366,#5367);
#4573=AXIS2_PLACEMENT_3D('',#6667,#5368,#5369);
#4574=AXIS2_PLACEMENT_3D('',#6676,#5374,#5375);
#4575=AXIS2_PLACEMENT_3D('',#6678,#5376,#5377);
#4576=AXIS2_PLACEMENT_3D('',#6680,#5378,#5379);
#4577=AXIS2_PLACEMENT_3D('',#6682,#5381,#5382);
#4578=AXIS2_PLACEMENT_3D('',#6688,#5386,#5387);
#4579=AXIS2_PLACEMENT_3D('',#6690,#5388,#5389);
#4580=AXIS2_PLACEMENT_3D('',#6692,#5390,#5391);
#4581=AXIS2_PLACEMENT_3D('',#6694,#5393,#5394);
#4582=AXIS2_PLACEMENT_3D('',#6700,#5398,#5399);
#4583=AXIS2_PLACEMENT_3D('',#6701,#5400,#5401);
#4584=AXIS2_PLACEMENT_3D('',#6702,#5402,#5403);
#4585=AXIS2_PLACEMENT_3D('',#6703,#5404,#5405);
#4586=AXIS2_PLACEMENT_3D('',#6708,#5407,#5408);
#4587=AXIS2_PLACEMENT_3D('',#6711,#5410,#5411);
#4588=AXIS2_PLACEMENT_3D('',#6712,#5412,#5413);
#4589=AXIS2_PLACEMENT_3D('',#6718,#5417,#5418);
#4590=AXIS2_PLACEMENT_3D('',#6722,#5420,#5421);
#4591=AXIS2_PLACEMENT_3D('',#6723,#5422,#5423);
#4592=AXIS2_PLACEMENT_3D('',#6724,#5424,#5425);
#4593=AXIS2_PLACEMENT_3D('',#6730,#5429,#5430);
#4594=AXIS2_PLACEMENT_3D('',#6734,#5432,#5433);
#4595=AXIS2_PLACEMENT_3D('',#6735,#5434,#5435);
#4596=AXIS2_PLACEMENT_3D('',#6736,#5436,#5437);
#4597=AXIS2_PLACEMENT_3D('',#6742,#5441,#5442);
#4598=AXIS2_PLACEMENT_3D('',#6746,#5444,#5445);
#4599=AXIS2_PLACEMENT_3D('',#6747,#5446,#5447);
#4600=AXIS2_PLACEMENT_3D('',#6748,#5448,#5449);
#4601=AXIS2_PLACEMENT_3D('',#6751,#5452,#5453);
#4602=AXIS2_PLACEMENT_3D('',#6757,#5457,#5458);
#4603=AXIS2_PLACEMENT_3D('',#6760,#5460,#5461);
#4604=AXIS2_PLACEMENT_3D('',#6761,#5462,#5463);
#4605=AXIS2_PLACEMENT_3D('',#6765,#5466,#5467);
#4606=AXIS2_PLACEMENT_3D('',#6768,#5469,#5470);
#4607=AXIS2_PLACEMENT_3D('',#6769,#5471,#5472);
#4608=AXIS2_PLACEMENT_3D('',#6778,#5477,#5478);
#4609=AXIS2_PLACEMENT_3D('',#6784,#5482,#5483);
#4610=AXIS2_PLACEMENT_3D('',#6788,#5486,#5487);
#4611=AXIS2_PLACEMENT_3D('',#6791,#5489,#5490);
#4612=AXIS2_PLACEMENT_3D('',#6792,#5491,#5492);
#4613=AXIS2_PLACEMENT_3D('',#6796,#5495,#5496);
#4614=AXIS2_PLACEMENT_3D('',#6797,#5497,#5498);
#4615=AXIS2_PLACEMENT_3D('',#6798,#5499,#5500);
#4616=AXIS2_PLACEMENT_3D('',#6804,#5504,#5505);
#4617=AXIS2_PLACEMENT_3D('',#6807,#5508,#5509);
#4618=AXIS2_PLACEMENT_3D('',#6808,#5510,#5511);
#4619=AXIS2_PLACEMENT_3D('',#6811,#5514,#5515);
#4620=AXIS2_PLACEMENT_3D('',#6814,#5517,#5518);
#4621=AXIS2_PLACEMENT_3D('',#6815,#5519,#5520);
#4622=AXIS2_PLACEMENT_3D('',#6816,#5521,#5522);
#4623=AXIS2_PLACEMENT_3D('',#6817,#5523,#5524);
#4624=AXIS2_PLACEMENT_3D('',#6818,#5525,#5526);
#4625=AXIS2_PLACEMENT_3D('',#6819,#5527,#5528);
#4626=AXIS2_PLACEMENT_3D('',#6820,#5529,#5530);
#4627=AXIS2_PLACEMENT_3D('',#6821,#5531,#5532);
#4628=AXIS2_PLACEMENT_3D('',#6822,#5533,#5534);
#4629=AXIS2_PLACEMENT_3D('',#6829,#5539,#5540);
#4630=AXIS2_PLACEMENT_3D('',#6831,#5542,#5543);
#4631=AXIS2_PLACEMENT_3D('',#6833,#5545,#5546);
#4632=AXIS2_PLACEMENT_3D('',#6834,#5547,#5548);
#4633=AXIS2_PLACEMENT_3D('',#6835,#5549,#5550);
#4634=AXIS2_PLACEMENT_3D('',#6844,#5555,#5556);
#4635=AXIS2_PLACEMENT_3D('',#6857,#5563,#5564);
#4636=AXIS2_PLACEMENT_3D('',#6863,#5568,#5569);
#4637=AXIS2_PLACEMENT_3D('',#6865,#5570,#5571);
#4638=AXIS2_PLACEMENT_3D('',#6869,#5573,#5574);
#4639=AXIS2_PLACEMENT_3D('',#6874,#5577,#5578);
#4640=AXIS2_PLACEMENT_3D('',#6882,#5582,#5583);
#4641=AXIS2_PLACEMENT_3D('',#6886,#5585,#5586);
#4642=AXIS2_PLACEMENT_3D('',#6892,#5589,#5590);
#4643=AXIS2_PLACEMENT_3D('',#6894,#5591,#5592);
#4644=AXIS2_PLACEMENT_3D('',#6898,#5594,#5595);
#4645=AXIS2_PLACEMENT_3D('',#6904,#5598,#5599);
#4646=AXIS2_PLACEMENT_3D('',#6908,#5601,#5602);
#4647=AXIS2_PLACEMENT_3D('',#6916,#5606,#5607);
#4648=AXIS2_PLACEMENT_3D('',#6920,#5609,#5610);
#4649=AXIS2_PLACEMENT_3D('',#6928,#5614,#5615);
#4650=AXIS2_PLACEMENT_3D('',#6932,#5617,#5618);
#4651=AXIS2_PLACEMENT_3D('',#6938,#5621,#5622);
#4652=AXIS2_PLACEMENT_3D('',#6944,#5625,#5626);
#4653=AXIS2_PLACEMENT_3D('',#6948,#5628,#5629);
#4654=AXIS2_PLACEMENT_3D('',#6954,#5632,#5633);
#4655=AXIS2_PLACEMENT_3D('',#6956,#5634,#5635);
#4656=AXIS2_PLACEMENT_3D('',#6960,#5637,#5638);
#4657=AXIS2_PLACEMENT_3D('',#6962,#5639,#5640);
#4658=AXIS2_PLACEMENT_3D('',#6965,#5642,#5643);
#4659=AXIS2_PLACEMENT_3D('',#6967,#5644,#5645);
#4660=AXIS2_PLACEMENT_3D('',#6969,#5646,#5647);
#4661=AXIS2_PLACEMENT_3D('',#6971,#5648,#5649);
#4662=AXIS2_PLACEMENT_3D('',#6973,#5650,#5651);
#4663=AXIS2_PLACEMENT_3D('',#6975,#5652,#5653);
#4664=AXIS2_PLACEMENT_3D('',#6977,#5654,#5655);
#4665=AXIS2_PLACEMENT_3D('',#6979,#5656,#5657);
#4666=AXIS2_PLACEMENT_3D('',#6980,#5658,#5659);
#4667=AXIS2_PLACEMENT_3D('',#6984,#5662,#5663);
#4668=AXIS2_PLACEMENT_3D('',#6988,#5665,#5666);
#4669=AXIS2_PLACEMENT_3D('',#6994,#5669,#5670);
#4670=AXIS2_PLACEMENT_3D('',#6998,#5672,#5673);
#4671=AXIS2_PLACEMENT_3D('',#7004,#5676,#5677);
#4672=AXIS2_PLACEMENT_3D('',#7008,#5679,#5680);
#4673=AXIS2_PLACEMENT_3D('',#7010,#5681,#5682);
#4674=AXIS2_PLACEMENT_3D('',#7014,#5684,#5685);
#4675=AXIS2_PLACEMENT_3D('',#7018,#5687,#5688);
#4676=AXIS2_PLACEMENT_3D('',#7022,#5690,#5691);
#4677=AXIS2_PLACEMENT_3D('',#7026,#5693,#5694);
#4678=AXIS2_PLACEMENT_3D('',#7032,#5697,#5698);
#4679=AXIS2_PLACEMENT_3D('',#7036,#5700,#5701);
#4680=AXIS2_PLACEMENT_3D('',#7042,#5704,#5705);
#4681=AXIS2_PLACEMENT_3D('',#7046,#5707,#5708);
#4682=AXIS2_PLACEMENT_3D('',#7050,#5710,#5711);
#4683=AXIS2_PLACEMENT_3D('',#7054,#5713,#5714);
#4684=AXIS2_PLACEMENT_3D('',#7059,#5717,#5718);
#4685=AXIS2_PLACEMENT_3D('',#7064,#5720,#5721);
#4686=AXIS2_PLACEMENT_3D('',#7068,#5723,#5724);
#4687=AXIS2_PLACEMENT_3D('',#7072,#5726,#5727);
#4688=AXIS2_PLACEMENT_3D('',#7075,#5729,#5730);
#4689=AXIS2_PLACEMENT_3D('',#7076,#5731,#5732);
#4690=AXIS2_PLACEMENT_3D('',#7080,#5735,#5736);
#4691=AXIS2_PLACEMENT_3D('',#7082,#5737,#5738);
#4692=AXIS2_PLACEMENT_3D('',#7083,#5739,#5740);
#4693=AXIS2_PLACEMENT_3D('',#7085,#5741,#5742);
#4694=AXIS2_PLACEMENT_3D('',#7086,#5743,#5744);
#4695=AXIS2_PLACEMENT_3D('',#7088,#5745,#5746);
#4696=AXIS2_PLACEMENT_3D('',#7089,#5747,#5748);
#4697=AXIS2_PLACEMENT_3D('',#7091,#5749,#5750);
#4698=AXIS2_PLACEMENT_3D('',#7092,#5751,#5752);
#4699=AXIS2_PLACEMENT_3D('',#7094,#5753,#5754);
#4700=AXIS2_PLACEMENT_3D('',#7095,#5755,#5756);
#4701=AXIS2_PLACEMENT_3D('',#7097,#5757,#5758);
#4702=AXIS2_PLACEMENT_3D('',#7098,#5759,#5760);
#4703=AXIS2_PLACEMENT_3D('',#7100,#5761,#5762);
#4704=AXIS2_PLACEMENT_3D('',#7101,#5763,#5764);
#4705=AXIS2_PLACEMENT_3D('',#7103,#5765,#5766);
#4706=AXIS2_PLACEMENT_3D('',#7104,#5767,#5768);
#4707=AXIS2_PLACEMENT_3D('',#7108,#5770,#5771);
#4708=AXIS2_PLACEMENT_3D('',#7111,#5773,#5774);
#4709=AXIS2_PLACEMENT_3D('',#7115,#5776,#5777);
#4710=AXIS2_PLACEMENT_3D('',#7118,#5779,#5780);
#4711=AXIS2_PLACEMENT_3D('',#7123,#5782,#5783);
#4712=AXIS2_PLACEMENT_3D('',#7127,#5785,#5786);
#4713=AXIS2_PLACEMENT_3D('',#7131,#5788,#5789);
#4714=AXIS2_PLACEMENT_3D('',#7134,#5791,#5792);
#4715=AXIS2_PLACEMENT_3D('',#7137,#5793,#5794);
#4716=AXIS2_PLACEMENT_3D('',#7141,#5796,#5797);
#4717=AXIS2_PLACEMENT_3D('',#7145,#5799,#5800);
#4718=AXIS2_PLACEMENT_3D('',#7149,#5802,#5803);
#4719=AXIS2_PLACEMENT_3D('',#7155,#5806,#5807);
#4720=AXIS2_PLACEMENT_3D('',#7159,#5809,#5810);
#4721=AXIS2_PLACEMENT_3D('',#7163,#5812,#5813);
#4722=AXIS2_PLACEMENT_3D('',#7166,#5815,#5816);
#4723=AXIS2_PLACEMENT_3D('',#7167,#5817,#5818);
#4724=AXIS2_PLACEMENT_3D('',#7170,#5821,#5822);
#4725=AXIS2_PLACEMENT_3D('',#7172,#5824,#5825);
#4726=AXIS2_PLACEMENT_3D('',#7174,#5827,#5828);
#4727=AXIS2_PLACEMENT_3D('',#7177,#5831,#5832);
#4728=AXIS2_PLACEMENT_3D('',#7179,#5834,#5835);
#4729=AXIS2_PLACEMENT_3D('',#7181,#5837,#5838);
#4730=AXIS2_PLACEMENT_3D('',#7184,#5841,#5842);
#4731=AXIS2_PLACEMENT_3D('',#7185,#5843,#5844);
#4732=AXIS2_PLACEMENT_3D('',#7188,#5847,#5848);
#4733=AXIS2_PLACEMENT_3D('',#7189,#5849,#5850);
#4734=AXIS2_PLACEMENT_3D('',#7192,#5853,#5854);
#4735=AXIS2_PLACEMENT_3D('',#7194,#5856,#5857);
#4736=AXIS2_PLACEMENT_3D('',#7196,#5859,#5860);
#4737=AXIS2_PLACEMENT_3D('',#7199,#5863,#5864);
#4738=AXIS2_PLACEMENT_3D('',#7200,#5865,#5866);
#4739=AXIS2_PLACEMENT_3D('',#7203,#5869,#5870);
#4740=AXIS2_PLACEMENT_3D('',#7204,#5871,#5872);
#4741=AXIS2_PLACEMENT_3D('',#7206,#5874,#5875);
#4742=AXIS2_PLACEMENT_3D('',#7209,#5878,#5879);
#4743=AXIS2_PLACEMENT_3D('',#7210,#5880,#5881);
#4744=AXIS2_PLACEMENT_3D('',#7213,#5884,#5885);
#4745=AXIS2_PLACEMENT_3D('',#7214,#5886,#5887);
#4746=AXIS2_PLACEMENT_3D('',#7216,#5889,#5890);
#4747=AXIS2_PLACEMENT_3D('',#7218,#5892,#5893);
#4748=AXIS2_PLACEMENT_3D('',#7220,#5895,#5896);
#4749=AXIS2_PLACEMENT_3D('',#7222,#5898,#5899);
#4750=AXIS2_PLACEMENT_3D('',#7224,#5901,#5902);
#4751=AXIS2_PLACEMENT_3D('',#7226,#5904,#5905);
#4752=AXIS2_PLACEMENT_3D('',#7228,#5907,#5908);
#4753=AXIS2_PLACEMENT_3D('',#7230,#5910,#5911);
#4754=AXIS2_PLACEMENT_3D('',#7231,#5912,#5913);
#4755=AXIS2_PLACEMENT_3D('',#7244,#5922,#5923);
#4756=AXIS2_PLACEMENT_3D('',#7256,#5931,#5932);
#4757=AXIS2_PLACEMENT_3D('',#7259,#5935,#5936);
#4758=AXIS2_PLACEMENT_3D('',#7262,#5939,#5940);
#4759=AXIS2_PLACEMENT_3D('',#7266,#5942,#5943);
#4760=AXIS2_PLACEMENT_3D('',#7270,#5945,#5946);
#4761=AXIS2_PLACEMENT_3D('',#7272,#5948,#5949);
#4762=AXIS2_PLACEMENT_3D('',#7278,#5952,#5953);
#4763=AXIS2_PLACEMENT_3D('',#7281,#5955,#5956);
#4764=AXIS2_PLACEMENT_3D('',#7282,#5957,#5958);
#4765=AXIS2_PLACEMENT_3D('',#7284,#5959,#5960);
#4766=AXIS2_PLACEMENT_3D('',#7286,#5961,#5962);
#4767=AXIS2_PLACEMENT_3D('',#7288,#5963,#5964);
#4768=AXIS2_PLACEMENT_3D('',#7291,#5966,#5967);
#4769=AXIS2_PLACEMENT_3D('',#7292,#5968,#5969);
#4770=AXIS2_PLACEMENT_3D('',#7295,#5970,#5971);
#4771=AXIS2_PLACEMENT_3D('',#7300,#5974,#5975);
#4772=AXIS2_PLACEMENT_3D('',#7302,#5977,#5978);
#4773=AXIS2_PLACEMENT_3D('',#7304,#5980,#5981);
#4774=AXIS2_PLACEMENT_3D('',#7305,#5982,#5983);
#4775=AXIS2_PLACEMENT_3D('',#7307,#5985,#5986);
#4776=AXIS2_PLACEMENT_3D('',#7309,#5988,#5989);
#4777=AXIS2_PLACEMENT_3D('',#7311,#5991,#5992);
#4778=AXIS2_PLACEMENT_3D('',#7313,#5994,#5995);
#4779=AXIS2_PLACEMENT_3D('',#7314,#5996,#5997);
#4780=AXIS2_PLACEMENT_3D('',#7316,#5999,#6000);
#4781=AXIS2_PLACEMENT_3D('',#7318,#6002,#6003);
#4782=AXIS2_PLACEMENT_3D('',#7320,#6005,#6006);
#4783=AXIS2_PLACEMENT_3D('',#7322,#6008,#6009);
#4784=AXIS2_PLACEMENT_3D('',#7324,#6011,#6012);
#4785=AXIS2_PLACEMENT_3D('',#7326,#6014,#6015);
#4786=AXIS2_PLACEMENT_3D('',#7328,#6017,#6018);
#4787=AXIS2_PLACEMENT_3D('',#7330,#6020,#6021);
#4788=AXIS2_PLACEMENT_3D('',#7332,#6023,#6024);
#4789=AXIS2_PLACEMENT_3D('',#7333,#6025,#6026);
#4790=AXIS2_PLACEMENT_3D('',#7335,#6028,#6029);
#4791=AXIS2_PLACEMENT_3D('',#7337,#6031,#6032);
#4792=AXIS2_PLACEMENT_3D('',#7339,#6034,#6035);
#4793=AXIS2_PLACEMENT_3D('',#7341,#6037,#6038);
#4794=AXIS2_PLACEMENT_3D('',#7342,#6039,#6040);
#4795=AXIS2_PLACEMENT_3D('',#7344,#6042,#6043);
#4796=AXIS2_PLACEMENT_3D('',#7346,#6045,#6046);
#4797=AXIS2_PLACEMENT_3D('',#7348,#6048,#6049);
#4798=AXIS2_PLACEMENT_3D('',#7350,#6051,#6052);
#4799=AXIS2_PLACEMENT_3D('',#7351,#6053,#6054);
#4800=AXIS2_PLACEMENT_3D('',#7352,#6055,#6056);
#4801=AXIS2_PLACEMENT_3D('',#7354,#6058,#6059);
#4802=AXIS2_PLACEMENT_3D('',#7356,#6061,#6062);
#4803=AXIS2_PLACEMENT_3D('',#7358,#6064,#6065);
#4804=AXIS2_PLACEMENT_3D('',#7360,#6067,#6068);
#4805=AXIS2_PLACEMENT_3D('',#7361,#6069,#6070);
#4806=AXIS2_PLACEMENT_3D('',#7363,#6072,#6073);
#4807=AXIS2_PLACEMENT_3D('',#7365,#6075,#6076);
#4808=AXIS2_PLACEMENT_3D('',#7367,#6078,#6079);
#4809=AXIS2_PLACEMENT_3D('',#7369,#6081,#6082);
#4810=AXIS2_PLACEMENT_3D('',#7370,#6083,#6084);
#4811=AXIS2_PLACEMENT_3D('',#7372,#6086,#6087);
#4812=AXIS2_PLACEMENT_3D('',#7374,#6089,#6090);
#4813=AXIS2_PLACEMENT_3D('',#7376,#6092,#6093);
#4814=DIRECTION('axis',(0.,0.,1.));
#4815=DIRECTION('refdir',(1.,0.,0.));
#4816=DIRECTION('center_axis',(0.,0.,1.));
#4817=DIRECTION('ref_axis',(1.,0.,0.));
#4818=DIRECTION('',(0.,-1.,0.));
#4819=DIRECTION('',(-1.,7.39070873512903E-17,0.));
#4820=DIRECTION('',(-1.77635683940025E-15,1.,0.));
#4821=DIRECTION('center_axis',(0.,0.,-1.));
#4822=DIRECTION('ref_axis',(8.88178419700136E-15,-1.,0.));
#4823=DIRECTION('',(-1.,2.69144975666705E-16,0.));
#4824=DIRECTION('center_axis',(0.,0.,-1.));
#4825=DIRECTION('ref_axis',(1.,0.,0.));
#4826=DIRECTION('',(0.,-1.,0.));
#4827=DIRECTION('',(-1.,-1.10710927977579E-16,0.));
#4828=DIRECTION('',(0.,1.,0.));
#4829=DIRECTION('center_axis',(0.,0.,-1.));
#4830=DIRECTION('ref_axis',(-1.77635683940021E-14,-1.,0.));
#4831=DIRECTION('',(-1.,2.69144975666705E-16,0.));
#4832=DIRECTION('center_axis',(0.,0.,-1.));
#4833=DIRECTION('ref_axis',(1.,-1.77635683940023E-14,0.));
#4834=DIRECTION('',(0.,-1.,0.));
#4835=DIRECTION('',(-1.,-1.10710927977579E-16,0.));
#4836=DIRECTION('',(0.,1.,0.));
#4837=DIRECTION('center_axis',(0.,0.,-1.));
#4838=DIRECTION('ref_axis',(0.,-1.,0.));
#4839=DIRECTION('',(-1.,5.38289951333409E-16,0.));
#4840=DIRECTION('center_axis',(0.,0.,-1.));
#4841=DIRECTION('ref_axis',(1.,-4.44089209850041E-14,0.));
#4842=DIRECTION('',(0.,-1.,0.));
#4843=DIRECTION('',(-1.,-1.10710927977579E-16,0.));
#4844=DIRECTION('center_axis',(0.,0.,-1.));
#4845=DIRECTION('ref_axis',(1.,2.13162820728036E-14,0.));
#4846=DIRECTION('',(2.93977135192429E-16,-1.,0.));
#4847=DIRECTION('',(-1.,0.,0.));
#4848=DIRECTION('center_axis',(0.,0.,-1.));
#4849=DIRECTION('ref_axis',(3.55271367880036E-14,-1.,0.));
#4850=DIRECTION('',(0.,-1.,0.));
#4851=DIRECTION('center_axis',(0.,0.,-1.));
#4852=DIRECTION('ref_axis',(1.,4.66293670342543E-14,0.));
#4853=DIRECTION('',(1.,0.,0.));
#4854=DIRECTION('',(2.93977135192429E-16,-1.,0.));
#4855=DIRECTION('',(-1.,-2.22044604925033E-15,0.));
#4856=DIRECTION('center_axis',(0.,0.,-1.));
#4857=DIRECTION('ref_axis',(1.,-6.21724893790057E-14,0.));
#4858=DIRECTION('',(0.,-1.,0.));
#4859=DIRECTION('center_axis',(0.,0.,-1.));
#4860=DIRECTION('ref_axis',(3.55271367880036E-14,1.,0.));
#4861=DIRECTION('',(1.,-1.48029736616689E-15,0.));
#4862=DIRECTION('',(2.93977135192429E-16,-1.,0.));
#4863=DIRECTION('',(-1.,0.,0.));
#4864=DIRECTION('center_axis',(0.,0.,-1.));
#4865=DIRECTION('ref_axis',(1.,-4.88498130835045E-14,0.));
#4866=DIRECTION('',(0.,-1.,0.));
#4867=DIRECTION('center_axis',(0.,0.,-1.));
#4868=DIRECTION('ref_axis',(3.55271367880036E-14,1.,0.));
#4869=DIRECTION('',(1.,-5.92118946466756E-15,0.));
#4870=DIRECTION('',(2.93977135192429E-16,-1.,0.));
#4871=DIRECTION('center_axis',(0.,0.,-1.));
#4872=DIRECTION('ref_axis',(2.84217094304036E-14,1.,0.));
#4873=DIRECTION('',(1.,-3.35858733106495E-17,0.));
#4874=DIRECTION('',(0.,-1.,0.));
#4875=DIRECTION('center_axis',(0.,0.,-1.));
#4876=DIRECTION('ref_axis',(0.,1.,0.));
#4877=DIRECTION('',(1.,0.,0.));
#4878=DIRECTION('center_axis',(0.,0.,-1.));
#4879=DIRECTION('ref_axis',(-1.,2.66453525910034E-14,0.));
#4880=DIRECTION('',(0.,1.,0.));
#4881=DIRECTION('',(1.,-3.35858733106495E-17,0.));
#4882=DIRECTION('',(0.,-1.,0.));
#4883=DIRECTION('center_axis',(0.,0.,-1.));
#4884=DIRECTION('ref_axis',(1.,-1.77635683940029E-14,0.));
#4885=DIRECTION('',(1.,-2.69144975666705E-16,0.));
#4886=DIRECTION('',(0.,-1.,0.));
#4887=DIRECTION('',(1.,-7.56003761980529E-17,0.));
#4888=DIRECTION('center_axis',(0.,0.,1.));
#4889=DIRECTION('ref_axis',(1.,-1.26882631385732E-15,0.));
#4890=DIRECTION('',(-2.73601361478668E-16,-1.,0.));
#4891=DIRECTION('center_axis',(0.,0.,1.));
#4892=DIRECTION('ref_axis',(0.,-1.,0.));
#4893=DIRECTION('',(-1.,-2.5200125399351E-17,0.));
#4894=DIRECTION('center_axis',(0.,0.,1.));
#4895=DIRECTION('ref_axis',(1.,0.,0.));
#4896=DIRECTION('center_axis',(0.,0.,1.));
#4897=DIRECTION('ref_axis',(1.,0.,0.));
#4898=DIRECTION('center_axis',(0.,0.,1.));
#4899=DIRECTION('ref_axis',(1.,0.,0.));
#4900=DIRECTION('center_axis',(0.,0.,1.));
#4901=DIRECTION('ref_axis',(1.,0.,0.));
#4902=DIRECTION('center_axis',(0.,0.,1.));
#4903=DIRECTION('ref_axis',(1.,0.,0.));
#4904=DIRECTION('center_axis',(0.,0.,1.));
#4905=DIRECTION('ref_axis',(1.,0.,0.));
#4906=DIRECTION('center_axis',(0.,0.,1.));
#4907=DIRECTION('ref_axis',(1.,0.,0.));
#4908=DIRECTION('center_axis',(0.,0.,1.));
#4909=DIRECTION('ref_axis',(0.,-1.,0.));
#4910=DIRECTION('',(0.,0.,1.));
#4911=DIRECTION('center_axis',(0.,0.,1.));
#4912=DIRECTION('ref_axis',(0.,-1.,0.));
#4913=DIRECTION('',(0.,0.,1.));
#4914=DIRECTION('center_axis',(1.,-2.73601361478668E-16,0.));
#4915=DIRECTION('ref_axis',(2.73601361478668E-16,1.,0.));
#4916=DIRECTION('',(0.,0.,1.));
#4917=DIRECTION('',(2.73601361478668E-16,1.,0.));
#4918=DIRECTION('center_axis',(0.,0.,1.));
#4919=DIRECTION('ref_axis',(1.,-1.26882631385732E-15,0.));
#4920=DIRECTION('',(0.,0.,1.));
#4921=DIRECTION('center_axis',(0.,0.,1.));
#4922=DIRECTION('ref_axis',(1.,-1.26882631385732E-15,0.));
#4923=DIRECTION('center_axis',(2.5200125399351E-17,-1.,0.));
#4924=DIRECTION('ref_axis',(1.,2.5200125399351E-17,0.));
#4925=DIRECTION('',(0.,0.,1.));
#4926=DIRECTION('',(1.,2.5200125399351E-17,0.));
#4927=DIRECTION('center_axis',(-2.69144975666705E-16,-1.,0.));
#4928=DIRECTION('ref_axis',(1.,-2.69144975666705E-16,0.));
#4929=DIRECTION('',(0.,0.,1.));
#4930=DIRECTION('',(0.,0.,1.));
#4931=DIRECTION('',(1.,-2.69144975666705E-16,0.));
#4932=DIRECTION('center_axis',(0.,0.,1.));
#4933=DIRECTION('ref_axis',(1.,-1.77635683940029E-14,0.));
#4934=DIRECTION('',(0.,0.,1.));
#4935=DIRECTION('center_axis',(0.,0.,-1.));
#4936=DIRECTION('ref_axis',(1.,-1.77635683940029E-14,0.));
#4937=DIRECTION('center_axis',(-1.,0.,0.));
#4938=DIRECTION('ref_axis',(0.,-1.,0.));
#4939=DIRECTION('',(0.,0.,1.));
#4940=DIRECTION('',(0.,-1.,0.));
#4941=DIRECTION('center_axis',(1.,0.,0.));
#4942=DIRECTION('ref_axis',(0.,1.,0.));
#4943=DIRECTION('',(0.,0.,1.));
#4944=DIRECTION('',(0.,1.,0.));
#4945=DIRECTION('',(0.,0.,1.));
#4946=DIRECTION('center_axis',(0.,0.,1.));
#4947=DIRECTION('ref_axis',(-1.,2.66453525910034E-14,0.));
#4948=DIRECTION('',(0.,0.,1.));
#4949=DIRECTION('center_axis',(0.,0.,-1.));
#4950=DIRECTION('ref_axis',(-1.,2.66453525910034E-14,0.));
#4951=DIRECTION('center_axis',(0.,-1.,0.));
#4952=DIRECTION('ref_axis',(1.,0.,0.));
#4953=DIRECTION('',(0.,0.,1.));
#4954=DIRECTION('',(1.,0.,0.));
#4955=DIRECTION('center_axis',(0.,0.,1.));
#4956=DIRECTION('ref_axis',(0.,1.,0.));
#4957=DIRECTION('',(0.,0.,1.));
#4958=DIRECTION('center_axis',(0.,0.,-1.));
#4959=DIRECTION('ref_axis',(0.,1.,0.));
#4960=DIRECTION('center_axis',(-1.,0.,0.));
#4961=DIRECTION('ref_axis',(0.,-1.,0.));
#4962=DIRECTION('',(0.,0.,1.));
#4963=DIRECTION('',(0.,-1.,0.));
#4964=DIRECTION('center_axis',(0.,0.,1.));
#4965=DIRECTION('ref_axis',(2.84217094304036E-14,1.,0.));
#4966=DIRECTION('',(0.,0.,1.));
#4967=DIRECTION('center_axis',(0.,0.,-1.));
#4968=DIRECTION('ref_axis',(2.84217094304036E-14,1.,0.));
#4969=DIRECTION('',(0.,0.,1.));
#4970=DIRECTION('center_axis',(-5.92118946466756E-15,-1.,0.));
#4971=DIRECTION('ref_axis',(1.,-5.92118946466756E-15,0.));
#4972=DIRECTION('',(0.,0.,1.));
#4973=DIRECTION('',(1.,-5.92118946466756E-15,0.));
#4974=DIRECTION('',(0.,0.,1.));
#4975=DIRECTION('center_axis',(0.,0.,1.));
#4976=DIRECTION('ref_axis',(3.55271367880036E-14,1.,0.));
#4977=DIRECTION('',(0.,0.,1.));
#4978=DIRECTION('center_axis',(0.,0.,-1.));
#4979=DIRECTION('ref_axis',(3.55271367880036E-14,1.,0.));
#4980=DIRECTION('center_axis',(-1.,0.,0.));
#4981=DIRECTION('ref_axis',(0.,-1.,0.));
#4982=DIRECTION('',(0.,0.,1.));
#4983=DIRECTION('',(0.,-1.,0.));
#4984=DIRECTION('center_axis',(0.,0.,1.));
#4985=DIRECTION('ref_axis',(1.,-4.88498130835045E-14,0.));
#4986=DIRECTION('',(0.,0.,1.));
#4987=DIRECTION('center_axis',(0.,0.,-1.));
#4988=DIRECTION('ref_axis',(1.,-4.88498130835045E-14,0.));
#4989=DIRECTION('center_axis',(0.,1.,0.));
#4990=DIRECTION('ref_axis',(-1.,0.,0.));
#4991=DIRECTION('',(0.,0.,1.));
#4992=DIRECTION('',(-1.,0.,0.));
#4993=DIRECTION('center_axis',(-1.48029736616689E-15,-1.,0.));
#4994=DIRECTION('ref_axis',(1.,-1.48029736616689E-15,0.));
#4995=DIRECTION('',(0.,0.,1.));
#4996=DIRECTION('',(1.,-1.48029736616689E-15,0.));
#4997=DIRECTION('',(0.,0.,1.));
#4998=DIRECTION('center_axis',(0.,0.,1.));
#4999=DIRECTION('ref_axis',(3.55271367880036E-14,1.,0.));
#5000=DIRECTION('',(0.,0.,1.));
#5001=DIRECTION('center_axis',(0.,0.,-1.));
#5002=DIRECTION('ref_axis',(3.55271367880036E-14,1.,0.));
#5003=DIRECTION('center_axis',(-1.,0.,0.));
#5004=DIRECTION('ref_axis',(0.,-1.,0.));
#5005=DIRECTION('',(0.,0.,1.));
#5006=DIRECTION('',(0.,-1.,0.));
#5007=DIRECTION('center_axis',(0.,0.,1.));
#5008=DIRECTION('ref_axis',(1.,-6.21724893790057E-14,0.));
#5009=DIRECTION('',(0.,0.,1.));
#5010=DIRECTION('center_axis',(0.,0.,-1.));
#5011=DIRECTION('ref_axis',(1.,-6.21724893790057E-14,0.));
#5012=DIRECTION('center_axis',(-2.22044604925033E-15,1.,0.));
#5013=DIRECTION('ref_axis',(-1.,-2.22044604925033E-15,0.));
#5014=DIRECTION('',(0.,0.,1.));
#5015=DIRECTION('',(-1.,-2.22044604925033E-15,0.));
#5016=DIRECTION('center_axis',(0.,-1.,0.));
#5017=DIRECTION('ref_axis',(1.,0.,0.));
#5018=DIRECTION('',(0.,0.,1.));
#5019=DIRECTION('',(1.,0.,0.));
#5020=DIRECTION('',(0.,0.,1.));
#5021=DIRECTION('center_axis',(0.,0.,1.));
#5022=DIRECTION('ref_axis',(1.,4.66293670342543E-14,0.));
#5023=DIRECTION('',(0.,0.,1.));
#5024=DIRECTION('center_axis',(0.,0.,-1.));
#5025=DIRECTION('ref_axis',(1.,4.66293670342543E-14,0.));
#5026=DIRECTION('center_axis',(-1.,0.,0.));
#5027=DIRECTION('ref_axis',(0.,-1.,0.));
#5028=DIRECTION('',(0.,0.,1.));
#5029=DIRECTION('',(0.,-1.,0.));
#5030=DIRECTION('center_axis',(0.,0.,1.));
#5031=DIRECTION('ref_axis',(3.55271367880036E-14,-1.,0.));
#5032=DIRECTION('',(0.,0.,1.));
#5033=DIRECTION('center_axis',(0.,0.,-1.));
#5034=DIRECTION('ref_axis',(3.55271367880036E-14,-1.,0.));
#5035=DIRECTION('center_axis',(0.,1.,0.));
#5036=DIRECTION('ref_axis',(-1.,0.,0.));
#5037=DIRECTION('',(0.,0.,1.));
#5038=DIRECTION('',(-1.,0.,0.));
#5039=DIRECTION('center_axis',(-1.,-2.93977135192429E-16,0.));
#5040=DIRECTION('ref_axis',(2.93977135192429E-16,-1.,0.));
#5041=DIRECTION('',(0.,0.,1.));
#5042=DIRECTION('',(0.,-1.,0.));
#5043=DIRECTION('',(0.,0.,1.));
#5044=DIRECTION('',(2.93977135192429E-16,-1.,0.));
#5045=DIRECTION('center_axis',(0.,0.,1.));
#5046=DIRECTION('ref_axis',(1.,2.13162820728036E-14,0.));
#5047=DIRECTION('',(0.,0.,1.));
#5048=DIRECTION('center_axis',(0.,0.,-1.));
#5049=DIRECTION('ref_axis',(1.,2.13162820728036E-14,0.));
#5050=DIRECTION('center_axis',(-1.,0.,0.));
#5051=DIRECTION('ref_axis',(0.,-1.,0.));
#5052=DIRECTION('',(0.,0.,1.));
#5053=DIRECTION('',(0.,-1.,0.));
#5054=DIRECTION('',(0.,0.,1.));
#5055=DIRECTION('center_axis',(0.,0.,1.));
#5056=DIRECTION('ref_axis',(1.,-4.44089209850041E-14,0.));
#5057=DIRECTION('',(0.,0.,1.));
#5058=DIRECTION('center_axis',(0.,0.,-1.));
#5059=DIRECTION('ref_axis',(1.,-4.44089209850041E-14,0.));
#5060=DIRECTION('center_axis',(5.38289951333409E-16,1.,0.));
#5061=DIRECTION('ref_axis',(-1.,5.38289951333409E-16,0.));
#5062=DIRECTION('',(0.,0.,1.));
#5063=DIRECTION('',(-1.,5.38289951333409E-16,0.));
#5064=DIRECTION('center_axis',(0.,0.,1.));
#5065=DIRECTION('ref_axis',(0.,-1.,0.));
#5066=DIRECTION('',(0.,0.,1.));
#5067=DIRECTION('center_axis',(0.,0.,-1.));
#5068=DIRECTION('ref_axis',(0.,-1.,0.));
#5069=DIRECTION('center_axis',(1.,0.,0.));
#5070=DIRECTION('ref_axis',(0.,1.,0.));
#5071=DIRECTION('',(0.,0.,1.));
#5072=DIRECTION('',(0.,1.,0.));
#5073=DIRECTION('center_axis',(-1.,0.,0.));
#5074=DIRECTION('ref_axis',(0.,-1.,0.));
#5075=DIRECTION('',(0.,0.,1.));
#5076=DIRECTION('',(0.,-1.,0.));
#5077=DIRECTION('',(0.,0.,1.));
#5078=DIRECTION('center_axis',(0.,0.,1.));
#5079=DIRECTION('ref_axis',(1.,-1.77635683940023E-14,0.));
#5080=DIRECTION('',(0.,0.,1.));
#5081=DIRECTION('center_axis',(0.,0.,-1.));
#5082=DIRECTION('ref_axis',(1.,-1.77635683940023E-14,0.));
#5083=DIRECTION('center_axis',(2.69144975666705E-16,1.,0.));
#5084=DIRECTION('ref_axis',(-1.,2.69144975666705E-16,0.));
#5085=DIRECTION('',(0.,0.,1.));
#5086=DIRECTION('',(-1.,2.69144975666705E-16,0.));
#5087=DIRECTION('center_axis',(0.,0.,1.));
#5088=DIRECTION('ref_axis',(-1.77635683940021E-14,-1.,0.));
#5089=DIRECTION('',(0.,0.,1.));
#5090=DIRECTION('center_axis',(0.,0.,-1.));
#5091=DIRECTION('ref_axis',(-1.77635683940021E-14,-1.,0.));
#5092=DIRECTION('center_axis',(1.,0.,0.));
#5093=DIRECTION('ref_axis',(0.,1.,0.));
#5094=DIRECTION('',(0.,0.,1.));
#5095=DIRECTION('',(0.,1.,0.));
#5096=DIRECTION('center_axis',(-1.,0.,0.));
#5097=DIRECTION('ref_axis',(0.,-1.,0.));
#5098=DIRECTION('',(0.,0.,1.));
#5099=DIRECTION('',(0.,-1.,0.));
#5100=DIRECTION('',(0.,0.,1.));
#5101=DIRECTION('center_axis',(0.,0.,1.));
#5102=DIRECTION('ref_axis',(1.,0.,0.));
#5103=DIRECTION('',(0.,0.,1.));
#5104=DIRECTION('center_axis',(0.,0.,-1.));
#5105=DIRECTION('ref_axis',(1.,0.,0.));
#5106=DIRECTION('center_axis',(2.69144975666705E-16,1.,0.));
#5107=DIRECTION('ref_axis',(-1.,2.69144975666705E-16,0.));
#5108=DIRECTION('',(0.,0.,1.));
#5109=DIRECTION('',(-1.,2.69144975666705E-16,0.));
#5110=DIRECTION('center_axis',(0.,0.,1.));
#5111=DIRECTION('ref_axis',(8.88178419700136E-15,-1.,0.));
#5112=DIRECTION('',(0.,0.,1.));
#5113=DIRECTION('center_axis',(0.,0.,-1.));
#5114=DIRECTION('ref_axis',(8.88178419700136E-15,-1.,0.));
#5115=DIRECTION('center_axis',(1.,1.77635683940025E-15,0.));
#5116=DIRECTION('ref_axis',(-1.77635683940025E-15,1.,0.));
#5117=DIRECTION('',(0.,0.,1.));
#5118=DIRECTION('',(-1.77635683940025E-15,1.,0.));
#5119=DIRECTION('center_axis',(0.,0.,1.));
#5120=DIRECTION('ref_axis',(1.,0.,0.));
#5121=DIRECTION('',(1.,0.,0.));
#5122=DIRECTION('center_axis',(0.,0.,1.));
#5123=DIRECTION('ref_axis',(1.,0.,0.));
#5124=DIRECTION('',(1.,-2.53765262771464E-16,0.));
#5125=DIRECTION('center_axis',(0.,-1.,0.));
#5126=DIRECTION('ref_axis',(1.,0.,0.));
#5127=DIRECTION('',(0.,0.,-1.));
#5128=DIRECTION('',(1.,0.,0.));
#5129=DIRECTION('',(0.,0.,1.));
#5130=DIRECTION('',(1.,-2.53765262771464E-16,0.));
#5131=DIRECTION('',(-1.,1.1842378929335E-16,0.));
#5132=DIRECTION('center_axis',(0.,-1.,0.));
#5133=DIRECTION('ref_axis',(1.,0.,0.));
#5134=DIRECTION('',(0.,0.,1.));
#5135=DIRECTION('',(-1.,1.1842378929335E-16,0.));
#5136=DIRECTION('',(1.,0.,0.));
#5137=DIRECTION('center_axis',(-1.,-2.93977135192429E-16,0.));
#5138=DIRECTION('ref_axis',(2.93977135192429E-16,-1.,0.));
#5139=DIRECTION('',(-2.93977135192429E-16,1.,0.));
#5140=DIRECTION('center_axis',(-1.,-2.93977135192429E-16,0.));
#5141=DIRECTION('ref_axis',(2.93977135192429E-16,-1.,0.));
#5142=DIRECTION('',(0.,0.,-1.));
#5143=DIRECTION('',(2.93977135192429E-16,-1.,0.));
#5144=DIRECTION('',(0.,1.,0.));
#5145=DIRECTION('center_axis',(-1.,-2.93977135192429E-16,0.));
#5146=DIRECTION('ref_axis',(2.93977135192429E-16,-1.,0.));
#5147=DIRECTION('',(0.,0.,1.));
#5148=DIRECTION('',(0.,1.,0.));
#5149=DIRECTION('',(0.,1.,0.));
#5150=DIRECTION('',(0.,0.,-1.));
#5151=DIRECTION('',(2.93977135192429E-16,-1.,0.));
#5152=DIRECTION('center_axis',(7.39070873512903E-17,1.,0.));
#5153=DIRECTION('ref_axis',(-1.,7.39070873512903E-17,0.));
#5154=DIRECTION('',(0.,0.,-1.));
#5155=DIRECTION('',(-1.,-1.10710927977579E-16,0.));
#5156=DIRECTION('',(1.,-7.39070873512903E-17,0.));
#5157=DIRECTION('center_axis',(-1.,0.,0.));
#5158=DIRECTION('ref_axis',(0.,1.,0.));
#5159=DIRECTION('',(0.,0.,-1.));
#5160=DIRECTION('',(0.,-1.,0.));
#5161=DIRECTION('',(0.,0.,1.));
#5162=DIRECTION('',(0.,-1.,0.));
#5163=DIRECTION('center_axis',(0.,0.,1.));
#5164=DIRECTION('ref_axis',(1.,0.,0.));
#5165=DIRECTION('',(0.,0.,1.));
#5166=DIRECTION('center_axis',(0.,0.,1.));
#5167=DIRECTION('ref_axis',(1.,0.,0.));
#5168=DIRECTION('center_axis',(0.,0.,1.));
#5169=DIRECTION('ref_axis',(1.,0.,0.));
#5170=DIRECTION('',(0.,0.,1.));
#5171=DIRECTION('center_axis',(0.,0.,1.));
#5172=DIRECTION('ref_axis',(1.,0.,0.));
#5173=DIRECTION('center_axis',(0.,0.,1.));
#5174=DIRECTION('ref_axis',(1.,0.,0.));
#5175=DIRECTION('',(0.,0.,1.));
#5176=DIRECTION('center_axis',(0.,0.,1.));
#5177=DIRECTION('ref_axis',(1.,0.,0.));
#5178=DIRECTION('center_axis',(0.,0.,1.));
#5179=DIRECTION('ref_axis',(1.,0.,0.));
#5180=DIRECTION('',(0.,0.,1.));
#5181=DIRECTION('center_axis',(0.,0.,1.));
#5182=DIRECTION('ref_axis',(1.,0.,0.));
#5183=DIRECTION('center_axis',(0.,0.,1.));
#5184=DIRECTION('ref_axis',(1.,0.,0.));
#5185=DIRECTION('',(0.,0.,1.));
#5186=DIRECTION('center_axis',(0.,0.,1.));
#5187=DIRECTION('ref_axis',(1.,0.,0.));
#5188=DIRECTION('center_axis',(0.,0.,1.));
#5189=DIRECTION('ref_axis',(1.,0.,0.));
#5190=DIRECTION('',(0.,0.,1.));
#5191=DIRECTION('center_axis',(0.,0.,1.));
#5192=DIRECTION('ref_axis',(1.,0.,0.));
#5193=DIRECTION('center_axis',(1.,0.,0.));
#5194=DIRECTION('ref_axis',(0.,-1.,0.));
#5195=DIRECTION('',(0.,0.,1.));
#5196=DIRECTION('',(0.,1.,0.));
#5197=DIRECTION('',(0.,0.,-1.));
#5198=DIRECTION('',(0.,-1.,0.));
#5199=DIRECTION('center_axis',(0.,0.,-1.));
#5200=DIRECTION('ref_axis',(-0.707106781186554,0.707106781186541,0.));
#5201=DIRECTION('center_axis',(0.,0.,1.));
#5202=DIRECTION('ref_axis',(-0.707106781186554,0.707106781186541,0.));
#5203=DIRECTION('center_axis',(0.,0.,-1.));
#5204=DIRECTION('ref_axis',(-0.707106781186554,0.707106781186541,0.));
#5205=DIRECTION('center_axis',(0.,1.,0.));
#5206=DIRECTION('ref_axis',(1.,0.,0.));
#5207=DIRECTION('',(0.,0.,1.));
#5208=DIRECTION('',(-1.,0.,0.));
#5209=DIRECTION('',(0.,0.,-1.));
#5210=DIRECTION('',(1.,0.,0.));
#5211=DIRECTION('center_axis',(0.,0.,-1.));
#5212=DIRECTION('ref_axis',(-0.707106781186548,-0.707106781186548,0.));
#5213=DIRECTION('center_axis',(0.,0.,1.));
#5214=DIRECTION('ref_axis',(-0.707106781186548,-0.707106781186548,0.));
#5215=DIRECTION('center_axis',(0.,0.,-1.));
#5216=DIRECTION('ref_axis',(-0.707106781186548,-0.707106781186548,0.));
#5217=DIRECTION('center_axis',(0.,0.,-1.));
#5218=DIRECTION('ref_axis',(0.707106781186554,-0.707106781186541,0.));
#5219=DIRECTION('center_axis',(0.,0.,1.));
#5220=DIRECTION('ref_axis',(0.707106781186554,-0.707106781186541,0.));
#5221=DIRECTION('',(0.,0.,-1.));
#5222=DIRECTION('center_axis',(0.,0.,-1.));
#5223=DIRECTION('ref_axis',(0.707106781186554,-0.707106781186541,0.));
#5224=DIRECTION('center_axis',(-1.,0.,0.));
#5225=DIRECTION('ref_axis',(0.,1.,0.));
#5226=DIRECTION('',(0.,0.,1.));
#5227=DIRECTION('',(0.,-1.,0.));
#5228=DIRECTION('',(0.,-1.,0.));
#5229=DIRECTION('center_axis',(0.,0.,1.));
#5230=DIRECTION('ref_axis',(0.707106781186548,0.707106781186548,0.));
#5231=DIRECTION('center_axis',(0.,0.,-1.));
#5232=DIRECTION('ref_axis',(0.707106781186548,0.707106781186548,0.));
#5233=DIRECTION('center_axis',(0.,0.,1.));
#5234=DIRECTION('ref_axis',(0.707106781186548,0.707106781186548,0.));
#5235=DIRECTION('center_axis',(0.,0.,-1.));
#5236=DIRECTION('ref_axis',(-0.707106781186554,-0.707106781186541,0.));
#5237=DIRECTION('center_axis',(0.,0.,1.));
#5238=DIRECTION('ref_axis',(-0.707106781186554,-0.707106781186541,0.));
#5239=DIRECTION('',(0.,0.,-1.));
#5240=DIRECTION('center_axis',(0.,0.,-1.));
#5241=DIRECTION('ref_axis',(-0.707106781186554,-0.707106781186541,0.));
#5242=DIRECTION('',(0.,0.,1.));
#5243=DIRECTION('center_axis',(0.,1.,0.));
#5244=DIRECTION('ref_axis',(1.,0.,0.));
#5245=DIRECTION('',(0.,0.,1.));
#5246=DIRECTION('',(-1.,0.,0.));
#5247=DIRECTION('',(1.,0.,0.));
#5248=DIRECTION('center_axis',(0.,0.,1.));
#5249=DIRECTION('ref_axis',(0.707106781186554,-0.707106781186541,0.));
#5250=DIRECTION('center_axis',(0.,0.,-1.));
#5251=DIRECTION('ref_axis',(0.707106781186554,-0.707106781186541,0.));
#5252=DIRECTION('center_axis',(0.,0.,1.));
#5253=DIRECTION('ref_axis',(0.707106781186554,-0.707106781186541,0.));
#5254=DIRECTION('center_axis',(0.,0.,-1.));
#5255=DIRECTION('ref_axis',(-0.707106781186553,-0.707106781186542,0.));
#5256=DIRECTION('center_axis',(0.,0.,1.));
#5257=DIRECTION('ref_axis',(-0.707106781186553,-0.707106781186542,0.));
#5258=DIRECTION('',(0.,0.,-1.));
#5259=DIRECTION('center_axis',(0.,0.,-1.));
#5260=DIRECTION('ref_axis',(-0.707106781186553,-0.707106781186542,0.));
#5261=DIRECTION('',(0.,0.,1.));
#5262=DIRECTION('center_axis',(0.,1.,0.));
#5263=DIRECTION('ref_axis',(1.,0.,0.));
#5264=DIRECTION('',(0.,0.,1.));
#5265=DIRECTION('',(-1.,0.,0.));
#5266=DIRECTION('',(1.,0.,0.));
#5267=DIRECTION('center_axis',(0.,0.,1.));
#5268=DIRECTION('ref_axis',(0.707106781186552,-0.707106781186543,0.));
#5269=DIRECTION('center_axis',(0.,0.,-1.));
#5270=DIRECTION('ref_axis',(0.707106781186552,-0.707106781186543,0.));
#5271=DIRECTION('center_axis',(0.,0.,1.));
#5272=DIRECTION('ref_axis',(0.707106781186552,-0.707106781186543,0.));
#5273=DIRECTION('center_axis',(0.,-1.,0.));
#5274=DIRECTION('ref_axis',(-1.,0.,0.));
#5275=DIRECTION('',(0.,0.,1.));
#5276=DIRECTION('',(1.,0.,0.));
#5277=DIRECTION('',(0.,0.,-1.));
#5278=DIRECTION('',(-1.,0.,0.));
#5279=DIRECTION('center_axis',(0.,0.,-1.));
#5280=DIRECTION('ref_axis',(0.707106781186554,0.707106781186541,0.));
#5281=DIRECTION('center_axis',(0.,0.,1.));
#5282=DIRECTION('ref_axis',(0.707106781186554,0.707106781186541,0.));
#5283=DIRECTION('center_axis',(0.,0.,-1.));
#5284=DIRECTION('ref_axis',(0.707106781186554,0.707106781186541,0.));
#5285=DIRECTION('center_axis',(1.,0.,0.));
#5286=DIRECTION('ref_axis',(0.,-1.,0.));
#5287=DIRECTION('',(0.,0.,-1.));
#5288=DIRECTION('',(0.,1.,0.));
#5289=DIRECTION('',(0.,1.,0.));
#5290=DIRECTION('center_axis',(0.,0.,-1.));
#5291=DIRECTION('ref_axis',(-0.707106781186554,0.707106781186541,0.));
#5292=DIRECTION('center_axis',(0.,0.,1.));
#5293=DIRECTION('ref_axis',(-0.707106781186554,0.707106781186541,0.));
#5294=DIRECTION('center_axis',(0.,0.,-1.));
#5295=DIRECTION('ref_axis',(-0.707106781186554,0.707106781186541,0.));
#5296=DIRECTION('center_axis',(0.,0.,1.));
#5297=DIRECTION('ref_axis',(-0.707106781186548,-0.707106781186548,0.));
#5298=DIRECTION('center_axis',(0.,0.,-1.));
#5299=DIRECTION('ref_axis',(-0.707106781186548,-0.707106781186548,0.));
#5300=DIRECTION('',(0.,0.,1.));
#5301=DIRECTION('center_axis',(0.,0.,1.));
#5302=DIRECTION('ref_axis',(-0.707106781186548,-0.707106781186548,0.));
#5303=DIRECTION('center_axis',(0.,0.,-1.));
#5304=DIRECTION('ref_axis',(0.707106781186554,0.707106781186541,0.));
#5305=DIRECTION('center_axis',(0.,0.,1.));
#5306=DIRECTION('ref_axis',(0.707106781186554,0.707106781186541,0.));
#5307=DIRECTION('',(0.,0.,-1.));
#5308=DIRECTION('center_axis',(0.,0.,-1.));
#5309=DIRECTION('ref_axis',(0.707106781186554,0.707106781186541,0.));
#5310=DIRECTION('center_axis',(1.,0.,0.));
#5311=DIRECTION('ref_axis',(0.,-1.,0.));
#5312=DIRECTION('',(0.,0.,1.));
#5313=DIRECTION('',(0.,1.,0.));
#5314=DIRECTION('',(0.,0.,-1.));
#5315=DIRECTION('',(0.,-1.,0.));
#5316=DIRECTION('center_axis',(0.,0.,-1.));
#5317=DIRECTION('ref_axis',(-0.707106781186541,0.707106781186554,0.));
#5318=DIRECTION('center_axis',(0.,0.,1.));
#5319=DIRECTION('ref_axis',(-0.707106781186541,0.707106781186554,0.));
#5320=DIRECTION('center_axis',(0.,0.,-1.));
#5321=DIRECTION('ref_axis',(-0.707106781186541,0.707106781186554,0.));
#5322=DIRECTION('',(0.,0.,1.));
#5323=DIRECTION('center_axis',(0.,-1.,0.));
#5324=DIRECTION('ref_axis',(-1.,0.,0.));
#5325=DIRECTION('',(0.,0.,-1.));
#5326=DIRECTION('',(-1.,0.,0.));
#5327=DIRECTION('',(1.,0.,0.));
#5328=DIRECTION('center_axis',(0.,0.,-1.));
#5329=DIRECTION('ref_axis',(0.707106781186551,0.707106781186544,0.));
#5330=DIRECTION('center_axis',(0.,0.,1.));
#5331=DIRECTION('ref_axis',(0.707106781186551,0.707106781186544,0.));
#5332=DIRECTION('center_axis',(0.,0.,-1.));
#5333=DIRECTION('ref_axis',(0.707106781186551,0.707106781186544,0.));
#5334=DIRECTION('center_axis',(0.,-1.,0.));
#5335=DIRECTION('ref_axis',(-1.,0.,0.));
#5336=DIRECTION('',(0.,0.,1.));
#5337=DIRECTION('',(1.,0.,0.));
#5338=DIRECTION('',(0.,0.,-1.));
#5339=DIRECTION('',(-1.,0.,0.));
#5340=DIRECTION('center_axis',(0.,0.,-1.));
#5341=DIRECTION('ref_axis',(0.707106781186554,-0.707106781186541,0.));
#5342=DIRECTION('center_axis',(0.,0.,1.));
#5343=DIRECTION('ref_axis',(0.707106781186554,-0.707106781186541,0.));
#5344=DIRECTION('center_axis',(0.,0.,-1.));
#5345=DIRECTION('ref_axis',(0.707106781186554,-0.707106781186541,0.));
#5346=DIRECTION('center_axis',(0.,-1.,0.));
#5347=DIRECTION('ref_axis',(-1.,0.,0.));
#5348=DIRECTION('',(0.,0.,1.));
#5349=DIRECTION('',(1.,0.,0.));
#5350=DIRECTION('',(1.,0.,0.));
#5351=DIRECTION('center_axis',(0.,0.,-1.));
#5352=DIRECTION('ref_axis',(-0.707106781186541,-0.707106781186554,0.));
#5353=DIRECTION('center_axis',(0.,0.,1.));
#5354=DIRECTION('ref_axis',(-0.707106781186541,-0.707106781186554,0.));
#5355=DIRECTION('center_axis',(0.,0.,-1.));
#5356=DIRECTION('ref_axis',(-0.707106781186541,-0.707106781186554,0.));
#5357=DIRECTION('center_axis',(1.,0.,0.));
#5358=DIRECTION('ref_axis',(0.,-1.,0.));
#5359=DIRECTION('',(0.,0.,-1.));
#5360=DIRECTION('',(0.,1.,0.));
#5361=DIRECTION('',(0.,1.,0.));
#5362=DIRECTION('center_axis',(0.,0.,-1.));
#5363=DIRECTION('ref_axis',(-0.707106781186554,0.707106781186541,0.));
#5364=DIRECTION('center_axis',(0.,0.,1.));
#5365=DIRECTION('ref_axis',(-0.707106781186554,0.707106781186541,0.));
#5366=DIRECTION('center_axis',(0.,0.,-1.));
#5367=DIRECTION('ref_axis',(-0.707106781186554,0.707106781186541,0.));
#5368=DIRECTION('center_axis',(0.,-1.,0.));
#5369=DIRECTION('ref_axis',(-1.,0.,0.));
#5370=DIRECTION('',(0.,0.,1.));
#5371=DIRECTION('',(1.,0.,0.));
#5372=DIRECTION('',(0.,0.,-1.));
#5373=DIRECTION('',(-1.,0.,0.));
#5374=DIRECTION('center_axis',(0.,0.,-1.));
#5375=DIRECTION('ref_axis',(0.707106781186554,0.707106781186541,0.));
#5376=DIRECTION('center_axis',(0.,0.,1.));
#5377=DIRECTION('ref_axis',(0.707106781186554,0.707106781186541,0.));
#5378=DIRECTION('center_axis',(0.,0.,-1.));
#5379=DIRECTION('ref_axis',(0.707106781186554,0.707106781186541,0.));
#5380=DIRECTION('',(0.,0.,1.));
#5381=DIRECTION('center_axis',(-1.,0.,0.));
#5382=DIRECTION('ref_axis',(0.,1.,0.));
#5383=DIRECTION('',(0.,0.,-1.));
#5384=DIRECTION('',(0.,-1.,0.));
#5385=DIRECTION('',(0.,-1.,0.));
#5386=DIRECTION('center_axis',(0.,0.,-1.));
#5387=DIRECTION('ref_axis',(0.707106781186548,-0.707106781186548,0.));
#5388=DIRECTION('center_axis',(0.,0.,1.));
#5389=DIRECTION('ref_axis',(0.707106781186548,-0.707106781186548,0.));
#5390=DIRECTION('center_axis',(0.,0.,-1.));
#5391=DIRECTION('ref_axis',(0.707106781186548,-0.707106781186548,0.));
#5392=DIRECTION('',(0.,0.,1.));
#5393=DIRECTION('center_axis',(1.,0.,0.));
#5394=DIRECTION('ref_axis',(0.,-1.,0.));
#5395=DIRECTION('',(0.,0.,-1.));
#5396=DIRECTION('',(0.,1.,0.));
#5397=DIRECTION('',(0.,1.,0.));
#5398=DIRECTION('center_axis',(0.,0.,-1.));
#5399=DIRECTION('ref_axis',(-0.707106781186548,0.707106781186548,0.));
#5400=DIRECTION('center_axis',(0.,0.,1.));
#5401=DIRECTION('ref_axis',(-0.707106781186548,0.707106781186548,0.));
#5402=DIRECTION('center_axis',(0.,0.,-1.));
#5403=DIRECTION('ref_axis',(-0.707106781186548,0.707106781186548,0.));
#5404=DIRECTION('center_axis',(0.,0.,1.));
#5405=DIRECTION('ref_axis',(-0.707106781186543,-0.707106781186552,0.));
#5406=DIRECTION('',(0.,-0.707106781186549,0.707106781186546));
#5407=DIRECTION('center_axis',(0.,0.,-1.));
#5408=DIRECTION('ref_axis',(-0.707106781186543,-0.707106781186552,0.));
#5409=DIRECTION('',(0.707106781186552,0.,-0.707106781186543));
#5410=DIRECTION('center_axis',(0.,0.,1.));
#5411=DIRECTION('ref_axis',(-0.707106781186543,-0.707106781186552,0.));
#5412=DIRECTION('center_axis',(1.30841038386121E-16,0.707106781186546,0.707106781186549));
#5413=DIRECTION('ref_axis',(1.,0.,-1.85037171000631E-16));
#5414=DIRECTION('',(1.,-1.85037171000632E-16,0.));
#5415=DIRECTION('',(0.,-0.707106781186547,0.707106781186548));
#5416=DIRECTION('',(-1.,1.85037171000632E-16,0.));
#5417=DIRECTION('center_axis',(0.,0.,1.));
#5418=DIRECTION('ref_axis',(0.707106781186552,-0.707106781186543,0.));
#5419=DIRECTION('',(0.707106781186552,0.,0.707106781186543));
#5420=DIRECTION('center_axis',(0.,0.,-1.));
#5421=DIRECTION('ref_axis',(0.707106781186552,-0.707106781186543,0.));
#5422=DIRECTION('center_axis',(0.,0.,1.));
#5423=DIRECTION('ref_axis',(0.707106781186552,-0.707106781186543,0.));
#5424=DIRECTION('center_axis',(-0.707106781186543,0.,0.707106781186552));
#5425=DIRECTION('ref_axis',(0.707106781186552,0.,0.707106781186543));
#5426=DIRECTION('',(0.,1.,0.));
#5427=DIRECTION('',(0.707106781186553,0.,0.707106781186542));
#5428=DIRECTION('',(0.,-1.,0.));
#5429=DIRECTION('center_axis',(0.,0.,1.));
#5430=DIRECTION('ref_axis',(0.707106781186544,0.707106781186551,0.));
#5431=DIRECTION('',(0.,0.70710678118655,0.707106781186545));
#5432=DIRECTION('center_axis',(0.,0.,-1.));
#5433=DIRECTION('ref_axis',(0.707106781186544,0.707106781186551,0.));
#5434=DIRECTION('center_axis',(0.,0.,1.));
#5435=DIRECTION('ref_axis',(0.707106781186544,0.707106781186551,0.));
#5436=DIRECTION('center_axis',(-1.96261557579182E-16,-0.707106781186546,
0.707106781186549));
#5437=DIRECTION('ref_axis',(1.,0.,2.77555756500946E-16));
#5438=DIRECTION('',(-1.,2.77555756500948E-16,0.));
#5439=DIRECTION('',(0.,0.707106781186547,0.707106781186548));
#5440=DIRECTION('',(1.,-2.77555756500948E-16,0.));
#5441=DIRECTION('center_axis',(0.,0.,1.));
#5442=DIRECTION('ref_axis',(-0.707106781186553,0.707106781186542,0.));
#5443=DIRECTION('',(-0.707106781186552,0.,0.707106781186543));
#5444=DIRECTION('center_axis',(0.,0.,-1.));
#5445=DIRECTION('ref_axis',(-0.707106781186553,0.707106781186542,0.));
#5446=DIRECTION('center_axis',(0.,0.,1.));
#5447=DIRECTION('ref_axis',(-0.707106781186553,0.707106781186542,0.));
#5448=DIRECTION('center_axis',(0.707106781186543,0.,0.707106781186552));
#5449=DIRECTION('ref_axis',(0.707106781186552,0.,-0.707106781186543));
#5450=DIRECTION('',(0.,-1.,0.));
#5451=DIRECTION('',(0.,1.,0.));
#5452=DIRECTION('center_axis',(-1.85037171000632E-16,-1.,0.));
#5453=DIRECTION('ref_axis',(-1.,1.85037171000632E-16,0.));
#5454=DIRECTION('',(0.,0.,-1.));
#5455=DIRECTION('',(0.,0.,1.));
#5456=DIRECTION('',(1.,-1.85037171000632E-16,5.9211894646675E-15));
#5457=DIRECTION('center_axis',(0.,0.,-1.));
#5458=DIRECTION('ref_axis',(0.707106781186552,-0.707106781186543,0.));
#5459=DIRECTION('',(0.,0.,-1.));
#5460=DIRECTION('center_axis',(-5.9211894646675E-15,7.40148683083438E-15,
1.));
#5461=DIRECTION('ref_axis',(0.707106781186552,-0.707106781186543,0.));
#5462=DIRECTION('center_axis',(1.,0.,0.));
#5463=DIRECTION('ref_axis',(0.,-1.,0.));
#5464=DIRECTION('',(0.,0.,1.));
#5465=DIRECTION('',(0.,1.,-7.40148683083438E-15));
#5466=DIRECTION('center_axis',(0.,0.,-1.));
#5467=DIRECTION('ref_axis',(0.707106781186544,0.707106781186551,0.));
#5468=DIRECTION('',(0.,-1.11022302462516E-14,-1.));
#5469=DIRECTION('center_axis',(-5.9211894646675E-15,7.40148683083438E-15,
1.));
#5470=DIRECTION('ref_axis',(0.707106781186544,0.707106781186551,0.));
#5471=DIRECTION('center_axis',(4.74078511052423E-29,1.,-7.26691434300102E-15));
#5472=DIRECTION('ref_axis',(1.,-2.40109538026645E-29,3.21964677141296E-15));
#5473=DIRECTION('',(-1.,4.37907445682348E-30,-5.9211894646675E-15));
#5474=DIRECTION('',(-5.9211894646675E-15,7.40148683083438E-15,1.));
#5475=DIRECTION('',(-1.,4.74078511052423E-29,0.));
#5476=DIRECTION('',(-5.9211894646675E-15,7.40148683083438E-15,1.));
#5477=DIRECTION('center_axis',(1.,-2.39395193101818E-29,3.22973970800046E-15));
#5478=DIRECTION('ref_axis',(-4.67985569046543E-29,-1.,7.07767178198538E-15));
#5479=DIRECTION('',(4.78443952259701E-29,1.,-7.40148683083438E-15));
#5480=DIRECTION('',(2.39395193101818E-29,1.,0.));
#5481=DIRECTION('',(3.22973970800045E-15,-7.26691434300102E-15,-1.));
#5482=DIRECTION('center_axis',(2.77555756500948E-16,1.,0.));
#5483=DIRECTION('ref_axis',(1.,-2.77555756500948E-16,0.));
#5484=DIRECTION('',(0.,0.,1.));
#5485=DIRECTION('',(-1.,2.77555756500948E-16,-5.9211894646675E-15));
#5486=DIRECTION('center_axis',(0.,0.,-1.));
#5487=DIRECTION('ref_axis',(-0.707106781186553,0.707106781186542,0.));
#5488=DIRECTION('',(0.,-1.11022302462516E-14,-1.));
#5489=DIRECTION('center_axis',(-5.9211894646675E-15,7.40148683083438E-15,
1.));
#5490=DIRECTION('ref_axis',(-0.707106781186553,0.707106781186542,0.));
#5491=DIRECTION('center_axis',(-1.,0.,0.));
#5492=DIRECTION('ref_axis',(0.,1.,0.));
#5493=DIRECTION('',(0.,0.,1.));
#5494=DIRECTION('',(0.,-1.,7.40148683083438E-15));
#5495=DIRECTION('center_axis',(0.,0.,-1.));
#5496=DIRECTION('ref_axis',(-0.707106781186543,-0.707106781186552,0.));
#5497=DIRECTION('center_axis',(-5.9211894646675E-15,7.40148683083438E-15,
1.));
#5498=DIRECTION('ref_axis',(-0.707106781186543,-0.707106781186552,0.));
#5499=DIRECTION('center_axis',(-4.74078511052423E-29,-1.,7.26691434300102E-15));
#5500=DIRECTION('ref_axis',(-1.,2.40109538026645E-29,-3.21964677141296E-15));
#5501=DIRECTION('',(1.,-4.37907445682348E-30,5.9211894646675E-15));
#5502=DIRECTION('',(1.,-4.74078511052423E-29,0.));
#5503=DIRECTION('',(-5.9211894646675E-15,7.40148683083438E-15,1.));
#5504=DIRECTION('center_axis',(-1.,2.39395193101818E-29,-3.22973970800046E-15));
#5505=DIRECTION('ref_axis',(4.67985569046543E-29,1.,-7.07767178198537E-15));
#5506=DIRECTION('',(-4.78443952259701E-29,-1.,7.40148683083438E-15));
#5507=DIRECTION('',(-2.39395193101818E-29,-1.,0.));
#5508=DIRECTION('center_axis',(-5.9211894646675E-15,7.40148683083438E-15,
1.));
#5509=DIRECTION('ref_axis',(1.,0.,5.9211894646675E-15));
#5510=DIRECTION('center_axis',(0.,0.,1.));
#5511=DIRECTION('ref_axis',(1.,0.,0.));
#5512=DIRECTION('',(0.,-1.,0.));
#5513=DIRECTION('',(1.,-2.53765262771464E-16,0.));
#5514=DIRECTION('center_axis',(0.,0.,1.));
#5515=DIRECTION('ref_axis',(1.,0.,0.));
#5516=DIRECTION('',(0.,0.,1.));
#5517=DIRECTION('center_axis',(0.,0.,1.));
#5518=DIRECTION('ref_axis',(1.,0.,0.));
#5519=DIRECTION('center_axis',(0.,0.,1.));
#5520=DIRECTION('ref_axis',(1.,0.,0.));
#5521=DIRECTION('center_axis',(0.,0.,1.));
#5522=DIRECTION('ref_axis',(1.,0.,0.));
#5523=DIRECTION('center_axis',(0.,0.,1.));
#5524=DIRECTION('ref_axis',(1.,0.,0.));
#5525=DIRECTION('center_axis',(0.,0.,1.));
#5526=DIRECTION('ref_axis',(1.,0.,0.));
#5527=DIRECTION('center_axis',(0.,0.,1.));
#5528=DIRECTION('ref_axis',(1.,0.,0.));
#5529=DIRECTION('center_axis',(0.,0.,1.));
#5530=DIRECTION('ref_axis',(1.,0.,0.));
#5531=DIRECTION('center_axis',(0.,0.,1.));
#5532=DIRECTION('ref_axis',(1.,0.,0.));
#5533=DIRECTION('center_axis',(0.,0.,1.));
#5534=DIRECTION('ref_axis',(1.,0.,0.));
#5535=DIRECTION('',(0.,1.,0.));
#5536=DIRECTION('',(-1.,7.56003761980529E-17,0.));
#5537=DIRECTION('',(0.,1.,0.));
#5538=DIRECTION('',(-1.,-1.10710927977579E-16,0.));
#5539=DIRECTION('center_axis',(7.56003761980529E-17,1.,0.));
#5540=DIRECTION('ref_axis',(-1.,7.56003761980529E-17,0.));
#5541=DIRECTION('',(0.,0.,-1.));
#5542=DIRECTION('center_axis',(7.39070873512903E-17,1.,0.));
#5543=DIRECTION('ref_axis',(-1.,7.39070873512903E-17,0.));
#5544=DIRECTION('',(0.,0.,-1.));
#5545=DIRECTION('center_axis',(-1.,0.,0.));
#5546=DIRECTION('ref_axis',(0.,0.,1.));
#5547=DIRECTION('center_axis',(-1.,0.,0.));
#5548=DIRECTION('ref_axis',(0.,0.,1.));
#5549=DIRECTION('center_axis',(-1.,0.,0.));
#5550=DIRECTION('ref_axis',(0.,0.,1.));
#5551=DIRECTION('',(0.,1.,0.));
#5552=DIRECTION('',(0.,0.,1.));
#5553=DIRECTION('',(0.,-1.,0.));
#5554=DIRECTION('',(0.,0.,-1.));
#5555=DIRECTION('center_axis',(-1.,0.,0.));
#5556=DIRECTION('ref_axis',(0.,0.,1.));
#5557=DIRECTION('',(0.,1.,0.));
#5558=DIRECTION('',(0.,0.,1.));
#5559=DIRECTION('',(0.,-1.,0.));
#5560=DIRECTION('',(0.,0.,1.));
#5561=DIRECTION('',(0.,-1.,0.));
#5562=DIRECTION('',(0.,0.,-1.));
#5563=DIRECTION('center_axis',(2.5200125399351E-17,-1.,0.));
#5564=DIRECTION('ref_axis',(1.,2.5200125399351E-17,0.));
#5565=DIRECTION('',(1.,2.5200125399351E-17,0.));
#5566=DIRECTION('',(0.,0.,1.));
#5567=DIRECTION('',(-1.,-2.5200125399351E-17,0.));
#5568=DIRECTION('center_axis',(0.,0.,1.));
#5569=DIRECTION('ref_axis',(1.,0.,0.));
#5570=DIRECTION('center_axis',(0.,0.,1.));
#5571=DIRECTION('ref_axis',(-1.,0.,0.));
#5572=DIRECTION('',(0.,1.,0.));
#5573=DIRECTION('center_axis',(0.,0.,1.));
#5574=DIRECTION('ref_axis',(0.,1.,0.));
#5575=DIRECTION('',(1.,-7.56003761980529E-17,0.));
#5576=DIRECTION('',(1.,-2.69144975666705E-16,0.));
#5577=DIRECTION('center_axis',(0.,0.,-1.));
#5578=DIRECTION('ref_axis',(0.,1.,0.));
#5579=DIRECTION('',(7.40148683083438E-16,1.,0.));
#5580=DIRECTION('',(1.,-3.35858733106495E-17,0.));
#5581=DIRECTION('',(-7.40148683083438E-16,-1.,0.));
#5582=DIRECTION('center_axis',(0.,0.,-1.));
#5583=DIRECTION('ref_axis',(-2.22044604925032E-15,1.,0.));
#5584=DIRECTION('',(1.,-1.2166827667125E-16,0.));
#5585=DIRECTION('center_axis',(0.,0.,-1.));
#5586=DIRECTION('ref_axis',(-1.,0.,0.));
#5587=DIRECTION('',(0.,1.,0.));
#5588=DIRECTION('',(1.,-3.35858733106495E-17,0.));
#5589=DIRECTION('center_axis',(0.,0.,1.));
#5590=DIRECTION('ref_axis',(-1.,2.53765262771465E-15,0.));
#5591=DIRECTION('center_axis',(0.,0.,-1.));
#5592=DIRECTION('ref_axis',(0.,1.,0.));
#5593=DIRECTION('',(1.,-3.5059674461847E-16,0.));
#5594=DIRECTION('center_axis',(0.,0.,-1.));
#5595=DIRECTION('ref_axis',(-1.,-1.42108547152022E-14,0.));
#5596=DIRECTION('',(0.,1.,0.));
#5597=DIRECTION('',(1.,0.,0.));
#5598=DIRECTION('center_axis',(0.,0.,-1.));
#5599=DIRECTION('ref_axis',(-3.55271367880029E-14,1.,0.));
#5600=DIRECTION('',(0.,1.,0.));
#5601=DIRECTION('center_axis',(0.,0.,-1.));
#5602=DIRECTION('ref_axis',(-1.,-6.21724893790035E-14,0.));
#5603=DIRECTION('',(-1.,0.,0.));
#5604=DIRECTION('',(0.,1.,0.));
#5605=DIRECTION('',(1.,0.,0.));
#5606=DIRECTION('center_axis',(0.,0.,-1.));
#5607=DIRECTION('ref_axis',(-1.,6.21724893790035E-14,0.));
#5608=DIRECTION('',(0.,1.,0.));
#5609=DIRECTION('center_axis',(0.,0.,-1.));
#5610=DIRECTION('ref_axis',(-3.55271367880029E-14,-1.,0.));
#5611=DIRECTION('',(-1.,7.40148683083445E-16,0.));
#5612=DIRECTION('',(0.,1.,0.));
#5613=DIRECTION('',(1.,-1.48029736616689E-14,0.));
#5614=DIRECTION('center_axis',(0.,0.,-1.));
#5615=DIRECTION('ref_axis',(-1.,6.21724893790035E-14,0.));
#5616=DIRECTION('',(0.,1.,0.));
#5617=DIRECTION('center_axis',(0.,0.,-1.));
#5618=DIRECTION('ref_axis',(-7.10542735760052E-14,-1.,0.));
#5619=DIRECTION('',(-1.,0.,0.));
#5620=DIRECTION('',(0.,1.,0.));
#5621=DIRECTION('center_axis',(0.,0.,-1.));
#5622=DIRECTION('ref_axis',(-2.84217094304041E-14,-1.,0.));
#5623=DIRECTION('',(-1.,1.26973326619031E-16,0.));
#5624=DIRECTION('',(7.10542735760098E-15,1.,0.));
#5625=DIRECTION('center_axis',(0.,0.,-1.));
#5626=DIRECTION('ref_axis',(0.,-1.,0.));
#5627=DIRECTION('',(-1.,0.,0.));
#5628=DIRECTION('center_axis',(0.,0.,-1.));
#5629=DIRECTION('ref_axis',(1.,1.77635683940032E-14,0.));
#5630=DIRECTION('',(0.,-1.,0.));
#5631=DIRECTION('',(-1.,1.26973326619031E-16,0.));
#5632=DIRECTION('center_axis',(0.,0.,1.));
#5633=DIRECTION('ref_axis',(1.,2.36847578586702E-14,0.));
#5634=DIRECTION('center_axis',(0.,0.,-1.));
#5635=DIRECTION('ref_axis',(-6.45947941600086E-15,-1.,0.));
#5636=DIRECTION('',(-1.,2.37798773681426E-16,0.));
#5637=DIRECTION('center_axis',(0.,0.,-1.));
#5638=DIRECTION('ref_axis',(1.,-1.29189588320018E-14,0.));
#5639=DIRECTION('center_axis',(0.,0.,1.));
#5640=DIRECTION('ref_axis',(-3.84877315203387E-14,1.,0.));
#5641=DIRECTION('',(-1.,7.39070873512903E-17,0.));
#5642=DIRECTION('center_axis',(0.,0.,1.));
#5643=DIRECTION('ref_axis',(1.,0.,0.));
#5644=DIRECTION('center_axis',(0.,0.,1.));
#5645=DIRECTION('ref_axis',(1.,0.,0.));
#5646=DIRECTION('center_axis',(0.,0.,1.));
#5647=DIRECTION('ref_axis',(1.,0.,0.));
#5648=DIRECTION('center_axis',(0.,0.,1.));
#5649=DIRECTION('ref_axis',(1.,0.,0.));
#5650=DIRECTION('center_axis',(0.,0.,1.));
#5651=DIRECTION('ref_axis',(1.,0.,0.));
#5652=DIRECTION('center_axis',(0.,0.,1.));
#5653=DIRECTION('ref_axis',(1.,0.,0.));
#5654=DIRECTION('center_axis',(0.,0.,1.));
#5655=DIRECTION('ref_axis',(1.,0.,0.));
#5656=DIRECTION('center_axis',(0.,0.,1.));
#5657=DIRECTION('ref_axis',(1.,0.,0.));
#5658=DIRECTION('center_axis',(-2.69144975666705E-16,-1.,0.));
#5659=DIRECTION('ref_axis',(1.,-2.69144975666705E-16,0.));
#5660=DIRECTION('',(1.,-2.69144975666705E-16,0.));
#5661=DIRECTION('',(0.,0.,1.));
#5662=DIRECTION('center_axis',(0.,0.,1.));
#5663=DIRECTION('ref_axis',(1.,0.,0.));
#5664=DIRECTION('',(1.,0.,0.));
#5665=DIRECTION('center_axis',(0.,0.,-1.));
#5666=DIRECTION('ref_axis',(-0.707106781186554,0.707106781186541,0.));
#5667=DIRECTION('',(0.,1.,0.));
#5668=DIRECTION('',(-1.,0.,0.));
#5669=DIRECTION('center_axis',(0.,0.,-1.));
#5670=DIRECTION('ref_axis',(-1.,-6.21724893790035E-14,0.));
#5671=DIRECTION('',(0.,1.,0.));
#5672=DIRECTION('center_axis',(0.,0.,-1.));
#5673=DIRECTION('ref_axis',(-3.55271367880029E-14,1.,0.));
#5674=DIRECTION('',(1.,0.,0.));
#5675=DIRECTION('',(0.,1.,0.));
#5676=DIRECTION('center_axis',(0.,0.,-1.));
#5677=DIRECTION('ref_axis',(-1.,-1.42108547152022E-14,0.));
#5678=DIRECTION('',(1.,-3.5059674461847E-16,0.));
#5679=DIRECTION('center_axis',(0.,0.,-1.));
#5680=DIRECTION('ref_axis',(0.,1.,0.));
#5681=DIRECTION('center_axis',(0.,0.,1.));
#5682=DIRECTION('ref_axis',(-1.,2.53765262771465E-15,0.));
#5683=DIRECTION('',(-1.,0.,0.));
#5684=DIRECTION('center_axis',(0.,0.,-1.));
#5685=DIRECTION('ref_axis',(-0.70710678118656,0.707106781186535,0.));
#5686=DIRECTION('',(0.,1.,0.));
#5687=DIRECTION('center_axis',(0.,0.,-1.));
#5688=DIRECTION('ref_axis',(-0.707106781186554,-0.707106781186541,0.));
#5689=DIRECTION('',(-1.,0.,0.));
#5690=DIRECTION('center_axis',(0.,0.,-1.));
#5691=DIRECTION('ref_axis',(0.707106781186548,-0.707106781186548,0.));
#5692=DIRECTION('',(0.,-1.,0.));
#5693=DIRECTION('center_axis',(0.,0.,-1.));
#5694=DIRECTION('ref_axis',(0.707106781186541,0.707106781186554,0.));
#5695=DIRECTION('',(-1.,1.1842378929335E-16,0.));
#5696=DIRECTION('',(0.,1.,0.));
#5697=DIRECTION('center_axis',(0.,0.,-1.));
#5698=DIRECTION('ref_axis',(-1.,0.,0.));
#5699=DIRECTION('',(1.,-1.2166827667125E-16,0.));
#5700=DIRECTION('center_axis',(0.,0.,-1.));
#5701=DIRECTION('ref_axis',(-2.22044604925032E-15,1.,0.));
#5702=DIRECTION('',(-7.40148683083438E-16,-1.,0.));
#5703=DIRECTION('',(-1.,1.1842378929335E-16,0.));
#5704=DIRECTION('center_axis',(0.,0.,-1.));
#5705=DIRECTION('ref_axis',(-0.707106781186554,0.707106781186541,0.));
#5706=DIRECTION('',(0.,1.,0.));
#5707=DIRECTION('center_axis',(0.,0.,-1.));
#5708=DIRECTION('ref_axis',(-0.707106781186548,-0.707106781186548,0.));
#5709=DIRECTION('',(-1.,0.,0.));
#5710=DIRECTION('center_axis',(0.,0.,-1.));
#5711=DIRECTION('ref_axis',(0.707106781186551,-0.707106781186544,0.));
#5712=DIRECTION('',(0.,-1.,0.));
#5713=DIRECTION('center_axis',(0.,0.,-1.));
#5714=DIRECTION('ref_axis',(0.707106781186544,0.707106781186551,0.));
#5715=DIRECTION('',(-1.,0.,0.));
#5716=DIRECTION('',(7.40148683083438E-16,1.,0.));
#5717=DIRECTION('center_axis',(0.,0.,-1.));
#5718=DIRECTION('ref_axis',(0.,1.,0.));
#5719=DIRECTION('',(-1.,0.,0.));
#5720=DIRECTION('center_axis',(0.,0.,-1.));
#5721=DIRECTION('ref_axis',(-0.707106781186548,0.707106781186548,0.));
#5722=DIRECTION('',(0.,1.,0.));
#5723=DIRECTION('center_axis',(0.,0.,-1.));
#5724=DIRECTION('ref_axis',(-0.707106781186554,-0.707106781186541,0.));
#5725=DIRECTION('',(-1.,0.,0.));
#5726=DIRECTION('center_axis',(0.,0.,-1.));
#5727=DIRECTION('ref_axis',(0.707106781186541,-0.707106781186554,0.));
#5728=DIRECTION('',(0.,-1.,0.));
#5729=DIRECTION('center_axis',(0.,0.,-1.));
#5730=DIRECTION('ref_axis',(0.707106781186535,0.70710678118656,0.));
#5731=DIRECTION('center_axis',(0.,-1.,0.));
#5732=DIRECTION('ref_axis',(-1.,0.,0.));
#5733=DIRECTION('',(-1.,0.,0.));
#5734=DIRECTION('',(0.,0.,1.));
#5735=DIRECTION('center_axis',(0.,0.,1.));
#5736=DIRECTION('ref_axis',(1.,0.,0.));
#5737=DIRECTION('center_axis',(0.,0.,1.));
#5738=DIRECTION('ref_axis',(1.,0.,0.));
#5739=DIRECTION('center_axis',(0.,0.,1.));
#5740=DIRECTION('ref_axis',(1.,0.,0.));
#5741=DIRECTION('center_axis',(0.,0.,1.));
#5742=DIRECTION('ref_axis',(1.,0.,0.));
#5743=DIRECTION('center_axis',(0.,0.,1.));
#5744=DIRECTION('ref_axis',(1.,0.,0.));
#5745=DIRECTION('center_axis',(0.,0.,1.));
#5746=DIRECTION('ref_axis',(1.,0.,0.));
#5747=DIRECTION('center_axis',(0.,0.,1.));
#5748=DIRECTION('ref_axis',(1.,0.,0.));
#5749=DIRECTION('center_axis',(0.,0.,1.));
#5750=DIRECTION('ref_axis',(1.,0.,0.));
#5751=DIRECTION('center_axis',(0.,0.,1.));
#5752=DIRECTION('ref_axis',(1.,0.,0.));
#5753=DIRECTION('center_axis',(0.,0.,1.));
#5754=DIRECTION('ref_axis',(1.,0.,0.));
#5755=DIRECTION('center_axis',(0.,0.,1.));
#5756=DIRECTION('ref_axis',(1.,0.,0.));
#5757=DIRECTION('center_axis',(0.,0.,1.));
#5758=DIRECTION('ref_axis',(1.,0.,0.));
#5759=DIRECTION('center_axis',(0.,0.,1.));
#5760=DIRECTION('ref_axis',(1.,0.,0.));
#5761=DIRECTION('center_axis',(0.,0.,1.));
#5762=DIRECTION('ref_axis',(1.,0.,0.));
#5763=DIRECTION('center_axis',(0.,0.,1.));
#5764=DIRECTION('ref_axis',(1.,0.,0.));
#5765=DIRECTION('center_axis',(0.,0.,1.));
#5766=DIRECTION('ref_axis',(1.,0.,0.));
#5767=DIRECTION('center_axis',(0.,0.,1.));
#5768=DIRECTION('ref_axis',(1.,0.,0.));
#5769=DIRECTION('',(-1.,-1.10710927977579E-16,0.));
#5770=DIRECTION('center_axis',(0.,0.,-1.));
#5771=DIRECTION('ref_axis',(-2.84217094304041E-14,-1.,0.));
#5772=DIRECTION('',(0.,1.,0.));
#5773=DIRECTION('center_axis',(0.,0.,1.));
#5774=DIRECTION('ref_axis',(-0.707106781186554,0.707106781186541,0.));
#5775=DIRECTION('',(-1.,7.56003761980529E-17,0.));
#5776=DIRECTION('center_axis',(0.,0.,1.));
#5777=DIRECTION('ref_axis',(0.,1.,0.));
#5778=DIRECTION('',(0.,-1.,0.));
#5779=DIRECTION('center_axis',(0.,0.,1.));
#5780=DIRECTION('ref_axis',(-1.,0.,0.));
#5781=DIRECTION('',(1.,0.,0.));
#5782=DIRECTION('center_axis',(0.,0.,1.));
#5783=DIRECTION('ref_axis',(0.707106781186544,0.707106781186551,0.));
#5784=DIRECTION('',(0.,1.,0.));
#5785=DIRECTION('center_axis',(0.,0.,1.));
#5786=DIRECTION('ref_axis',(0.707106781186551,-0.707106781186544,0.));
#5787=DIRECTION('',(1.,0.,0.));
#5788=DIRECTION('center_axis',(0.,0.,1.));
#5789=DIRECTION('ref_axis',(-0.707106781186548,-0.707106781186548,0.));
#5790=DIRECTION('',(0.,-1.,0.));
#5791=DIRECTION('center_axis',(0.,0.,1.));
#5792=DIRECTION('ref_axis',(-0.707106781186554,0.707106781186541,0.));
#5793=DIRECTION('center_axis',(0.,0.,1.));
#5794=DIRECTION('ref_axis',(0.707106781186548,-0.707106781186548,0.));
#5795=DIRECTION('',(1.,0.,0.));
#5796=DIRECTION('center_axis',(0.,0.,1.));
#5797=DIRECTION('ref_axis',(-0.707106781186554,-0.707106781186541,0.));
#5798=DIRECTION('',(0.,-1.,0.));
#5799=DIRECTION('center_axis',(0.,0.,1.));
#5800=DIRECTION('ref_axis',(-0.70710678118656,0.707106781186535,0.));
#5801=DIRECTION('',(1.,0.,0.));
#5802=DIRECTION('center_axis',(0.,0.,1.));
#5803=DIRECTION('ref_axis',(0.707106781186541,0.707106781186554,0.));
#5804=DIRECTION('',(0.,1.,0.));
#5805=DIRECTION('',(1.,0.,0.));
#5806=DIRECTION('center_axis',(0.,0.,1.));
#5807=DIRECTION('ref_axis',(-0.707106781186554,-0.707106781186541,0.));
#5808=DIRECTION('',(0.,1.,0.));
#5809=DIRECTION('center_axis',(0.,0.,1.));
#5810=DIRECTION('ref_axis',(-0.707106781186548,0.707106781186548,0.));
#5811=DIRECTION('',(1.,0.,0.));
#5812=DIRECTION('center_axis',(0.,0.,1.));
#5813=DIRECTION('ref_axis',(0.707106781186535,0.70710678118656,0.));
#5814=DIRECTION('',(0.,1.,0.));
#5815=DIRECTION('center_axis',(0.,0.,1.));
#5816=DIRECTION('ref_axis',(0.707106781186541,-0.707106781186554,0.));
#5817=DIRECTION('center_axis',(0.,0.,-1.));
#5818=DIRECTION('ref_axis',(0.707106781186541,-0.707106781186554,0.));
#5819=DIRECTION('',(0.,0.,-1.));
#5820=DIRECTION('',(0.,0.,1.));
#5821=DIRECTION('center_axis',(-1.,0.,0.));
#5822=DIRECTION('ref_axis',(0.,1.,0.));
#5823=DIRECTION('',(0.,0.,1.));
#5824=DIRECTION('center_axis',(0.,0.,1.));
#5825=DIRECTION('ref_axis',(-0.707106781186554,0.707106781186541,0.));
#5826=DIRECTION('',(0.,0.,-1.));
#5827=DIRECTION('center_axis',(0.,0.,1.));
#5828=DIRECTION('ref_axis',(0.707106781186544,0.707106781186551,0.));
#5829=DIRECTION('',(0.,0.,1.));
#5830=DIRECTION('',(0.,0.,-1.));
#5831=DIRECTION('center_axis',(-1.,0.,0.));
#5832=DIRECTION('ref_axis',(0.,1.,0.));
#5833=DIRECTION('',(0.,0.,-1.));
#5834=DIRECTION('center_axis',(0.,0.,-1.));
#5835=DIRECTION('ref_axis',(0.707106781186551,-0.707106781186544,0.));
#5836=DIRECTION('',(0.,0.,1.));
#5837=DIRECTION('center_axis',(0.,0.,-1.));
#5838=DIRECTION('ref_axis',(-0.707106781186548,-0.707106781186548,0.));
#5839=DIRECTION('',(0.,0.,-1.));
#5840=DIRECTION('',(0.,0.,1.));
#5841=DIRECTION('center_axis',(0.,1.,0.));
#5842=DIRECTION('ref_axis',(1.,0.,0.));
#5843=DIRECTION('center_axis',(0.,0.,-1.));
#5844=DIRECTION('ref_axis',(-0.707106781186554,0.707106781186541,0.));
#5845=DIRECTION('',(0.,0.,-1.));
#5846=DIRECTION('',(0.,0.,1.));
#5847=DIRECTION('center_axis',(1.,0.,0.));
#5848=DIRECTION('ref_axis',(0.,-1.,0.));
#5849=DIRECTION('center_axis',(0.,0.,1.));
#5850=DIRECTION('ref_axis',(0.707106781186541,0.707106781186554,0.));
#5851=DIRECTION('',(0.,0.,1.));
#5852=DIRECTION('',(0.,0.,-1.));
#5853=DIRECTION('center_axis',(-1.,0.,0.));
#5854=DIRECTION('ref_axis',(0.,1.,0.));
#5855=DIRECTION('',(0.,0.,-1.));
#5856=DIRECTION('center_axis',(0.,0.,-1.));
#5857=DIRECTION('ref_axis',(0.707106781186548,-0.707106781186548,0.));
#5858=DIRECTION('',(0.,0.,1.));
#5859=DIRECTION('center_axis',(0.,0.,-1.));
#5860=DIRECTION('ref_axis',(-0.707106781186554,-0.707106781186541,0.));
#5861=DIRECTION('',(0.,0.,-1.));
#5862=DIRECTION('',(0.,0.,1.));
#5863=DIRECTION('center_axis',(0.,1.,0.));
#5864=DIRECTION('ref_axis',(1.,0.,0.));
#5865=DIRECTION('center_axis',(0.,0.,-1.));
#5866=DIRECTION('ref_axis',(-0.70710678118656,0.707106781186535,0.));
#5867=DIRECTION('',(0.,0.,-1.));
#5868=DIRECTION('',(0.,0.,1.));
#5869=DIRECTION('center_axis',(1.,0.,0.));
#5870=DIRECTION('ref_axis',(0.,-1.,0.));
#5871=DIRECTION('center_axis',(0.,0.,1.));
#5872=DIRECTION('ref_axis',(0.707106781186535,0.70710678118656,0.));
#5873=DIRECTION('',(0.,0.,-1.));
#5874=DIRECTION('center_axis',(0.,0.,-1.));
#5875=DIRECTION('ref_axis',(-0.707106781186554,-0.707106781186541,0.));
#5876=DIRECTION('',(0.,0.,-1.));
#5877=DIRECTION('',(0.,0.,1.));
#5878=DIRECTION('center_axis',(0.,1.,0.));
#5879=DIRECTION('ref_axis',(1.,0.,0.));
#5880=DIRECTION('center_axis',(0.,0.,1.));
#5881=DIRECTION('ref_axis',(-0.707106781186548,0.707106781186548,0.));
#5882=DIRECTION('',(0.,0.,1.));
#5883=DIRECTION('',(0.,0.,-1.));
#5884=DIRECTION('center_axis',(0.,-1.,0.));
#5885=DIRECTION('ref_axis',(1.,0.,0.));
#5886=DIRECTION('center_axis',(0.,0.,1.));
#5887=DIRECTION('ref_axis',(1.,0.,0.));
#5888=DIRECTION('',(0.,0.,1.));
#5889=DIRECTION('center_axis',(0.,0.,1.));
#5890=DIRECTION('ref_axis',(1.,0.,0.));
#5891=DIRECTION('',(0.,0.,1.));
#5892=DIRECTION('center_axis',(0.,0.,1.));
#5893=DIRECTION('ref_axis',(1.,0.,0.));
#5894=DIRECTION('',(0.,0.,1.));
#5895=DIRECTION('center_axis',(0.,0.,1.));
#5896=DIRECTION('ref_axis',(1.,0.,0.));
#5897=DIRECTION('',(0.,0.,1.));
#5898=DIRECTION('center_axis',(0.,0.,1.));
#5899=DIRECTION('ref_axis',(1.,0.,0.));
#5900=DIRECTION('',(0.,0.,1.));
#5901=DIRECTION('center_axis',(0.,0.,1.));
#5902=DIRECTION('ref_axis',(1.,0.,0.));
#5903=DIRECTION('',(0.,0.,1.));
#5904=DIRECTION('center_axis',(0.,0.,1.));
#5905=DIRECTION('ref_axis',(1.,0.,0.));
#5906=DIRECTION('',(0.,0.,1.));
#5907=DIRECTION('center_axis',(0.,0.,1.));
#5908=DIRECTION('ref_axis',(1.,0.,0.));
#5909=DIRECTION('',(0.,0.,1.));
#5910=DIRECTION('center_axis',(1.,0.,0.));
#5911=DIRECTION('ref_axis',(0.,1.,0.));
#5912=DIRECTION('center_axis',(1.,0.,0.));
#5913=DIRECTION('ref_axis',(0.,1.,0.));
#5914=DIRECTION('',(0.,0.,1.));
#5915=DIRECTION('',(0.,0.,1.));
#5916=DIRECTION('',(0.,-1.,0.));
#5917=DIRECTION('',(0.,0.,1.));
#5918=DIRECTION('',(0.,0.,1.));
#5919=DIRECTION('',(0.,-1.,0.));
#5920=DIRECTION('',(0.,0.,1.));
#5921=DIRECTION('',(0.,0.,1.));
#5922=DIRECTION('center_axis',(7.39070873512903E-17,1.,0.));
#5923=DIRECTION('ref_axis',(-1.,7.39070873512903E-17,0.));
#5924=DIRECTION('',(0.,0.,1.));
#5925=DIRECTION('',(1.,-7.39070873512903E-17,0.));
#5926=DIRECTION('',(0.,0.,1.));
#5927=DIRECTION('',(0.,0.,1.));
#5928=DIRECTION('',(1.,0.,0.));
#5929=DIRECTION('',(0.,0.,1.));
#5930=DIRECTION('',(0.,0.,1.));
#5931=DIRECTION('center_axis',(0.,-1.,0.));
#5932=DIRECTION('ref_axis',(1.,0.,0.));
#5933=DIRECTION('',(0.,0.,1.));
#5934=DIRECTION('',(0.,0.,1.));
#5935=DIRECTION('center_axis',(0.,-1.,0.));
#5936=DIRECTION('ref_axis',(1.,0.,0.));
#5937=DIRECTION('',(0.,0.,1.));
#5938=DIRECTION('',(0.,0.,1.));
#5939=DIRECTION('center_axis',(0.,0.,1.));
#5940=DIRECTION('ref_axis',(1.,0.,0.));
#5941=DIRECTION('',(-1.,7.40148683083445E-16,0.));
#5942=DIRECTION('center_axis',(0.,0.,-1.));
#5943=DIRECTION('ref_axis',(-3.55271367880029E-14,-1.,0.));
#5944=DIRECTION('',(0.,1.,0.));
#5945=DIRECTION('center_axis',(0.,0.,-1.));
#5946=DIRECTION('ref_axis',(-1.,6.21724893790035E-14,0.));
#5947=DIRECTION('',(1.,0.,0.));
#5948=DIRECTION('center_axis',(0.,0.,1.));
#5949=DIRECTION('ref_axis',(1.,0.,0.));
#5950=DIRECTION('',(1.,-1.48029736616689E-14,0.));
#5951=DIRECTION('',(-1.,0.,0.));
#5952=DIRECTION('center_axis',(0.,0.,-1.));
#5953=DIRECTION('ref_axis',(-7.10542735760052E-14,-1.,0.));
#5954=DIRECTION('',(0.,1.,0.));
#5955=DIRECTION('center_axis',(0.,0.,-1.));
#5956=DIRECTION('ref_axis',(-1.,6.21724893790035E-14,0.));
#5957=DIRECTION('center_axis',(0.,0.,1.));
#5958=DIRECTION('ref_axis',(1.,0.,0.));
#5959=DIRECTION('center_axis',(0.,0.,1.));
#5960=DIRECTION('ref_axis',(1.,2.36847578586702E-14,0.));
#5961=DIRECTION('center_axis',(0.,0.,1.));
#5962=DIRECTION('ref_axis',(-3.84877315203387E-14,1.,0.));
#5963=DIRECTION('center_axis',(0.,0.,-1.));
#5964=DIRECTION('ref_axis',(1.,-1.29189588320018E-14,0.));
#5965=DIRECTION('',(-1.,2.37798773681426E-16,0.));
#5966=DIRECTION('center_axis',(0.,0.,-1.));
#5967=DIRECTION('ref_axis',(-6.45947941600086E-15,-1.,0.));
#5968=DIRECTION('center_axis',(0.,0.,1.));
#5969=DIRECTION('ref_axis',(1.,0.,0.));
#5970=DIRECTION('center_axis',(0.,0.,-1.));
#5971=DIRECTION('ref_axis',(0.,-1.,0.));
#5972=DIRECTION('',(7.10542735760098E-15,1.,0.));
#5973=DIRECTION('',(0.,-1.,0.));
#5974=DIRECTION('center_axis',(0.,0.,-1.));
#5975=DIRECTION('ref_axis',(1.,1.77635683940032E-14,0.));
#5976=DIRECTION('',(-1.,0.,0.));
#5977=DIRECTION('center_axis',(0.,0.,1.));
#5978=DIRECTION('ref_axis',(0.,1.,0.));
#5979=DIRECTION('',(0.,0.,1.));
#5980=DIRECTION('center_axis',(1.,-7.40148683083438E-16,0.));
#5981=DIRECTION('ref_axis',(7.40148683083438E-16,1.,0.));
#5982=DIRECTION('center_axis',(-1.,7.40148683083438E-16,0.));
#5983=DIRECTION('ref_axis',(-7.40148683083438E-16,-1.,0.));
#5984=DIRECTION('',(0.,0.,1.));
#5985=DIRECTION('center_axis',(0.,0.,1.));
#5986=DIRECTION('ref_axis',(-2.22044604925032E-15,1.,0.));
#5987=DIRECTION('',(0.,0.,1.));
#5988=DIRECTION('center_axis',(-1.2166827667125E-16,-1.,0.));
#5989=DIRECTION('ref_axis',(1.,-1.2166827667125E-16,0.));
#5990=DIRECTION('',(0.,0.,1.));
#5991=DIRECTION('center_axis',(0.,0.,1.));
#5992=DIRECTION('ref_axis',(-1.,0.,0.));
#5993=DIRECTION('',(0.,0.,1.));
#5994=DIRECTION('center_axis',(1.,0.,0.));
#5995=DIRECTION('ref_axis',(0.,1.,0.));
#5996=DIRECTION('center_axis',(0.,0.,1.));
#5997=DIRECTION('ref_axis',(-1.,2.53765262771465E-15,0.));
#5998=DIRECTION('',(0.,0.,1.));
#5999=DIRECTION('center_axis',(0.,0.,1.));
#6000=DIRECTION('ref_axis',(0.,1.,0.));
#6001=DIRECTION('',(0.,0.,1.));
#6002=DIRECTION('center_axis',(-3.5059674461847E-16,-1.,0.));
#6003=DIRECTION('ref_axis',(1.,-3.5059674461847E-16,0.));
#6004=DIRECTION('',(0.,0.,1.));
#6005=DIRECTION('center_axis',(0.,0.,1.));
#6006=DIRECTION('ref_axis',(-1.,-1.42108547152022E-14,0.));
#6007=DIRECTION('',(0.,0.,1.));
#6008=DIRECTION('center_axis',(1.,0.,0.));
#6009=DIRECTION('ref_axis',(0.,1.,0.));
#6010=DIRECTION('',(0.,0.,1.));
#6011=DIRECTION('center_axis',(0.,-1.,0.));
#6012=DIRECTION('ref_axis',(1.,0.,0.));
#6013=DIRECTION('',(0.,0.,1.));
#6014=DIRECTION('center_axis',(0.,0.,1.));
#6015=DIRECTION('ref_axis',(-3.55271367880029E-14,1.,0.));
#6016=DIRECTION('',(0.,0.,1.));
#6017=DIRECTION('center_axis',(1.,0.,0.));
#6018=DIRECTION('ref_axis',(0.,1.,0.));
#6019=DIRECTION('',(0.,0.,1.));
#6020=DIRECTION('center_axis',(0.,0.,1.));
#6021=DIRECTION('ref_axis',(-1.,-6.21724893790035E-14,0.));
#6022=DIRECTION('',(0.,0.,1.));
#6023=DIRECTION('center_axis',(0.,1.,0.));
#6024=DIRECTION('ref_axis',(-1.,0.,0.));
#6025=DIRECTION('center_axis',(0.,-1.,0.));
#6026=DIRECTION('ref_axis',(1.,0.,0.));
#6027=DIRECTION('',(0.,0.,1.));
#6028=DIRECTION('center_axis',(0.,0.,1.));
#6029=DIRECTION('ref_axis',(-1.,6.21724893790035E-14,0.));
#6030=DIRECTION('',(0.,0.,1.));
#6031=DIRECTION('center_axis',(1.,0.,0.));
#6032=DIRECTION('ref_axis',(0.,1.,0.));
#6033=DIRECTION('',(0.,0.,1.));
#6034=DIRECTION('center_axis',(0.,0.,1.));
#6035=DIRECTION('ref_axis',(-3.55271367880029E-14,-1.,0.));
#6036=DIRECTION('',(0.,0.,1.));
#6037=DIRECTION('center_axis',(7.40148683083445E-16,1.,0.));
#6038=DIRECTION('ref_axis',(-1.,7.40148683083445E-16,0.));
#6039=DIRECTION('center_axis',(-1.48029736616689E-14,-1.,0.));
#6040=DIRECTION('ref_axis',(1.,-1.48029736616689E-14,0.));
#6041=DIRECTION('',(0.,0.,1.));
#6042=DIRECTION('center_axis',(0.,0.,1.));
#6043=DIRECTION('ref_axis',(-1.,6.21724893790035E-14,0.));
#6044=DIRECTION('',(0.,0.,1.));
#6045=DIRECTION('center_axis',(1.,0.,0.));
#6046=DIRECTION('ref_axis',(0.,1.,0.));
#6047=DIRECTION('',(0.,0.,1.));
#6048=DIRECTION('center_axis',(0.,0.,1.));
#6049=DIRECTION('ref_axis',(-7.10542735760052E-14,-1.,0.));
#6050=DIRECTION('',(0.,0.,1.));
#6051=DIRECTION('center_axis',(0.,1.,0.));
#6052=DIRECTION('ref_axis',(-1.,0.,0.));
#6053=DIRECTION('center_axis',(0.,0.,1.));
#6054=DIRECTION('ref_axis',(-2.84217094304041E-14,-1.,0.));
#6055=DIRECTION('center_axis',(1.,-7.10542735760098E-15,0.));
#6056=DIRECTION('ref_axis',(7.10542735760098E-15,1.,0.));
#6057=DIRECTION('',(0.,0.,1.));
#6058=DIRECTION('center_axis',(0.,0.,1.));
#6059=DIRECTION('ref_axis',(0.,-1.,0.));
#6060=DIRECTION('',(0.,0.,1.));
#6061=DIRECTION('center_axis',(0.,1.,0.));
#6062=DIRECTION('ref_axis',(-1.,0.,0.));
#6063=DIRECTION('',(0.,0.,1.));
#6064=DIRECTION('center_axis',(0.,0.,1.));
#6065=DIRECTION('ref_axis',(1.,1.77635683940032E-14,0.));
#6066=DIRECTION('',(0.,0.,1.));
#6067=DIRECTION('center_axis',(-1.,0.,0.));
#6068=DIRECTION('ref_axis',(0.,-1.,0.));
#6069=DIRECTION('center_axis',(0.,0.,1.));
#6070=DIRECTION('ref_axis',(1.,2.36847578586702E-14,0.));
#6071=DIRECTION('',(0.,0.,1.));
#6072=DIRECTION('center_axis',(0.,0.,1.));
#6073=DIRECTION('ref_axis',(-6.45947941600086E-15,-1.,0.));
#6074=DIRECTION('',(0.,0.,1.));
#6075=DIRECTION('center_axis',(2.37798773681426E-16,1.,0.));
#6076=DIRECTION('ref_axis',(-1.,2.37798773681426E-16,0.));
#6077=DIRECTION('',(0.,0.,1.));
#6078=DIRECTION('center_axis',(0.,0.,1.));
#6079=DIRECTION('ref_axis',(1.,-1.29189588320018E-14,0.));
#6080=DIRECTION('',(0.,0.,1.));
#6081=DIRECTION('center_axis',(0.,0.,1.));
#6082=DIRECTION('ref_axis',(-3.84877315203387E-14,1.,0.));
#6083=DIRECTION('center_axis',(0.,0.,1.));
#6084=DIRECTION('ref_axis',(-1.,0.,0.));
#6085=DIRECTION('',(0.,0.,1.));
#6086=DIRECTION('center_axis',(-1.,0.,0.));
#6087=DIRECTION('ref_axis',(0.,-1.,0.));
#6088=DIRECTION('',(0.,0.,1.));
#6089=DIRECTION('center_axis',(0.,0.,1.));
#6090=DIRECTION('ref_axis',(0.,1.,0.));
#6091=DIRECTION('',(0.,0.,1.));
#6092=DIRECTION('center_axis',(7.56003761980529E-17,1.,0.));
#6093=DIRECTION('ref_axis',(-1.,7.56003761980529E-17,0.));
#6094=CARTESIAN_POINT('',(0.,0.,0.));
#6095=CARTESIAN_POINT('Origin',(3.5527136788005E-14,3.00000000000002,0.));
#6096=CARTESIAN_POINT('',(28.3568688701897,-62.925,0.));
#6097=CARTESIAN_POINT('',(28.3568688701897,-68.925,0.));
#6098=CARTESIAN_POINT('',(28.3568688701897,3.00000000000001,0.));
#6099=CARTESIAN_POINT('',(28.525,-62.925,0.));
#6100=CARTESIAN_POINT('',(-104.775,-62.925,0.));
#6101=CARTESIAN_POINT('',(28.525,-65.425,0.));
#6102=CARTESIAN_POINT('',(28.525,-65.425,0.));
#6103=CARTESIAN_POINT('',(29.525,-66.425,0.));
#6104=CARTESIAN_POINT('Origin',(29.525,-65.425,0.));
#6105=CARTESIAN_POINT('',(62.525,-66.425,0.));
#6106=CARTESIAN_POINT('',(62.525,-66.425,0.));
#6107=CARTESIAN_POINT('',(63.525,-65.425,0.));
#6108=CARTESIAN_POINT('Origin',(62.525,-65.425,0.));
#6109=CARTESIAN_POINT('',(63.525,-62.925,0.));
#6110=CARTESIAN_POINT('',(63.525,-62.925,0.));
#6111=CARTESIAN_POINT('',(80.375,-62.925,0.));
#6112=CARTESIAN_POINT('',(174.725,-62.925,0.));
#6113=CARTESIAN_POINT('',(80.375,-65.425,0.));
#6114=CARTESIAN_POINT('',(80.375,-65.425,0.));
#6115=CARTESIAN_POINT('',(81.375,-66.425,0.));
#6116=CARTESIAN_POINT('Origin',(81.375,-65.425,0.));
#6117=CARTESIAN_POINT('',(114.375,-66.425,0.));
#6118=CARTESIAN_POINT('',(114.375,-66.425,0.));
#6119=CARTESIAN_POINT('',(115.375,-65.425,0.));
#6120=CARTESIAN_POINT('Origin',(114.375,-65.425,0.));
#6121=CARTESIAN_POINT('',(115.375,-62.925,0.));
#6122=CARTESIAN_POINT('',(115.375,-62.925,0.));
#6123=CARTESIAN_POINT('',(132.225,-62.925,0.));
#6124=CARTESIAN_POINT('',(174.725,-62.925,0.));
#6125=CARTESIAN_POINT('',(132.225,-65.425,0.));
#6126=CARTESIAN_POINT('',(132.225,-65.425,0.));
#6127=CARTESIAN_POINT('',(133.225,-66.425,0.));
#6128=CARTESIAN_POINT('Origin',(133.225,-65.425,0.));
#6129=CARTESIAN_POINT('',(166.225,-66.425,0.));
#6130=CARTESIAN_POINT('',(166.225,-66.425,0.));
#6131=CARTESIAN_POINT('',(167.225,-65.425,0.));
#6132=CARTESIAN_POINT('Origin',(166.225,-65.425,0.));
#6133=CARTESIAN_POINT('',(167.225,-62.925,0.));
#6134=CARTESIAN_POINT('',(167.225,-62.925,0.));
#6135=CARTESIAN_POINT('',(174.725,-62.925,0.));
#6136=CARTESIAN_POINT('',(174.725,-62.925,0.));
#6137=CARTESIAN_POINT('',(177.225,-60.425,0.));
#6138=CARTESIAN_POINT('Origin',(174.725,-60.4250000000001,0.));
#6139=CARTESIAN_POINT('',(177.225,-53.925,0.));
#6140=CARTESIAN_POINT('',(177.225,60.425,0.));
#6141=CARTESIAN_POINT('',(178.725,-53.925,0.));
#6142=CARTESIAN_POINT('',(177.225,-53.925,0.));
#6143=CARTESIAN_POINT('',(179.725,-52.925,0.));
#6144=CARTESIAN_POINT('Origin',(178.725,-52.925,0.));
#6145=CARTESIAN_POINT('',(179.725,-19.925,0.));
#6146=CARTESIAN_POINT('',(179.725,-52.925,0.));
#6147=CARTESIAN_POINT('',(178.725,-18.925,0.));
#6148=CARTESIAN_POINT('Origin',(178.725,-19.9250000000001,0.));
#6149=CARTESIAN_POINT('',(177.225,-18.925,0.));
#6150=CARTESIAN_POINT('',(178.725,-18.925,0.));
#6151=CARTESIAN_POINT('',(177.225,-9.50000000000004,0.));
#6152=CARTESIAN_POINT('',(177.225,60.425,0.));
#6153=CARTESIAN_POINT('',(178.725,-9.50000000000002,0.));
#6154=CARTESIAN_POINT('',(178.725,-9.50000000000003,0.));
#6155=CARTESIAN_POINT('',(179.725,-8.50000000000004,0.));
#6156=CARTESIAN_POINT('Origin',(178.725,-8.49999999999998,0.));
#6157=CARTESIAN_POINT('',(179.725,14.5,0.));
#6158=CARTESIAN_POINT('',(179.725,14.5,0.));
#6159=CARTESIAN_POINT('',(178.725,15.5,0.));
#6160=CARTESIAN_POINT('Origin',(178.725,14.4999999999999,0.));
#6161=CARTESIAN_POINT('',(177.225,15.5,0.));
#6162=CARTESIAN_POINT('',(177.225,15.5,0.));
#6163=CARTESIAN_POINT('',(177.225,24.925,0.));
#6164=CARTESIAN_POINT('',(177.225,60.425,0.));
#6165=CARTESIAN_POINT('',(178.725,24.925,0.));
#6166=CARTESIAN_POINT('',(178.725,24.925,0.));
#6167=CARTESIAN_POINT('',(179.725,25.925,0.));
#6168=CARTESIAN_POINT('Origin',(178.725,25.925,0.));
#6169=CARTESIAN_POINT('',(179.725,58.925,0.));
#6170=CARTESIAN_POINT('',(179.725,58.925,0.));
#6171=CARTESIAN_POINT('',(178.725,59.925,0.));
#6172=CARTESIAN_POINT('Origin',(178.725,58.9249999999999,0.));
#6173=CARTESIAN_POINT('',(177.225,59.925,0.));
#6174=CARTESIAN_POINT('',(177.225,59.925,0.));
#6175=CARTESIAN_POINT('',(177.225,60.425,0.));
#6176=CARTESIAN_POINT('',(177.225,60.425,0.));
#6177=CARTESIAN_POINT('',(174.725,62.925,0.));
#6178=CARTESIAN_POINT('Origin',(174.725,60.425,0.));
#6179=CARTESIAN_POINT('',(157.225,62.925,0.));
#6180=CARTESIAN_POINT('',(-89.725,62.925,0.));
#6181=CARTESIAN_POINT('',(157.225,68.925,0.));
#6182=CARTESIAN_POINT('',(157.225,68.925,0.));
#6183=CARTESIAN_POINT('',(156.225,69.925,0.));
#6184=CARTESIAN_POINT('Origin',(156.225,68.925,0.));
#6185=CARTESIAN_POINT('',(83.225,69.925,0.));
#6186=CARTESIAN_POINT('',(83.225,69.925,0.));
#6187=CARTESIAN_POINT('',(82.225,68.925,0.));
#6188=CARTESIAN_POINT('Origin',(83.225,68.925,0.));
#6189=CARTESIAN_POINT('',(82.225,62.925,0.));
#6190=CARTESIAN_POINT('',(82.225,62.925,0.));
#6191=CARTESIAN_POINT('',(62.,62.925,0.));
#6192=CARTESIAN_POINT('',(-89.725,62.925,0.));
#6193=CARTESIAN_POINT('',(62.,68.925,0.));
#6194=CARTESIAN_POINT('',(62.,62.925,0.));
#6195=CARTESIAN_POINT('',(61.,69.925,0.));
#6196=CARTESIAN_POINT('Origin',(61.0000000000001,68.925,0.));
#6197=CARTESIAN_POINT('',(28.3568688701897,69.925,0.));
#6198=CARTESIAN_POINT('',(61.,69.925,0.));
#6199=CARTESIAN_POINT('',(28.3568688701897,74.925,0.));
#6200=CARTESIAN_POINT('',(28.3568688701897,3.00000000000001,0.));
#6201=CARTESIAN_POINT('',(176.225,74.925,0.));
#6202=CARTESIAN_POINT('',(-176.225,74.925,0.));
#6203=CARTESIAN_POINT('',(183.225,67.925,0.));
#6204=CARTESIAN_POINT('Origin',(176.225,67.925,0.));
#6205=CARTESIAN_POINT('',(183.225,-61.925,0.));
#6206=CARTESIAN_POINT('',(183.225,67.925,0.));
#6207=CARTESIAN_POINT('',(176.225,-68.925,0.));
#6208=CARTESIAN_POINT('Origin',(176.225,-61.925,0.));
#6209=CARTESIAN_POINT('',(176.225,-68.925,0.));
#6210=CARTESIAN_POINT('',(165.625,68.000001013279,0.));
#6211=CARTESIAN_POINT('Origin',(167.225,68.000001013279,0.));
#6212=CARTESIAN_POINT('',(178.625,-60.425,0.));
#6213=CARTESIAN_POINT('Origin',(180.225,-60.425,0.));
#6214=CARTESIAN_POINT('',(70.5125,68.925,0.));
#6215=CARTESIAN_POINT('Origin',(72.1125,68.925,0.));
#6216=CARTESIAN_POINT('',(178.625,-14.2125,0.));
#6217=CARTESIAN_POINT('Origin',(180.225,-14.2125,0.));
#6218=CARTESIAN_POINT('',(122.2,-65.925,0.));
#6219=CARTESIAN_POINT('Origin',(123.8,-65.925,0.));
#6220=CARTESIAN_POINT('',(70.35,-65.925,0.));
#6221=CARTESIAN_POINT('Origin',(71.95,-65.925,0.));
#6222=CARTESIAN_POINT('',(178.425,20.2125,0.));
#6223=CARTESIAN_POINT('Origin',(180.025,20.2125,0.));
#6224=CARTESIAN_POINT('Origin',(176.225,-61.925,0.));
#6225=CARTESIAN_POINT('',(183.225,-61.925,7.077));
#6226=CARTESIAN_POINT('',(183.225,-61.925,0.));
#6227=CARTESIAN_POINT('',(176.225,-68.925,7.077));
#6228=CARTESIAN_POINT('Origin',(176.225,-61.925,7.077));
#6229=CARTESIAN_POINT('',(176.225,-68.925,4.75));
#6230=CARTESIAN_POINT('Origin',(183.225,-61.925,0.));
#6231=CARTESIAN_POINT('',(183.225,67.925,7.077));
#6232=CARTESIAN_POINT('',(183.225,67.925,0.));
#6233=CARTESIAN_POINT('',(183.225,-29.4625,7.077));
#6234=CARTESIAN_POINT('Origin',(176.225,67.925,0.));
#6235=CARTESIAN_POINT('',(176.225,74.925,7.077));
#6236=CARTESIAN_POINT('',(176.225,74.925,0.));
#6237=CARTESIAN_POINT('Origin',(176.225,67.925,7.077));
#6238=CARTESIAN_POINT('Origin',(-176.225,-68.925,0.));
#6239=CARTESIAN_POINT('',(28.3568688701897,-68.925,7.077));
#6240=CARTESIAN_POINT('',(28.3568688701897,-68.925,1.76925));
#6241=CARTESIAN_POINT('',(-88.1125,-68.925,7.077));
#6242=CARTESIAN_POINT('Origin',(28.,69.925,0.));
#6243=CARTESIAN_POINT('',(28.3568688701897,69.925,0.75));
#6244=CARTESIAN_POINT('',(28.3568688701897,69.925,1.76925));
#6245=CARTESIAN_POINT('',(61.,69.925,0.75));
#6246=CARTESIAN_POINT('',(61.,69.925,0.));
#6247=CARTESIAN_POINT('',(61.,69.925,0.75));
#6248=CARTESIAN_POINT('Origin',(61.0000000000001,68.925,0.));
#6249=CARTESIAN_POINT('',(62.,68.925,0.75));
#6250=CARTESIAN_POINT('',(62.,68.925,0.));
#6251=CARTESIAN_POINT('Origin',(61.0000000000001,68.925,0.75));
#6252=CARTESIAN_POINT('Origin',(62.,68.925,0.));
#6253=CARTESIAN_POINT('',(62.,62.925,0.75));
#6254=CARTESIAN_POINT('',(62.,62.925,0.));
#6255=CARTESIAN_POINT('',(62.,62.925,0.75));
#6256=CARTESIAN_POINT('Origin',(82.225,62.925,0.));
#6257=CARTESIAN_POINT('',(82.225,68.925,0.75));
#6258=CARTESIAN_POINT('',(82.225,68.925,0.));
#6259=CARTESIAN_POINT('',(82.225,62.925,0.75));
#6260=CARTESIAN_POINT('',(82.225,62.925,0.75));
#6261=CARTESIAN_POINT('',(82.225,62.925,0.));
#6262=CARTESIAN_POINT('Origin',(83.225,68.925,0.));
#6263=CARTESIAN_POINT('',(83.225,69.925,0.75));
#6264=CARTESIAN_POINT('',(83.225,69.925,0.));
#6265=CARTESIAN_POINT('Origin',(83.225,68.925,0.75));
#6266=CARTESIAN_POINT('Origin',(83.225,69.925,0.));
#6267=CARTESIAN_POINT('',(156.225,69.925,0.75));
#6268=CARTESIAN_POINT('',(156.225,69.925,0.));
#6269=CARTESIAN_POINT('',(83.225,69.925,0.75));
#6270=CARTESIAN_POINT('Origin',(156.225,68.925,0.));
#6271=CARTESIAN_POINT('',(157.225,68.925,0.75));
#6272=CARTESIAN_POINT('',(157.225,68.925,0.));
#6273=CARTESIAN_POINT('Origin',(156.225,68.925,0.75));
#6274=CARTESIAN_POINT('Origin',(157.225,68.925,0.));
#6275=CARTESIAN_POINT('',(157.225,62.925,0.75));
#6276=CARTESIAN_POINT('',(157.225,62.925,0.));
#6277=CARTESIAN_POINT('',(157.225,68.925,0.75));
#6278=CARTESIAN_POINT('Origin',(174.725,60.425,0.));
#6279=CARTESIAN_POINT('',(177.225,60.425,7.077));
#6280=CARTESIAN_POINT('',(177.225,60.425,0.));
#6281=CARTESIAN_POINT('',(174.725,62.925,7.077));
#6282=CARTESIAN_POINT('Origin',(174.725,60.425,7.077));
#6283=CARTESIAN_POINT('',(174.725,62.925,0.));
#6284=CARTESIAN_POINT('Origin',(177.225,59.925,0.));
#6285=CARTESIAN_POINT('',(178.725,59.925,0.75));
#6286=CARTESIAN_POINT('',(178.725,59.925,0.));
#6287=CARTESIAN_POINT('',(177.225,59.925,0.75));
#6288=CARTESIAN_POINT('',(177.225,59.925,0.75));
#6289=CARTESIAN_POINT('',(177.225,59.925,0.));
#6290=CARTESIAN_POINT('Origin',(178.725,58.9249999999999,0.));
#6291=CARTESIAN_POINT('',(179.725,58.925,0.75));
#6292=CARTESIAN_POINT('',(179.725,58.925,0.));
#6293=CARTESIAN_POINT('Origin',(178.725,58.9249999999999,0.75));
#6294=CARTESIAN_POINT('Origin',(179.725,58.925,0.));
#6295=CARTESIAN_POINT('',(179.725,25.925,0.75));
#6296=CARTESIAN_POINT('',(179.725,25.925,0.));
#6297=CARTESIAN_POINT('',(179.725,58.925,0.75));
#6298=CARTESIAN_POINT('Origin',(178.725,25.925,0.));
#6299=CARTESIAN_POINT('',(178.725,24.925,0.75));
#6300=CARTESIAN_POINT('',(178.725,24.925,0.));
#6301=CARTESIAN_POINT('Origin',(178.725,25.925,0.75));
#6302=CARTESIAN_POINT('Origin',(178.725,24.925,0.));
#6303=CARTESIAN_POINT('',(177.225,24.925,0.75));
#6304=CARTESIAN_POINT('',(177.225,24.925,0.));
#6305=CARTESIAN_POINT('',(178.725,24.925,0.75));
#6306=CARTESIAN_POINT('Origin',(177.225,15.5,0.));
#6307=CARTESIAN_POINT('',(178.725,15.5,0.75));
#6308=CARTESIAN_POINT('',(178.725,15.5,0.));
#6309=CARTESIAN_POINT('',(177.225,15.5,0.75));
#6310=CARTESIAN_POINT('',(177.225,15.5,0.75));
#6311=CARTESIAN_POINT('',(177.225,15.5,0.));
#6312=CARTESIAN_POINT('Origin',(178.725,14.4999999999999,0.));
#6313=CARTESIAN_POINT('',(179.725,14.5,0.75));
#6314=CARTESIAN_POINT('',(179.725,14.5,0.));
#6315=CARTESIAN_POINT('Origin',(178.725,14.4999999999999,0.75));
#6316=CARTESIAN_POINT('Origin',(179.725,14.5,0.));
#6317=CARTESIAN_POINT('',(179.725,-8.50000000000003,0.75));
#6318=CARTESIAN_POINT('',(179.725,-8.50000000000004,0.));
#6319=CARTESIAN_POINT('',(179.725,14.5,0.75));
#6320=CARTESIAN_POINT('Origin',(178.725,-8.49999999999998,0.));
#6321=CARTESIAN_POINT('',(178.725,-9.50000000000003,0.75));
#6322=CARTESIAN_POINT('',(178.725,-9.50000000000002,0.));
#6323=CARTESIAN_POINT('Origin',(178.725,-8.49999999999998,0.75));
#6324=CARTESIAN_POINT('Origin',(178.725,-9.50000000000003,0.));
#6325=CARTESIAN_POINT('',(177.225,-9.50000000000004,0.75));
#6326=CARTESIAN_POINT('',(177.225,-9.50000000000004,0.));
#6327=CARTESIAN_POINT('',(178.725,-9.50000000000003,0.75));
#6328=CARTESIAN_POINT('Origin',(177.225,-18.925,0.));
#6329=CARTESIAN_POINT('',(178.725,-18.925,0.75));
#6330=CARTESIAN_POINT('',(178.725,-18.925,0.));
#6331=CARTESIAN_POINT('',(177.225,-18.925,0.75));
#6332=CARTESIAN_POINT('',(178.725,-18.925,0.75));
#6333=CARTESIAN_POINT('',(177.225,-18.925,0.));
#6334=CARTESIAN_POINT('Origin',(178.725,-19.9250000000001,0.));
#6335=CARTESIAN_POINT('',(179.725,-19.925,0.75));
#6336=CARTESIAN_POINT('',(179.725,-19.925,0.));
#6337=CARTESIAN_POINT('Origin',(178.725,-19.9250000000001,0.75));
#6338=CARTESIAN_POINT('Origin',(179.725,-19.925,0.));
#6339=CARTESIAN_POINT('',(179.725,-52.925,0.75));
#6340=CARTESIAN_POINT('',(179.725,-52.925,0.));
#6341=CARTESIAN_POINT('',(179.725,-52.925,0.75));
#6342=CARTESIAN_POINT('Origin',(178.725,-52.925,0.));
#6343=CARTESIAN_POINT('',(178.725,-53.925,0.75));
#6344=CARTESIAN_POINT('',(178.725,-53.925,0.));
#6345=CARTESIAN_POINT('Origin',(178.725,-52.925,0.75));
#6346=CARTESIAN_POINT('Origin',(178.725,-53.925,0.));
#6347=CARTESIAN_POINT('',(177.225,-53.925,0.75));
#6348=CARTESIAN_POINT('',(177.225,-53.925,0.));
#6349=CARTESIAN_POINT('',(177.225,-53.925,0.75));
#6350=CARTESIAN_POINT('Origin',(177.225,-53.925,0.));
#6351=CARTESIAN_POINT('',(177.225,-43.045,0.75));
#6352=CARTESIAN_POINT('',(177.225,-43.045,7.077));
#6353=CARTESIAN_POINT('',(177.225,-43.045,3.5385));
#6354=CARTESIAN_POINT('',(177.225,-18.925,0.75));
#6355=CARTESIAN_POINT('',(177.225,-60.425,7.077));
#6356=CARTESIAN_POINT('',(177.225,-60.425,0.));
#6357=CARTESIAN_POINT('',(177.225,31.7125,7.077));
#6358=CARTESIAN_POINT('Origin',(174.725,-60.4250000000001,0.));
#6359=CARTESIAN_POINT('',(174.725,-62.925,7.077));
#6360=CARTESIAN_POINT('',(174.725,-62.925,0.));
#6361=CARTESIAN_POINT('Origin',(174.725,-60.4250000000001,7.077));
#6362=CARTESIAN_POINT('Origin',(167.225,-62.925,0.));
#6363=CARTESIAN_POINT('',(167.225,-65.425,0.75));
#6364=CARTESIAN_POINT('',(167.225,-65.425,0.));
#6365=CARTESIAN_POINT('',(167.225,-62.925,0.75));
#6366=CARTESIAN_POINT('',(167.225,-62.925,0.75));
#6367=CARTESIAN_POINT('',(167.225,-62.925,0.));
#6368=CARTESIAN_POINT('Origin',(166.225,-65.425,0.));
#6369=CARTESIAN_POINT('',(166.225,-66.425,0.75));
#6370=CARTESIAN_POINT('',(166.225,-66.425,0.));
#6371=CARTESIAN_POINT('Origin',(166.225,-65.425,0.75));
#6372=CARTESIAN_POINT('Origin',(166.225,-66.425,0.));
#6373=CARTESIAN_POINT('',(133.225,-66.425,0.75));
#6374=CARTESIAN_POINT('',(133.225,-66.425,0.));
#6375=CARTESIAN_POINT('',(166.225,-66.425,0.75));
#6376=CARTESIAN_POINT('Origin',(133.225,-65.425,0.));
#6377=CARTESIAN_POINT('',(132.225,-65.425,0.75));
#6378=CARTESIAN_POINT('',(132.225,-65.425,0.));
#6379=CARTESIAN_POINT('Origin',(133.225,-65.425,0.75));
#6380=CARTESIAN_POINT('Origin',(132.225,-65.425,0.));
#6381=CARTESIAN_POINT('',(132.225,-62.925,0.75));
#6382=CARTESIAN_POINT('',(132.225,-62.925,0.));
#6383=CARTESIAN_POINT('',(132.225,-65.425,0.75));
#6384=CARTESIAN_POINT('Origin',(115.375,-62.925,0.));
#6385=CARTESIAN_POINT('',(115.375,-65.425,0.75));
#6386=CARTESIAN_POINT('',(115.375,-65.425,0.));
#6387=CARTESIAN_POINT('',(115.375,-62.925,0.75));
#6388=CARTESIAN_POINT('',(115.375,-62.925,0.75));
#6389=CARTESIAN_POINT('',(115.375,-62.925,0.));
#6390=CARTESIAN_POINT('Origin',(114.375,-65.425,0.));
#6391=CARTESIAN_POINT('',(114.375,-66.425,0.75));
#6392=CARTESIAN_POINT('',(114.375,-66.425,0.));
#6393=CARTESIAN_POINT('Origin',(114.375,-65.425,0.75));
#6394=CARTESIAN_POINT('Origin',(114.375,-66.425,0.));
#6395=CARTESIAN_POINT('',(81.375,-66.425,0.75));
#6396=CARTESIAN_POINT('',(81.375,-66.425,0.));
#6397=CARTESIAN_POINT('',(114.375,-66.425,0.75));
#6398=CARTESIAN_POINT('Origin',(81.375,-65.425,0.));
#6399=CARTESIAN_POINT('',(80.375,-65.425,0.75));
#6400=CARTESIAN_POINT('',(80.375,-65.425,0.));
#6401=CARTESIAN_POINT('Origin',(81.375,-65.425,0.75));
#6402=CARTESIAN_POINT('Origin',(80.375,-65.425,0.));
#6403=CARTESIAN_POINT('',(80.375,-62.925,0.75));
#6404=CARTESIAN_POINT('',(80.375,-62.925,0.));
#6405=CARTESIAN_POINT('',(80.375,-65.425,0.75));
#6406=CARTESIAN_POINT('Origin',(63.525,-62.925,0.));
#6407=CARTESIAN_POINT('',(63.525,-65.425,0.75));
#6408=CARTESIAN_POINT('',(63.525,-65.425,0.));
#6409=CARTESIAN_POINT('',(63.525,-62.925,0.75));
#6410=CARTESIAN_POINT('',(63.525,-62.925,0.75));
#6411=CARTESIAN_POINT('',(63.525,-62.925,0.));
#6412=CARTESIAN_POINT('Origin',(62.525,-65.425,0.));
#6413=CARTESIAN_POINT('',(62.525,-66.425,0.75));
#6414=CARTESIAN_POINT('',(62.525,-66.425,0.));
#6415=CARTESIAN_POINT('Origin',(62.525,-65.425,0.75));
#6416=CARTESIAN_POINT('Origin',(62.525,-66.425,0.));
#6417=CARTESIAN_POINT('',(29.525,-66.425,0.75));
#6418=CARTESIAN_POINT('',(29.525,-66.425,0.));
#6419=CARTESIAN_POINT('',(62.525,-66.425,0.75));
#6420=CARTESIAN_POINT('Origin',(29.525,-65.425,0.));
#6421=CARTESIAN_POINT('',(28.525,-65.425,0.75));
#6422=CARTESIAN_POINT('',(28.525,-65.425,0.));
#6423=CARTESIAN_POINT('Origin',(29.525,-65.425,0.75));
#6424=CARTESIAN_POINT('Origin',(28.525,-65.425,0.));
#6425=CARTESIAN_POINT('',(28.525,-62.925,0.75));
#6426=CARTESIAN_POINT('',(28.525,-62.925,0.));
#6427=CARTESIAN_POINT('',(28.525,-65.425,0.75));
#6428=CARTESIAN_POINT('Origin',(149.725,-64.675,0.75));
#6429=CARTESIAN_POINT('',(132.225,-62.925,0.75));
#6430=CARTESIAN_POINT('Origin',(46.025,-64.675,0.75));
#6431=CARTESIAN_POINT('',(28.525,-62.925,0.75));
#6432=CARTESIAN_POINT('Origin',(-177.225,62.925,0.75));
#6433=CARTESIAN_POINT('',(108.965,62.925,7.077));
#6434=CARTESIAN_POINT('',(108.965,62.925,0.75));
#6435=CARTESIAN_POINT('',(108.965,62.925,3.9135));
#6436=CARTESIAN_POINT('',(33.515,62.925,7.077));
#6437=CARTESIAN_POINT('',(-89.725,62.925,7.077));
#6438=CARTESIAN_POINT('',(33.515,62.925,0.75));
#6439=CARTESIAN_POINT('',(33.515,62.925,3.9135));
#6440=CARTESIAN_POINT('',(27.,62.925,0.75));
#6441=CARTESIAN_POINT('',(157.225,62.925,0.75));
#6442=CARTESIAN_POINT('Origin',(-177.225,62.925,0.75));
#6443=CARTESIAN_POINT('',(119.24,62.925,0.75));
#6444=CARTESIAN_POINT('',(119.24,62.925,7.077));
#6445=CARTESIAN_POINT('',(119.24,62.925,3.9135));
#6446=CARTESIAN_POINT('',(157.225,62.925,0.75));
#6447=CARTESIAN_POINT('',(-89.725,62.925,7.077));
#6448=CARTESIAN_POINT('Origin',(177.225,-53.925,0.));
#6449=CARTESIAN_POINT('',(177.225,-26.9437497653067,0.75));
#6450=CARTESIAN_POINT('Origin',(177.225,-53.925,0.));
#6451=CARTESIAN_POINT('',(177.225,43.03,7.077));
#6452=CARTESIAN_POINT('',(177.225,43.03,0.75));
#6453=CARTESIAN_POINT('',(177.225,43.03,3.5385));
#6454=CARTESIAN_POINT('',(177.225,31.7125,7.077));
#6455=CARTESIAN_POINT('',(177.225,24.925,0.75));
#6456=CARTESIAN_POINT('Origin',(177.225,-53.925,0.));
#6457=CARTESIAN_POINT('',(177.225,33.155,0.75));
#6458=CARTESIAN_POINT('',(177.225,33.155,7.077));
#6459=CARTESIAN_POINT('',(177.225,33.155,3.5385));
#6460=CARTESIAN_POINT('',(177.225,24.925,0.75));
#6461=CARTESIAN_POINT('',(177.225,-4.59499999999998,0.75));
#6462=CARTESIAN_POINT('',(177.225,-9.50000000000004,0.75));
#6463=CARTESIAN_POINT('',(177.225,-4.59499999999998,7.077));
#6464=CARTESIAN_POINT('',(177.225,-4.59499999999998,3.5385));
#6465=CARTESIAN_POINT('',(177.225,31.7125,7.077));
#6466=CARTESIAN_POINT('Origin',(14.275,-62.925,0.75));
#6467=CARTESIAN_POINT('',(119.24,-62.925,7.077));
#6468=CARTESIAN_POINT('',(119.24,-62.925,0.75));
#6469=CARTESIAN_POINT('',(119.24,-62.925,3.9135));
#6470=CARTESIAN_POINT('',(87.3625,-62.925,7.077));
#6471=CARTESIAN_POINT('',(7.13749999999997,-62.925,0.75));
#6472=CARTESIAN_POINT('Origin',(157.99,-42.045,7.077));
#6473=CARTESIAN_POINT('',(157.99,-41.045,7.077));
#6474=CARTESIAN_POINT('',(157.99,-41.045,0.75));
#6475=CARTESIAN_POINT('',(157.99,-41.045,7.077));
#6476=CARTESIAN_POINT('',(157.99,-23.995,7.077));
#6477=CARTESIAN_POINT('',(157.99,-22.995,7.077));
#6478=CARTESIAN_POINT('',(157.99,-23.995,0.75));
#6479=CARTESIAN_POINT('',(157.99,-23.995,7.077));
#6480=CARTESIAN_POINT('',(157.99,-21.0037497653067,0.75));
#6481=CARTESIAN_POINT('Origin',(180.025,20.2125,0.));
#6482=CARTESIAN_POINT('',(178.425,20.2125,5.));
#6483=CARTESIAN_POINT('',(178.425,20.2125,0.));
#6484=CARTESIAN_POINT('Origin',(180.025,20.2125,5.));
#6485=CARTESIAN_POINT('Origin',(71.95,-65.925,0.));
#6486=CARTESIAN_POINT('',(70.35,-65.925,5.));
#6487=CARTESIAN_POINT('',(70.35,-65.925,0.));
#6488=CARTESIAN_POINT('Origin',(71.95,-65.925,5.));
#6489=CARTESIAN_POINT('Origin',(123.8,-65.925,0.));
#6490=CARTESIAN_POINT('',(122.2,-65.925,5.));
#6491=CARTESIAN_POINT('',(122.2,-65.925,0.));
#6492=CARTESIAN_POINT('Origin',(123.8,-65.925,5.));
#6493=CARTESIAN_POINT('Origin',(180.225,-14.2125,0.));
#6494=CARTESIAN_POINT('',(178.625,-14.2125,5.));
#6495=CARTESIAN_POINT('',(178.625,-14.2125,0.));
#6496=CARTESIAN_POINT('Origin',(180.225,-14.2125,5.));
#6497=CARTESIAN_POINT('Origin',(72.1125,68.925,0.));
#6498=CARTESIAN_POINT('',(70.5125,68.925,5.));
#6499=CARTESIAN_POINT('',(70.5125,68.925,0.));
#6500=CARTESIAN_POINT('Origin',(72.1125,68.925,5.));
#6501=CARTESIAN_POINT('Origin',(180.225,-60.425,0.));
#6502=CARTESIAN_POINT('',(178.625,-60.425,5.));
#6503=CARTESIAN_POINT('',(178.625,-60.425,0.));
#6504=CARTESIAN_POINT('Origin',(180.225,-60.425,5.));
#6505=CARTESIAN_POINT('Origin',(32.515,62.925,7.077));
#6506=CARTESIAN_POINT('',(32.515,43.03,0.75));
#6507=CARTESIAN_POINT('',(32.515,43.03,7.077));
#6508=CARTESIAN_POINT('',(32.515,43.03,7.077));
#6509=CARTESIAN_POINT('',(32.515,61.925,0.75));
#6510=CARTESIAN_POINT('',(32.515,31.4812502346933,0.75));
#6511=CARTESIAN_POINT('',(32.515,61.925,7.077));
#6512=CARTESIAN_POINT('',(32.515,61.925,3.9135));
#6513=CARTESIAN_POINT('',(32.515,62.925,7.077));
#6514=CARTESIAN_POINT('Origin',(33.515,61.925,3.9135));
#6515=CARTESIAN_POINT('Origin',(33.515,61.925,7.077));
#6516=CARTESIAN_POINT('Origin',(33.515,61.925,0.75));
#6517=CARTESIAN_POINT('Origin',(32.515,42.03,7.077));
#6518=CARTESIAN_POINT('',(108.965,42.03,0.75));
#6519=CARTESIAN_POINT('',(108.965,42.03,7.077));
#6520=CARTESIAN_POINT('',(108.965,42.03,7.077));
#6521=CARTESIAN_POINT('',(33.515,42.03,0.75));
#6522=CARTESIAN_POINT('',(16.2575,42.03,0.75));
#6523=CARTESIAN_POINT('',(33.515,42.03,7.077));
#6524=CARTESIAN_POINT('',(33.515,42.03,7.077));
#6525=CARTESIAN_POINT('',(-177.225,42.03,7.077));
#6526=CARTESIAN_POINT('Origin',(33.515,43.03,7.077));
#6527=CARTESIAN_POINT('Origin',(33.515,43.03,7.077));
#6528=CARTESIAN_POINT('Origin',(33.515,43.03,0.75));
#6529=CARTESIAN_POINT('Origin',(108.965,43.03,7.077));
#6530=CARTESIAN_POINT('',(109.965,43.03,7.077));
#6531=CARTESIAN_POINT('Origin',(108.965,43.03,7.077));
#6532=CARTESIAN_POINT('',(109.965,43.03,0.75));
#6533=CARTESIAN_POINT('',(109.965,43.03,7.077));
#6534=CARTESIAN_POINT('Origin',(108.965,43.03,0.75));
#6535=CARTESIAN_POINT('Origin',(109.965,42.03,7.077));
#6536=CARTESIAN_POINT('',(109.965,61.925,0.75));
#6537=CARTESIAN_POINT('',(109.965,61.925,7.077));
#6538=CARTESIAN_POINT('',(109.965,61.925,3.9135));
#6539=CARTESIAN_POINT('',(109.965,21.0337502346933,0.75));
#6540=CARTESIAN_POINT('',(109.965,63.0000009387732,7.077));
#6541=CARTESIAN_POINT('Origin',(108.965,61.925,3.9135));
#6542=CARTESIAN_POINT('Origin',(108.965,61.925,0.75));
#6543=CARTESIAN_POINT('Origin',(108.965,61.925,7.077));
#6544=CARTESIAN_POINT('Origin',(119.24,43.03,7.077));
#6545=CARTESIAN_POINT('',(118.24,43.03,7.077));
#6546=CARTESIAN_POINT('',(119.24,42.03,7.077));
#6547=CARTESIAN_POINT('Origin',(119.24,43.03,7.077));
#6548=CARTESIAN_POINT('',(119.24,42.03,0.75));
#6549=CARTESIAN_POINT('',(119.24,42.03,7.077));
#6550=CARTESIAN_POINT('',(118.24,43.03,0.75));
#6551=CARTESIAN_POINT('Origin',(119.24,43.03,0.75));
#6552=CARTESIAN_POINT('',(118.24,43.03,7.077));
#6553=CARTESIAN_POINT('Origin',(118.24,42.03,7.077));
#6554=CARTESIAN_POINT('',(176.225,42.03,0.75));
#6555=CARTESIAN_POINT('',(176.225,42.03,7.077));
#6556=CARTESIAN_POINT('',(176.225,42.03,3.5385));
#6557=CARTESIAN_POINT('',(59.12,42.03,0.75));
#6558=CARTESIAN_POINT('',(-177.225,42.03,7.077));
#6559=CARTESIAN_POINT('Origin',(176.225,43.03,3.5385));
#6560=CARTESIAN_POINT('Origin',(176.225,43.03,0.75));
#6561=CARTESIAN_POINT('Origin',(176.225,43.03,7.077));
#6562=CARTESIAN_POINT('Origin',(119.24,-4.59499999999998,7.077));
#6563=CARTESIAN_POINT('',(118.24,-4.59499999999998,7.077));
#6564=CARTESIAN_POINT('',(119.24,-5.59499999999998,7.077));
#6565=CARTESIAN_POINT('Origin',(119.24,-4.59499999999998,7.077));
#6566=CARTESIAN_POINT('',(119.24,-5.59499999999998,0.75));
#6567=CARTESIAN_POINT('',(119.24,-5.59499999999998,7.077));
#6568=CARTESIAN_POINT('',(118.24,-4.59499999999998,0.75));
#6569=CARTESIAN_POINT('Origin',(119.24,-4.59499999999998,0.75));
#6570=CARTESIAN_POINT('',(118.24,-4.59499999999998,7.077));
#6571=CARTESIAN_POINT('Origin',(118.24,-5.59499999999998,7.077));
#6572=CARTESIAN_POINT('',(176.225,-5.59499999999998,0.75));
#6573=CARTESIAN_POINT('',(176.225,-5.59499999999998,7.077));
#6574=CARTESIAN_POINT('',(176.225,-5.59499999999998,3.5385));
#6575=CARTESIAN_POINT('',(59.12,-5.59499999999998,0.75));
#6576=CARTESIAN_POINT('',(118.24,-5.59499999999998,7.077));
#6577=CARTESIAN_POINT('Origin',(176.225,-4.59499999999998,3.5385));
#6578=CARTESIAN_POINT('Origin',(176.225,-4.59499999999998,0.75));
#6579=CARTESIAN_POINT('Origin',(176.225,-4.59499999999998,7.077));
#6580=CARTESIAN_POINT('Origin',(177.225,34.155,7.077));
#6581=CARTESIAN_POINT('',(119.24,34.155,0.75));
#6582=CARTESIAN_POINT('',(119.24,34.155,7.077));
#6583=CARTESIAN_POINT('',(119.24,34.155,7.077));
#6584=CARTESIAN_POINT('',(176.225,34.155,0.75));
#6585=CARTESIAN_POINT('',(88.6125,34.155,0.75));
#6586=CARTESIAN_POINT('',(176.225,34.155,7.077));
#6587=CARTESIAN_POINT('',(176.225,34.155,3.5385));
#6588=CARTESIAN_POINT('',(177.225,34.155,7.077));
#6589=CARTESIAN_POINT('Origin',(176.225,33.155,3.5385));
#6590=CARTESIAN_POINT('Origin',(176.225,33.155,7.077));
#6591=CARTESIAN_POINT('Origin',(176.225,33.155,0.75));
#6592=CARTESIAN_POINT('Origin',(118.24,34.155,7.077));
#6593=CARTESIAN_POINT('',(118.24,33.155,7.077));
#6594=CARTESIAN_POINT('',(118.24,33.155,0.75));
#6595=CARTESIAN_POINT('',(118.24,33.155,7.077));
#6596=CARTESIAN_POINT('',(118.24,-62.925,7.077));
#6597=CARTESIAN_POINT('',(118.24,17.0962502346933,0.75));
#6598=CARTESIAN_POINT('Origin',(119.24,33.155,7.077));
#6599=CARTESIAN_POINT('Origin',(119.24,33.155,7.077));
#6600=CARTESIAN_POINT('Origin',(119.24,33.155,0.75));
#6601=CARTESIAN_POINT('Origin',(119.24,-61.925,3.9135));
#6602=CARTESIAN_POINT('',(118.24,-61.925,0.75));
#6603=CARTESIAN_POINT('Origin',(119.24,-61.925,0.75));
#6604=CARTESIAN_POINT('',(118.24,-61.925,7.077));
#6605=CARTESIAN_POINT('',(118.24,-61.925,3.9135));
#6606=CARTESIAN_POINT('Origin',(119.24,-61.925,7.077));
#6607=CARTESIAN_POINT('Origin',(176.225,-43.045,3.5385));
#6608=CARTESIAN_POINT('',(176.225,-42.045,7.077));
#6609=CARTESIAN_POINT('Origin',(176.225,-43.045,7.077));
#6610=CARTESIAN_POINT('',(176.225,-42.045,0.75));
#6611=CARTESIAN_POINT('',(176.225,-42.045,3.5385));
#6612=CARTESIAN_POINT('Origin',(176.225,-43.045,0.75));
#6613=CARTESIAN_POINT('Origin',(137.29,-22.995,7.077));
#6614=CARTESIAN_POINT('',(137.29,-41.045,0.75));
#6615=CARTESIAN_POINT('',(137.29,-41.045,7.077));
#6616=CARTESIAN_POINT('',(137.29,-41.045,7.077));
#6617=CARTESIAN_POINT('',(137.29,-23.995,0.75));
#6618=CARTESIAN_POINT('',(137.29,-11.4787497653067,0.75));
#6619=CARTESIAN_POINT('',(137.29,-23.995,7.077));
#6620=CARTESIAN_POINT('',(137.29,-23.995,7.077));
#6621=CARTESIAN_POINT('',(137.29,-22.995,7.077));
#6622=CARTESIAN_POINT('Origin',(138.29,-23.995,7.077));
#6623=CARTESIAN_POINT('',(138.29,-22.995,7.077));
#6624=CARTESIAN_POINT('Origin',(138.29,-23.995,7.077));
#6625=CARTESIAN_POINT('',(138.29,-22.995,0.75));
#6626=CARTESIAN_POINT('Origin',(138.29,-23.995,0.75));
#6627=CARTESIAN_POINT('',(138.29,-22.995,7.077));
#6628=CARTESIAN_POINT('Origin',(157.99,-22.995,7.077));
#6629=CARTESIAN_POINT('',(156.99,-22.995,7.077));
#6630=CARTESIAN_POINT('',(156.99,-22.995,0.75));
#6631=CARTESIAN_POINT('',(156.99,-22.995,7.077));
#6632=CARTESIAN_POINT('',(177.225,-22.995,7.077));
#6633=CARTESIAN_POINT('',(78.995,-22.995,0.75));
#6634=CARTESIAN_POINT('Origin',(156.99,-23.995,7.077));
#6635=CARTESIAN_POINT('Origin',(156.99,-23.995,7.077));
#6636=CARTESIAN_POINT('Origin',(156.99,-23.995,0.75));
#6637=CARTESIAN_POINT('Origin',(137.29,-42.045,7.077));
#6638=CARTESIAN_POINT('',(119.24,-42.045,0.75));
#6639=CARTESIAN_POINT('',(119.24,-42.045,7.077));
#6640=CARTESIAN_POINT('',(119.24,-42.045,7.077));
#6641=CARTESIAN_POINT('',(136.29,-42.045,0.75));
#6642=CARTESIAN_POINT('',(68.645,-42.045,0.75));
#6643=CARTESIAN_POINT('',(136.29,-42.045,7.077));
#6644=CARTESIAN_POINT('',(136.29,-42.045,7.077));
#6645=CARTESIAN_POINT('',(137.29,-42.045,7.077));
#6646=CARTESIAN_POINT('Origin',(136.29,-41.045,7.077));
#6647=CARTESIAN_POINT('Origin',(136.29,-41.045,0.75));
#6648=CARTESIAN_POINT('Origin',(136.29,-41.045,7.077));
#6649=CARTESIAN_POINT('Origin',(177.225,-42.045,7.077));
#6650=CARTESIAN_POINT('',(158.99,-42.045,0.75));
#6651=CARTESIAN_POINT('',(158.99,-42.045,7.077));
#6652=CARTESIAN_POINT('',(158.99,-42.045,7.077));
#6653=CARTESIAN_POINT('',(88.6125,-42.045,0.75));
#6654=CARTESIAN_POINT('',(157.99,-42.045,7.077));
#6655=CARTESIAN_POINT('Origin',(158.99,-41.045,7.077));
#6656=CARTESIAN_POINT('Origin',(158.99,-41.045,0.75));
#6657=CARTESIAN_POINT('Origin',(158.99,-41.045,7.077));
#6658=CARTESIAN_POINT('Origin',(118.24,-42.045,7.077));
#6659=CARTESIAN_POINT('',(118.24,-43.045,7.077));
#6660=CARTESIAN_POINT('',(118.24,-43.045,0.75));
#6661=CARTESIAN_POINT('',(118.24,-43.045,7.077));
#6662=CARTESIAN_POINT('',(118.24,-62.925,7.077));
#6663=CARTESIAN_POINT('',(118.24,-21.0037497653067,0.75));
#6664=CARTESIAN_POINT('Origin',(119.24,-43.045,7.077));
#6665=CARTESIAN_POINT('Origin',(119.24,-43.045,7.077));
#6666=CARTESIAN_POINT('Origin',(119.24,-43.045,0.75));
#6667=CARTESIAN_POINT('Origin',(109.965,34.155,7.077));
#6668=CARTESIAN_POINT('',(28.3568688701897,34.155,0.75));
#6669=CARTESIAN_POINT('',(28.3568688701897,34.155,7.077));
#6670=CARTESIAN_POINT('',(28.3568688701897,34.155,5.30775));
#6671=CARTESIAN_POINT('',(108.965,34.155,0.75));
#6672=CARTESIAN_POINT('',(54.9825,34.155,0.75));
#6673=CARTESIAN_POINT('',(108.965,34.155,7.077));
#6674=CARTESIAN_POINT('',(108.965,34.155,7.077));
#6675=CARTESIAN_POINT('',(177.225,34.155,7.077));
#6676=CARTESIAN_POINT('Origin',(108.965,33.155,7.077));
#6677=CARTESIAN_POINT('',(109.965,33.155,7.077));
#6678=CARTESIAN_POINT('Origin',(108.965,33.155,7.077));
#6679=CARTESIAN_POINT('',(109.965,33.155,0.75));
#6680=CARTESIAN_POINT('Origin',(108.965,33.155,0.75));
#6681=CARTESIAN_POINT('',(109.965,33.155,7.077));
#6682=CARTESIAN_POINT('Origin',(109.965,-62.925,7.077));
#6683=CARTESIAN_POINT('',(109.965,-61.925,7.077));
#6684=CARTESIAN_POINT('',(109.965,-61.925,0.75));
#6685=CARTESIAN_POINT('',(109.965,-61.925,3.9135));
#6686=CARTESIAN_POINT('',(109.965,42.03,7.077));
#6687=CARTESIAN_POINT('',(109.965,-31.4437497653067,0.75));
#6688=CARTESIAN_POINT('Origin',(108.965,-61.925,3.9135));
#6689=CARTESIAN_POINT('',(108.965,-62.925,7.077));
#6690=CARTESIAN_POINT('Origin',(108.965,-61.925,7.077));
#6691=CARTESIAN_POINT('',(108.965,-62.925,0.75));
#6692=CARTESIAN_POINT('Origin',(108.965,-61.925,0.75));
#6693=CARTESIAN_POINT('',(108.965,-62.925,3.9135));
#6694=CARTESIAN_POINT('Origin',(118.24,63.0000009387732,7.077));
#6695=CARTESIAN_POINT('',(118.24,61.925,7.077));
#6696=CARTESIAN_POINT('',(118.24,61.925,0.75));
#6697=CARTESIAN_POINT('',(118.24,61.925,3.9135));
#6698=CARTESIAN_POINT('',(118.24,42.03,7.077));
#6699=CARTESIAN_POINT('',(118.24,31.5187507040799,0.75));
#6700=CARTESIAN_POINT('Origin',(119.24,61.925,3.9135));
#6701=CARTESIAN_POINT('Origin',(119.24,61.925,7.077));
#6702=CARTESIAN_POINT('Origin',(119.24,61.925,0.75));
#6703=CARTESIAN_POINT('Origin',(137.140000014901,-17.2949999850988,6.577));
#6704=CARTESIAN_POINT('',(137.140000014901,-18.7949999850988,6.077));
#6705=CARTESIAN_POINT('',(137.140000014901,-19.7949999850988,7.077));
#6706=CARTESIAN_POINT('',(137.140000014901,-18.7949999850988,6.077));
#6707=CARTESIAN_POINT('',(135.640000014901,-17.2949999850988,6.077));
#6708=CARTESIAN_POINT('Origin',(137.140000014901,-17.2949999850988,6.077));
#6709=CARTESIAN_POINT('',(134.640000014901,-17.2949999850988,7.077));
#6710=CARTESIAN_POINT('',(134.640000014901,-17.2949999850988,7.077));
#6711=CARTESIAN_POINT('Origin',(137.140000014901,-17.2949999850988,7.077));
#6712=CARTESIAN_POINT('Origin',(57.1949999925494,-19.2949999850988,6.577));
#6713=CARTESIAN_POINT('',(158.139999985099,-19.7949999850988,7.077));
#6714=CARTESIAN_POINT('',(57.1949999925494,-19.7949999850988,7.077));
#6715=CARTESIAN_POINT('',(158.139999985099,-18.7949999850988,6.077));
#6716=CARTESIAN_POINT('',(158.139999985099,-18.7949999850988,6.077));
#6717=CARTESIAN_POINT('',(57.1949999925494,-18.7949999850988,6.077));
#6718=CARTESIAN_POINT('Origin',(158.139999985099,-17.2949999850988,6.577));
#6719=CARTESIAN_POINT('',(159.639999985099,-17.2949999850988,6.077));
#6720=CARTESIAN_POINT('',(160.639999985099,-17.2949999850988,7.077));
#6721=CARTESIAN_POINT('',(159.639999985099,-17.2949999850988,6.077));
#6722=CARTESIAN_POINT('Origin',(158.139999985099,-17.2949999850988,6.077));
#6723=CARTESIAN_POINT('Origin',(158.139999985099,-17.2949999850988,7.077));
#6724=CARTESIAN_POINT('Origin',(160.139999985099,-37.2350000074506,6.577));
#6725=CARTESIAN_POINT('',(160.639999985099,-11.2950000149011,7.077));
#6726=CARTESIAN_POINT('',(160.639999985099,-37.2350000074506,7.077));
#6727=CARTESIAN_POINT('',(159.639999985099,-11.2950000149011,6.077));
#6728=CARTESIAN_POINT('',(159.639999985099,-11.2950000149011,6.077));
#6729=CARTESIAN_POINT('',(159.639999985099,-37.2350000074506,6.077));
#6730=CARTESIAN_POINT('Origin',(158.139999985099,-11.2950000149011,6.577));
#6731=CARTESIAN_POINT('',(158.139999985099,-9.79500001490112,6.077));
#6732=CARTESIAN_POINT('',(158.139999985099,-8.79500001490111,7.077));
#6733=CARTESIAN_POINT('',(158.139999985099,-9.79500001490112,6.077));
#6734=CARTESIAN_POINT('Origin',(158.139999985099,-11.2950000149011,6.077));
#6735=CARTESIAN_POINT('Origin',(158.139999985099,-11.2950000149011,7.077));
#6736=CARTESIAN_POINT('Origin',(45.1950000074506,-9.29500001490108,6.577));
#6737=CARTESIAN_POINT('',(137.140000014901,-8.79500001490112,7.077));
#6738=CARTESIAN_POINT('',(45.1950000074506,-8.79500001490108,7.077));
#6739=CARTESIAN_POINT('',(137.140000014901,-9.79500001490111,6.077));
#6740=CARTESIAN_POINT('',(137.140000014901,-9.79500001490111,6.077));
#6741=CARTESIAN_POINT('',(45.1950000074506,-9.79500001490109,6.077));
#6742=CARTESIAN_POINT('Origin',(137.140000014901,-11.2950000149011,6.577));
#6743=CARTESIAN_POINT('',(135.640000014901,-11.2950000149011,6.077));
#6744=CARTESIAN_POINT('',(134.640000014901,-11.2950000149011,7.077));
#6745=CARTESIAN_POINT('',(135.640000014901,-11.2950000149011,6.077));
#6746=CARTESIAN_POINT('Origin',(137.140000014901,-11.2950000149011,6.077));
#6747=CARTESIAN_POINT('Origin',(137.140000014901,-11.2950000149011,7.077));
#6748=CARTESIAN_POINT('Origin',(135.140000014901,-41.7349999925494,6.577));
#6749=CARTESIAN_POINT('',(134.640000014901,-41.7349999925494,7.077));
#6750=CARTESIAN_POINT('',(135.640000014901,-41.7349999925494,6.077));
#6751=CARTESIAN_POINT('Origin',(159.639999985099,-18.7949999850988,7.077));
#6752=CARTESIAN_POINT('',(137.140000014901,-18.7949999850988,5.82700000000005));
#6753=CARTESIAN_POINT('',(137.140000014901,-18.7949999850988,7.077));
#6754=CARTESIAN_POINT('',(158.139999985099,-18.7949999850988,5.82700000000017));
#6755=CARTESIAN_POINT('',(158.139999985099,-18.7949999850988,7.077));
#6756=CARTESIAN_POINT('',(154.014999992549,-18.7949999850988,5.82700000000015));
#6757=CARTESIAN_POINT('Origin',(158.139999985099,-17.2949999850988,7.077));
#6758=CARTESIAN_POINT('',(159.639999985099,-17.2949999850988,5.82700000000017));
#6759=CARTESIAN_POINT('',(159.639999985099,-17.2949999850988,7.077));
#6760=CARTESIAN_POINT('Origin',(158.139999985099,-17.2949999850988,5.82700000000008));
#6761=CARTESIAN_POINT('Origin',(159.639999985099,-9.79500001490112,7.077));
#6762=CARTESIAN_POINT('',(159.639999985099,-11.2950000149011,5.82700000000013));
#6763=CARTESIAN_POINT('',(159.639999985099,-11.2950000149011,7.077));
#6764=CARTESIAN_POINT('',(159.639999985099,-12.0450000074505,5.82700000000013));
#6765=CARTESIAN_POINT('Origin',(158.139999985099,-11.2950000149011,7.077));
#6766=CARTESIAN_POINT('',(158.139999985099,-9.79500001490112,5.82700000000011));
#6767=CARTESIAN_POINT('',(158.139999985099,-9.79500001490112,5.92700000000011));
#6768=CARTESIAN_POINT('Origin',(158.139999985099,-11.2950000149011,5.82700000000008));
#6769=CARTESIAN_POINT('Origin',(128.39,-7.295,2.92699999999992));
#6770=CARTESIAN_POINT('',(168.39,-7.29499999999998,5.82700000000005));
#6771=CARTESIAN_POINT('',(128.39,-7.29499999999998,5.82699999999992));
#6772=CARTESIAN_POINT('',(138.39,-7.29499999999998,5.82699999999997));
#6773=CARTESIAN_POINT('',(128.39,-7.29500000000001,0.75));
#6774=CARTESIAN_POINT('',(128.39,-7.295,2.92699999999992));
#6775=CARTESIAN_POINT('',(168.39,-7.29500000000001,0.75));
#6776=CARTESIAN_POINT('',(48.8325,-7.29500000000002,0.75));
#6777=CARTESIAN_POINT('',(168.39,-7.295,2.92700000000005));
#6778=CARTESIAN_POINT('Origin',(168.39,-7.295,2.92700000000005));
#6779=CARTESIAN_POINT('',(168.39,-21.2949999999999,5.82700000000014));
#6780=CARTESIAN_POINT('',(168.39,-10.795,5.82700000000017));
#6781=CARTESIAN_POINT('',(168.39,-21.295,0.75));
#6782=CARTESIAN_POINT('',(168.39,29.565,0.75));
#6783=CARTESIAN_POINT('',(168.39,-21.2949999999999,2.92700000000014));
#6784=CARTESIAN_POINT('Origin',(135.640000014901,-9.79500001490111,7.077));
#6785=CARTESIAN_POINT('',(137.140000014901,-9.79500001490111,5.82699999999998));
#6786=CARTESIAN_POINT('',(137.140000014901,-9.79500001490111,7.077));
#6787=CARTESIAN_POINT('',(142.015000007451,-9.79500001490112,5.82700000000001));
#6788=CARTESIAN_POINT('Origin',(137.140000014901,-11.2950000149011,7.077));
#6789=CARTESIAN_POINT('',(135.640000014901,-11.2950000149011,5.82699999999998));
#6790=CARTESIAN_POINT('',(135.640000014901,-11.2950000149011,5.92699999999998));
#6791=CARTESIAN_POINT('Origin',(137.140000014901,-11.2950000149011,5.82700000000008));
#6792=CARTESIAN_POINT('Origin',(135.640000014901,-18.7949999850988,7.077));
#6793=CARTESIAN_POINT('',(135.640000014901,-17.2949999850988,5.82700000000003));
#6794=CARTESIAN_POINT('',(135.640000014901,-17.2949999850988,7.077));
#6795=CARTESIAN_POINT('',(135.640000014901,-16.5449999925494,5.82700000000002));
#6796=CARTESIAN_POINT('Origin',(137.140000014901,-17.2949999850988,7.077));
#6797=CARTESIAN_POINT('Origin',(137.140000014901,-17.2949999850988,5.82700000000008));
#6798=CARTESIAN_POINT('Origin',(168.39,-21.2949999999999,2.92700000000014));
#6799=CARTESIAN_POINT('',(128.39,-21.2949999999999,5.82700000000002));
#6800=CARTESIAN_POINT('',(158.39,-21.2949999999999,5.82700000000019));
#6801=CARTESIAN_POINT('',(128.39,-21.295,0.75));
#6802=CARTESIAN_POINT('',(68.8325,-21.2949999999999,0.75));
#6803=CARTESIAN_POINT('',(128.39,-21.2949999999999,2.92700000000002));
#6804=CARTESIAN_POINT('Origin',(128.39,-21.2949999999999,2.92700000000002));
#6805=CARTESIAN_POINT('',(128.39,-17.7949999999999,5.82699999999999));
#6806=CARTESIAN_POINT('',(128.39,22.565,0.75));
#6807=CARTESIAN_POINT('Origin',(148.39,-14.2949999999999,5.82700000000008));
#6808=CARTESIAN_POINT('Origin',(-30.725,66.425,0.75));
#6809=CARTESIAN_POINT('',(28.3568688701897,34.7125,0.75));
#6810=CARTESIAN_POINT('',(80.375,-62.925,0.75));
#6811=CARTESIAN_POINT('Origin',(167.225,68.000001013279,0.));
#6812=CARTESIAN_POINT('',(165.625,68.000001013279,5.));
#6813=CARTESIAN_POINT('',(165.625,68.000001013279,0.));
#6814=CARTESIAN_POINT('Origin',(167.225,68.000001013279,5.));
#6815=CARTESIAN_POINT('Origin',(71.95,-65.925,5.));
#6816=CARTESIAN_POINT('Origin',(180.225,-60.425,5.));
#6817=CARTESIAN_POINT('Origin',(180.025,20.2125,5.));
#6818=CARTESIAN_POINT('Origin',(72.1125,68.925,5.));
#6819=CARTESIAN_POINT('Origin',(167.225,68.000001013279,5.));
#6820=CARTESIAN_POINT('Origin',(180.225,-14.2125,5.));
#6821=CARTESIAN_POINT('Origin',(123.8,-65.925,5.));
#6822=CARTESIAN_POINT('Origin',(-45.25,-64.675,7.077));
#6823=CARTESIAN_POINT('',(28.3568688701897,-62.925,7.077));
#6824=CARTESIAN_POINT('',(28.3568688701897,-30.8375,7.077));
#6825=CARTESIAN_POINT('',(28.3568688701897,74.925,7.077));
#6826=CARTESIAN_POINT('',(88.1125,74.925,7.077));
#6827=CARTESIAN_POINT('',(28.3568688701897,-30.8375,7.077));
#6828=CARTESIAN_POINT('',(87.3625,-62.925,7.077));
#6829=CARTESIAN_POINT('Origin',(176.225,74.925,0.));
#6830=CARTESIAN_POINT('',(28.3568688701897,74.925,1.76925));
#6831=CARTESIAN_POINT('Origin',(14.275,-62.925,0.75));
#6832=CARTESIAN_POINT('',(28.3568688701897,-62.925,2.14425));
#6833=CARTESIAN_POINT('Origin',(28.3568688701897,3.00000000000001,3.5385));
#6834=CARTESIAN_POINT('Origin',(28.3568688701897,3.00000000000001,3.5385));
#6835=CARTESIAN_POINT('Origin',(28.3568688701897,3.00000000000001,3.5385));
#6836=CARTESIAN_POINT('',(28.3568688701897,-68.925,7.077));
#6837=CARTESIAN_POINT('',(28.3568688701897,-62.925,7.077));
#6838=CARTESIAN_POINT('',(28.3568688701897,-30.8375,7.077));
#6839=CARTESIAN_POINT('',(28.3568688701897,-68.925,0.));
#6840=CARTESIAN_POINT('',(28.3568688701897,-68.925,1.76925));
#6841=CARTESIAN_POINT('',(28.3568688701897,-62.925,0.));
#6842=CARTESIAN_POINT('',(28.3568688701897,3.00000000000001,0.));
#6843=CARTESIAN_POINT('',(28.3568688701897,-62.925,2.14425));
#6844=CARTESIAN_POINT('Origin',(28.3568688701897,3.00000000000001,3.5385));
#6845=CARTESIAN_POINT('',(28.3568688701897,34.155,7.077));
#6846=CARTESIAN_POINT('',(28.3568688701897,74.925,7.077));
#6847=CARTESIAN_POINT('',(28.3568688701897,-30.8375,7.077));
#6848=CARTESIAN_POINT('',(28.3568688701897,34.155,0.75));
#6849=CARTESIAN_POINT('',(28.3568688701897,34.155,5.30775));
#6850=CARTESIAN_POINT('',(28.3568688701897,69.925,0.75));
#6851=CARTESIAN_POINT('',(28.3568688701897,34.7125,0.75));
#6852=CARTESIAN_POINT('',(28.3568688701897,69.925,0.));
#6853=CARTESIAN_POINT('',(28.3568688701897,69.925,1.76925));
#6854=CARTESIAN_POINT('',(28.3568688701897,74.925,0.));
#6855=CARTESIAN_POINT('',(28.3568688701897,3.00000000000001,0.));
#6856=CARTESIAN_POINT('',(28.3568688701897,74.925,1.76925));
#6857=CARTESIAN_POINT('Origin',(-176.225,-68.925,0.));
#6858=CARTESIAN_POINT('',(-176.225,-68.925,7.077));
#6859=CARTESIAN_POINT('',(-88.1125,-68.925,7.077));
#6860=CARTESIAN_POINT('',(-176.225,-68.925,0.));
#6861=CARTESIAN_POINT('',(-176.225,-68.925,0.));
#6862=CARTESIAN_POINT('',(176.225,-68.925,0.));
#6863=CARTESIAN_POINT('Origin',(3.5527136788005E-14,3.00000000000002,0.));
#6864=CARTESIAN_POINT('',(-183.225,-61.925,0.));
#6865=CARTESIAN_POINT('Origin',(-176.225,-61.925,0.));
#6866=CARTESIAN_POINT('',(-183.225,67.925,0.));
#6867=CARTESIAN_POINT('',(-183.225,-61.925,0.));
#6868=CARTESIAN_POINT('',(-176.225,74.925,0.));
#6869=CARTESIAN_POINT('Origin',(-176.225,67.925,0.));
#6870=CARTESIAN_POINT('',(-176.225,74.925,0.));
#6871=CARTESIAN_POINT('',(28.,69.925,0.));
#6872=CARTESIAN_POINT('',(61.,69.925,0.));
#6873=CARTESIAN_POINT('',(27.,68.925,0.));
#6874=CARTESIAN_POINT('Origin',(28.,68.925,0.));
#6875=CARTESIAN_POINT('',(27.,62.925,0.));
#6876=CARTESIAN_POINT('',(27.,68.925,0.));
#6877=CARTESIAN_POINT('',(6.77500000000003,62.925,0.));
#6878=CARTESIAN_POINT('',(-89.725,62.925,0.));
#6879=CARTESIAN_POINT('',(6.77500000000003,68.925,0.));
#6880=CARTESIAN_POINT('',(6.77500000000003,68.925,0.));
#6881=CARTESIAN_POINT('',(5.77500000000003,69.925,0.));
#6882=CARTESIAN_POINT('Origin',(5.77500000000004,68.925,0.));
#6883=CARTESIAN_POINT('',(-67.225,69.925,0.));
#6884=CARTESIAN_POINT('',(-67.225,69.925,0.));
#6885=CARTESIAN_POINT('',(-68.225,68.925,0.));
#6886=CARTESIAN_POINT('Origin',(-67.225,68.925,0.));
#6887=CARTESIAN_POINT('',(-68.225,62.925,0.));
#6888=CARTESIAN_POINT('',(-68.225,62.925,0.));
#6889=CARTESIAN_POINT('',(-89.725,62.925,0.));
#6890=CARTESIAN_POINT('',(-89.725,62.925,0.));
#6891=CARTESIAN_POINT('',(-93.225,66.425,0.));
#6892=CARTESIAN_POINT('Origin',(-89.725,66.425,0.));
#6893=CARTESIAN_POINT('',(-98.725,71.925,0.));
#6894=CARTESIAN_POINT('Origin',(-98.725,66.425,0.));
#6895=CARTESIAN_POINT('',(-174.725,71.9250000000001,0.));
#6896=CARTESIAN_POINT('',(-174.725,71.9250000000001,0.));
#6897=CARTESIAN_POINT('',(-177.225,69.4250000000001,0.));
#6898=CARTESIAN_POINT('Origin',(-174.725,69.4250000000001,0.));
#6899=CARTESIAN_POINT('',(-177.225,63.425,0.));
#6900=CARTESIAN_POINT('',(-177.225,-60.425,0.));
#6901=CARTESIAN_POINT('',(-178.725,63.425,0.));
#6902=CARTESIAN_POINT('',(-177.225,63.425,0.));
#6903=CARTESIAN_POINT('',(-179.725,62.425,0.));
#6904=CARTESIAN_POINT('Origin',(-178.725,62.4249999999999,0.));
#6905=CARTESIAN_POINT('',(-179.725,29.425,0.));
#6906=CARTESIAN_POINT('',(-179.725,62.425,0.));
#6907=CARTESIAN_POINT('',(-178.725,28.425,0.));
#6908=CARTESIAN_POINT('Origin',(-178.725,29.4250000000001,0.));
#6909=CARTESIAN_POINT('',(-177.225,28.425,0.));
#6910=CARTESIAN_POINT('',(-178.725,28.425,0.));
#6911=CARTESIAN_POINT('',(-177.225,15.5,0.));
#6912=CARTESIAN_POINT('',(-177.225,-60.425,0.));
#6913=CARTESIAN_POINT('',(-178.725,15.5,0.));
#6914=CARTESIAN_POINT('',(-178.725,15.5,0.));
#6915=CARTESIAN_POINT('',(-179.725,14.5,0.));
#6916=CARTESIAN_POINT('Origin',(-178.725,14.4999999999999,0.));
#6917=CARTESIAN_POINT('',(-179.725,-8.50000000000001,0.));
#6918=CARTESIAN_POINT('',(-179.725,-8.50000000000001,0.));
#6919=CARTESIAN_POINT('',(-178.725,-9.50000000000001,0.));
#6920=CARTESIAN_POINT('Origin',(-178.725,-8.49999999999995,0.));
#6921=CARTESIAN_POINT('',(-177.225,-9.50000000000001,0.));
#6922=CARTESIAN_POINT('',(-177.225,-9.50000000000001,0.));
#6923=CARTESIAN_POINT('',(-177.225,-22.425,0.));
#6924=CARTESIAN_POINT('',(-177.225,-60.425,0.));
#6925=CARTESIAN_POINT('',(-178.725,-22.4249999999999,0.));
#6926=CARTESIAN_POINT('',(-178.725,-22.4249999999999,0.));
#6927=CARTESIAN_POINT('',(-179.725,-23.425,0.));
#6928=CARTESIAN_POINT('Origin',(-178.725,-23.425,0.));
#6929=CARTESIAN_POINT('',(-179.725,-56.425,0.));
#6930=CARTESIAN_POINT('',(-179.725,-56.425,0.));
#6931=CARTESIAN_POINT('',(-178.725,-57.425,0.));
#6932=CARTESIAN_POINT('Origin',(-178.725,-56.4249999999999,0.));
#6933=CARTESIAN_POINT('',(-177.225,-57.425,0.));
#6934=CARTESIAN_POINT('',(-177.225,-57.425,0.));
#6935=CARTESIAN_POINT('',(-177.225,-60.425,0.));
#6936=CARTESIAN_POINT('',(-177.225,-60.425,0.));
#6937=CARTESIAN_POINT('',(-174.725,-62.925,0.));
#6938=CARTESIAN_POINT('Origin',(-174.725,-60.425,0.));
#6939=CARTESIAN_POINT('',(-158.125,-62.925,0.));
#6940=CARTESIAN_POINT('',(-104.775,-62.925,0.));
#6941=CARTESIAN_POINT('',(-158.125,-65.425,0.));
#6942=CARTESIAN_POINT('',(-158.125,-65.425,0.));
#6943=CARTESIAN_POINT('',(-157.125,-66.425,0.));
#6944=CARTESIAN_POINT('Origin',(-157.125,-65.425,0.));
#6945=CARTESIAN_POINT('',(-124.125,-66.425,0.));
#6946=CARTESIAN_POINT('',(-124.125,-66.425,0.));
#6947=CARTESIAN_POINT('',(-123.125,-65.425,0.));
#6948=CARTESIAN_POINT('Origin',(-124.125,-65.425,0.));
#6949=CARTESIAN_POINT('',(-123.125,-62.925,0.));
#6950=CARTESIAN_POINT('',(-123.125,-62.925,0.));
#6951=CARTESIAN_POINT('',(-104.775,-62.925,0.));
#6952=CARTESIAN_POINT('',(-104.775,-62.925,0.));
#6953=CARTESIAN_POINT('',(-104.025,-63.675,0.));
#6954=CARTESIAN_POINT('Origin',(-104.775,-63.675,0.));
#6955=CARTESIAN_POINT('',(-101.275,-66.425,0.));
#6956=CARTESIAN_POINT('Origin',(-101.275,-63.675,0.));
#6957=CARTESIAN_POINT('',(10.775,-66.425,0.));
#6958=CARTESIAN_POINT('',(10.775,-66.425,0.));
#6959=CARTESIAN_POINT('',(13.525,-63.675,0.));
#6960=CARTESIAN_POINT('Origin',(10.775,-63.675,0.));
#6961=CARTESIAN_POINT('',(14.275,-62.925,0.));
#6962=CARTESIAN_POINT('Origin',(14.275,-63.675,0.));
#6963=CARTESIAN_POINT('',(-104.775,-62.925,0.));
#6964=CARTESIAN_POINT('',(-181.825,-15.9625,0.));
#6965=CARTESIAN_POINT('Origin',(-180.225,-15.9625,0.));
#6966=CARTESIAN_POINT('',(15.2875,68.925,0.));
#6967=CARTESIAN_POINT('Origin',(16.8875,68.925,0.));
#6968=CARTESIAN_POINT('',(-82.325,68.925,0.));
#6969=CARTESIAN_POINT('Origin',(-80.725,68.925,0.));
#6970=CARTESIAN_POINT('',(-181.825,-60.425,0.));
#6971=CARTESIAN_POINT('Origin',(-180.225,-60.425,0.));
#6972=CARTESIAN_POINT('',(19.425,-65.925,0.));
#6973=CARTESIAN_POINT('Origin',(21.025,-65.925,0.));
#6974=CARTESIAN_POINT('',(-181.825,21.9625,0.));
#6975=CARTESIAN_POINT('Origin',(-180.225,21.9625,0.));
#6976=CARTESIAN_POINT('',(-181.825,66.425,0.));
#6977=CARTESIAN_POINT('Origin',(-180.225,66.425,0.));
#6978=CARTESIAN_POINT('',(-115.175,-65.925,0.));
#6979=CARTESIAN_POINT('Origin',(-113.575,-65.925,0.));
#6980=CARTESIAN_POINT('Origin',(28.,69.925,0.));
#6981=CARTESIAN_POINT('',(28.,69.925,0.75));
#6982=CARTESIAN_POINT('',(61.,69.925,0.75));
#6983=CARTESIAN_POINT('',(28.,69.925,0.));
#6984=CARTESIAN_POINT('Origin',(-30.725,66.425,0.75));
#6985=CARTESIAN_POINT('',(-176.225,34.155,0.75));
#6986=CARTESIAN_POINT('',(54.9825,34.155,0.75));
#6987=CARTESIAN_POINT('',(-177.225,33.155,0.75));
#6988=CARTESIAN_POINT('Origin',(-176.225,33.155,0.75));
#6989=CARTESIAN_POINT('',(-177.225,28.425,0.75));
#6990=CARTESIAN_POINT('',(-177.225,28.425,0.75));
#6991=CARTESIAN_POINT('',(-178.725,28.425,0.75));
#6992=CARTESIAN_POINT('',(-178.725,28.425,0.75));
#6993=CARTESIAN_POINT('',(-179.725,29.425,0.75));
#6994=CARTESIAN_POINT('Origin',(-178.725,29.4250000000001,0.75));
#6995=CARTESIAN_POINT('',(-179.725,62.425,0.75));
#6996=CARTESIAN_POINT('',(-179.725,62.425,0.75));
#6997=CARTESIAN_POINT('',(-178.725,63.425,0.75));
#6998=CARTESIAN_POINT('Origin',(-178.725,62.4249999999999,0.75));
#6999=CARTESIAN_POINT('',(-177.225,63.425,0.75));
#7000=CARTESIAN_POINT('',(-177.225,63.425,0.75));
#7001=CARTESIAN_POINT('',(-177.225,69.4250000000001,0.75));
#7002=CARTESIAN_POINT('',(-177.225,-60.425,0.75));
#7003=CARTESIAN_POINT('',(-174.725,71.9250000000001,0.75));
#7004=CARTESIAN_POINT('Origin',(-174.725,69.4250000000001,0.75));
#7005=CARTESIAN_POINT('',(-98.725,71.925,0.75));
#7006=CARTESIAN_POINT('',(-174.725,71.9250000000001,0.75));
#7007=CARTESIAN_POINT('',(-93.225,66.425,0.75));
#7008=CARTESIAN_POINT('Origin',(-98.725,66.425,0.75));
#7009=CARTESIAN_POINT('',(-89.725,62.925,0.75));
#7010=CARTESIAN_POINT('Origin',(-89.725,66.425,0.75));
#7011=CARTESIAN_POINT('',(-137.935,62.925,0.75));
#7012=CARTESIAN_POINT('',(-89.725,62.925,0.75));
#7013=CARTESIAN_POINT('',(-138.935,61.925,0.75));
#7014=CARTESIAN_POINT('Origin',(-137.935,61.925,0.75));
#7015=CARTESIAN_POINT('',(-138.935,43.03,0.75));
#7016=CARTESIAN_POINT('',(-138.935,31.4812502346933,0.75));
#7017=CARTESIAN_POINT('',(-137.935,42.03,0.75));
#7018=CARTESIAN_POINT('Origin',(-137.935,43.03,0.75));
#7019=CARTESIAN_POINT('',(-62.485,42.03,0.75));
#7020=CARTESIAN_POINT('',(-69.4675,42.03,0.75));
#7021=CARTESIAN_POINT('',(-61.485,43.03,0.75));
#7022=CARTESIAN_POINT('Origin',(-62.485,43.03,0.75));
#7023=CARTESIAN_POINT('',(-61.485,61.925,0.75));
#7024=CARTESIAN_POINT('',(-61.485,21.0337502346933,0.75));
#7025=CARTESIAN_POINT('',(-62.485,62.925,0.75));
#7026=CARTESIAN_POINT('Origin',(-62.485,61.925,0.75));
#7027=CARTESIAN_POINT('',(-68.225,62.925,0.75));
#7028=CARTESIAN_POINT('',(6.77500000000003,62.925,0.75));
#7029=CARTESIAN_POINT('',(-68.225,68.925,0.75));
#7030=CARTESIAN_POINT('',(-68.225,62.925,0.75));
#7031=CARTESIAN_POINT('',(-67.225,69.925,0.75));
#7032=CARTESIAN_POINT('Origin',(-67.225,68.925,0.75));
#7033=CARTESIAN_POINT('',(5.77500000000003,69.925,0.75));
#7034=CARTESIAN_POINT('',(-67.225,69.925,0.75));
#7035=CARTESIAN_POINT('',(6.77500000000003,68.925,0.75));
#7036=CARTESIAN_POINT('Origin',(5.77500000000004,68.925,0.75));
#7037=CARTESIAN_POINT('',(6.77500000000003,62.925,0.75));
#7038=CARTESIAN_POINT('',(6.77500000000003,68.925,0.75));
#7039=CARTESIAN_POINT('',(-52.21,62.925,0.75));
#7040=CARTESIAN_POINT('',(6.77500000000003,62.925,0.75));
#7041=CARTESIAN_POINT('',(-53.21,61.925,0.75));
#7042=CARTESIAN_POINT('Origin',(-52.21,61.925,0.75));
#7043=CARTESIAN_POINT('',(-53.21,43.03,0.75));
#7044=CARTESIAN_POINT('',(-53.21,31.4812502346933,0.75));
#7045=CARTESIAN_POINT('',(-52.21,42.03,0.75));
#7046=CARTESIAN_POINT('Origin',(-52.21,43.03,0.75));
#7047=CARTESIAN_POINT('',(23.24,42.03,0.75));
#7048=CARTESIAN_POINT('',(-26.605,42.03,0.75));
#7049=CARTESIAN_POINT('',(24.24,43.03,0.75));
#7050=CARTESIAN_POINT('Origin',(23.24,43.03,0.75));
#7051=CARTESIAN_POINT('',(24.24,61.925,0.75));
#7052=CARTESIAN_POINT('',(24.24,21.0337502346933,0.75));
#7053=CARTESIAN_POINT('',(23.24,62.925,0.75));
#7054=CARTESIAN_POINT('Origin',(23.24,61.925,0.75));
#7055=CARTESIAN_POINT('',(27.,62.925,0.75));
#7056=CARTESIAN_POINT('',(-88.6125,62.925,0.75));
#7057=CARTESIAN_POINT('',(27.,68.925,0.75));
#7058=CARTESIAN_POINT('',(27.,68.925,0.75));
#7059=CARTESIAN_POINT('Origin',(28.,68.925,0.75));
#7060=CARTESIAN_POINT('',(-157.335,62.925,0.75));
#7061=CARTESIAN_POINT('',(-176.225,62.925,0.75));
#7062=CARTESIAN_POINT('',(-89.725,62.925,0.75));
#7063=CARTESIAN_POINT('',(-177.225,61.925,0.75));
#7064=CARTESIAN_POINT('Origin',(-176.225,61.925,0.75));
#7065=CARTESIAN_POINT('',(-177.225,43.03,0.75));
#7066=CARTESIAN_POINT('',(-177.225,28.425,0.75));
#7067=CARTESIAN_POINT('',(-176.225,42.03,0.75));
#7068=CARTESIAN_POINT('Origin',(-176.225,43.03,0.75));
#7069=CARTESIAN_POINT('',(-157.335,42.03,0.75));
#7070=CARTESIAN_POINT('',(-88.6125,42.03,0.75));
#7071=CARTESIAN_POINT('',(-156.335,43.03,0.75));
#7072=CARTESIAN_POINT('Origin',(-157.335,43.03,0.75));
#7073=CARTESIAN_POINT('',(-156.335,61.925,0.75));
#7074=CARTESIAN_POINT('',(-156.335,21.0337502346933,0.75));
#7075=CARTESIAN_POINT('Origin',(-157.335,61.925,0.75));
#7076=CARTESIAN_POINT('Origin',(109.965,34.155,7.077));
#7077=CARTESIAN_POINT('',(-176.225,34.155,7.077));
#7078=CARTESIAN_POINT('',(177.225,34.155,7.077));
#7079=CARTESIAN_POINT('',(-176.225,34.155,3.5385));
#7080=CARTESIAN_POINT('Origin',(21.025,-65.925,5.));
#7081=CARTESIAN_POINT('',(19.425,-65.925,5.));
#7082=CARTESIAN_POINT('Origin',(21.025,-65.925,5.));
#7083=CARTESIAN_POINT('Origin',(16.8875,68.925,5.));
#7084=CARTESIAN_POINT('',(15.2875,68.925,5.));
#7085=CARTESIAN_POINT('Origin',(16.8875,68.925,5.));
#7086=CARTESIAN_POINT('Origin',(-180.225,66.425,5.));
#7087=CARTESIAN_POINT('',(-181.825,66.425,5.));
#7088=CARTESIAN_POINT('Origin',(-180.225,66.425,5.));
#7089=CARTESIAN_POINT('Origin',(-180.225,-15.9625,5.));
#7090=CARTESIAN_POINT('',(-181.825,-15.9625,5.));
#7091=CARTESIAN_POINT('Origin',(-180.225,-15.9625,5.));
#7092=CARTESIAN_POINT('Origin',(-180.225,-60.425,5.));
#7093=CARTESIAN_POINT('',(-181.825,-60.425,5.));
#7094=CARTESIAN_POINT('Origin',(-180.225,-60.425,5.));
#7095=CARTESIAN_POINT('Origin',(-180.225,21.9625,5.));
#7096=CARTESIAN_POINT('',(-181.825,21.9625,5.));
#7097=CARTESIAN_POINT('Origin',(-180.225,21.9625,5.));
#7098=CARTESIAN_POINT('Origin',(-80.725,68.925,5.));
#7099=CARTESIAN_POINT('',(-82.325,68.925,5.));
#7100=CARTESIAN_POINT('Origin',(-80.725,68.925,5.));
#7101=CARTESIAN_POINT('Origin',(-113.575,-65.925,5.));
#7102=CARTESIAN_POINT('',(-115.175,-65.925,5.));
#7103=CARTESIAN_POINT('Origin',(-113.575,-65.925,5.));
#7104=CARTESIAN_POINT('Origin',(-45.25,-64.675,7.077));
#7105=CARTESIAN_POINT('',(-174.725,-62.925,7.077));
#7106=CARTESIAN_POINT('',(87.3625,-62.925,7.077));
#7107=CARTESIAN_POINT('',(-177.225,-60.425,7.077));
#7108=CARTESIAN_POINT('Origin',(-174.725,-60.425,7.077));
#7109=CARTESIAN_POINT('',(-177.225,33.155,7.077));
#7110=CARTESIAN_POINT('',(-177.225,-28.7125,7.077));
#7111=CARTESIAN_POINT('Origin',(-176.225,33.155,7.077));
#7112=CARTESIAN_POINT('',(-176.225,74.925,7.077));
#7113=CARTESIAN_POINT('',(88.1125,74.925,7.077));
#7114=CARTESIAN_POINT('',(-183.225,67.925,7.077));
#7115=CARTESIAN_POINT('Origin',(-176.225,67.925,7.077));
#7116=CARTESIAN_POINT('',(-183.225,-61.925,7.077));
#7117=CARTESIAN_POINT('',(-183.225,35.4625,7.077));
#7118=CARTESIAN_POINT('Origin',(-176.225,-61.925,7.077));
#7119=CARTESIAN_POINT('',(-52.21,62.925,7.077));
#7120=CARTESIAN_POINT('',(23.24,62.925,7.077));
#7121=CARTESIAN_POINT('',(-89.725,62.925,7.077));
#7122=CARTESIAN_POINT('',(24.24,61.925,7.077));
#7123=CARTESIAN_POINT('Origin',(23.24,61.925,7.077));
#7124=CARTESIAN_POINT('',(24.24,43.03,7.077));
#7125=CARTESIAN_POINT('',(24.24,42.03,7.077));
#7126=CARTESIAN_POINT('',(23.24,42.03,7.077));
#7127=CARTESIAN_POINT('Origin',(23.24,43.03,7.077));
#7128=CARTESIAN_POINT('',(-52.21,42.03,7.077));
#7129=CARTESIAN_POINT('',(-177.225,42.03,7.077));
#7130=CARTESIAN_POINT('',(-53.21,43.03,7.077));
#7131=CARTESIAN_POINT('Origin',(-52.21,43.03,7.077));
#7132=CARTESIAN_POINT('',(-53.21,61.925,7.077));
#7133=CARTESIAN_POINT('',(-53.21,62.925,7.077));
#7134=CARTESIAN_POINT('Origin',(-52.21,61.925,7.077));
#7135=CARTESIAN_POINT('',(-62.485,42.03,7.077));
#7136=CARTESIAN_POINT('',(-61.485,43.03,7.077));
#7137=CARTESIAN_POINT('Origin',(-62.485,43.03,7.077));
#7138=CARTESIAN_POINT('',(-137.935,42.03,7.077));
#7139=CARTESIAN_POINT('',(-177.225,42.03,7.077));
#7140=CARTESIAN_POINT('',(-138.935,43.03,7.077));
#7141=CARTESIAN_POINT('Origin',(-137.935,43.03,7.077));
#7142=CARTESIAN_POINT('',(-138.935,61.925,7.077));
#7143=CARTESIAN_POINT('',(-138.935,62.925,7.077));
#7144=CARTESIAN_POINT('',(-137.935,62.925,7.077));
#7145=CARTESIAN_POINT('Origin',(-137.935,61.925,7.077));
#7146=CARTESIAN_POINT('',(-62.485,62.925,7.077));
#7147=CARTESIAN_POINT('',(-89.725,62.925,7.077));
#7148=CARTESIAN_POINT('',(-61.485,61.925,7.077));
#7149=CARTESIAN_POINT('Origin',(-62.485,61.925,7.077));
#7150=CARTESIAN_POINT('',(-61.485,42.03,7.077));
#7151=CARTESIAN_POINT('',(-176.225,42.03,7.077));
#7152=CARTESIAN_POINT('',(-157.335,42.03,7.077));
#7153=CARTESIAN_POINT('',(-177.225,42.03,7.077));
#7154=CARTESIAN_POINT('',(-177.225,43.03,7.077));
#7155=CARTESIAN_POINT('Origin',(-176.225,43.03,7.077));
#7156=CARTESIAN_POINT('',(-177.225,61.925,7.077));
#7157=CARTESIAN_POINT('',(-177.225,-28.7125,7.077));
#7158=CARTESIAN_POINT('',(-176.225,62.925,7.077));
#7159=CARTESIAN_POINT('Origin',(-176.225,61.925,7.077));
#7160=CARTESIAN_POINT('',(-157.335,62.925,7.077));
#7161=CARTESIAN_POINT('',(-89.725,62.925,7.077));
#7162=CARTESIAN_POINT('',(-156.335,61.925,7.077));
#7163=CARTESIAN_POINT('Origin',(-157.335,61.925,7.077));
#7164=CARTESIAN_POINT('',(-156.335,43.03,7.077));
#7165=CARTESIAN_POINT('',(-156.335,42.03,7.077));
#7166=CARTESIAN_POINT('Origin',(-157.335,43.03,7.077));
#7167=CARTESIAN_POINT('Origin',(-157.335,43.03,7.077));
#7168=CARTESIAN_POINT('',(-156.335,43.03,7.077));
#7169=CARTESIAN_POINT('',(-157.335,42.03,7.077));
#7170=CARTESIAN_POINT('Origin',(-156.335,42.03,7.077));
#7171=CARTESIAN_POINT('',(-156.335,61.925,3.9135));
#7172=CARTESIAN_POINT('Origin',(-176.225,33.155,3.5385));
#7173=CARTESIAN_POINT('',(-177.225,33.155,3.5385));
#7174=CARTESIAN_POINT('Origin',(23.24,61.925,3.9135));
#7175=CARTESIAN_POINT('',(24.24,61.925,3.9135));
#7176=CARTESIAN_POINT('',(23.24,62.925,3.9135));
#7177=CARTESIAN_POINT('Origin',(24.24,42.03,7.077));
#7178=CARTESIAN_POINT('',(24.24,43.03,7.077));
#7179=CARTESIAN_POINT('Origin',(23.24,43.03,7.077));
#7180=CARTESIAN_POINT('',(23.24,42.03,7.077));
#7181=CARTESIAN_POINT('Origin',(-52.21,43.03,7.077));
#7182=CARTESIAN_POINT('',(-52.21,42.03,7.077));
#7183=CARTESIAN_POINT('',(-53.21,43.03,7.077));
#7184=CARTESIAN_POINT('Origin',(-53.21,42.03,7.077));
#7185=CARTESIAN_POINT('Origin',(-52.21,61.925,3.9135));
#7186=CARTESIAN_POINT('',(-53.21,61.925,3.9135));
#7187=CARTESIAN_POINT('',(-52.21,62.925,3.9135));
#7188=CARTESIAN_POINT('Origin',(-53.21,62.925,7.077));
#7189=CARTESIAN_POINT('Origin',(-62.485,61.925,3.9135));
#7190=CARTESIAN_POINT('',(-61.485,61.925,3.9135));
#7191=CARTESIAN_POINT('',(-62.485,62.925,3.9135));
#7192=CARTESIAN_POINT('Origin',(-61.485,42.03,7.077));
#7193=CARTESIAN_POINT('',(-61.485,43.03,7.077));
#7194=CARTESIAN_POINT('Origin',(-62.485,43.03,7.077));
#7195=CARTESIAN_POINT('',(-62.485,42.03,7.077));
#7196=CARTESIAN_POINT('Origin',(-137.935,43.03,7.077));
#7197=CARTESIAN_POINT('',(-137.935,42.03,7.077));
#7198=CARTESIAN_POINT('',(-138.935,43.03,7.077));
#7199=CARTESIAN_POINT('Origin',(-138.935,42.03,7.077));
#7200=CARTESIAN_POINT('Origin',(-137.935,61.925,3.9135));
#7201=CARTESIAN_POINT('',(-138.935,61.925,3.9135));
#7202=CARTESIAN_POINT('',(-137.935,62.925,3.9135));
#7203=CARTESIAN_POINT('Origin',(-138.935,62.925,7.077));
#7204=CARTESIAN_POINT('Origin',(-157.335,61.925,3.9135));
#7205=CARTESIAN_POINT('',(-157.335,62.925,3.9135));
#7206=CARTESIAN_POINT('Origin',(-176.225,43.03,3.5385));
#7207=CARTESIAN_POINT('',(-176.225,42.03,3.5385));
#7208=CARTESIAN_POINT('',(-177.225,43.03,3.5385));
#7209=CARTESIAN_POINT('Origin',(-177.225,42.03,7.077));
#7210=CARTESIAN_POINT('Origin',(-176.225,61.925,0.375));
#7211=CARTESIAN_POINT('',(-176.225,62.925,0.375));
#7212=CARTESIAN_POINT('',(-177.225,61.925,0.375));
#7213=CARTESIAN_POINT('Origin',(-177.225,62.925,0.75));
#7214=CARTESIAN_POINT('Origin',(-113.575,-65.925,0.));
#7215=CARTESIAN_POINT('',(-115.175,-65.925,0.));
#7216=CARTESIAN_POINT('Origin',(-180.225,66.425,0.));
#7217=CARTESIAN_POINT('',(-181.825,66.425,0.));
#7218=CARTESIAN_POINT('Origin',(-180.225,21.9625,0.));
#7219=CARTESIAN_POINT('',(-181.825,21.9625,0.));
#7220=CARTESIAN_POINT('Origin',(21.025,-65.925,0.));
#7221=CARTESIAN_POINT('',(19.425,-65.925,0.));
#7222=CARTESIAN_POINT('Origin',(-180.225,-60.425,0.));
#7223=CARTESIAN_POINT('',(-181.825,-60.425,0.));
#7224=CARTESIAN_POINT('Origin',(-80.725,68.925,0.));
#7225=CARTESIAN_POINT('',(-82.325,68.925,0.));
#7226=CARTESIAN_POINT('Origin',(16.8875,68.925,0.));
#7227=CARTESIAN_POINT('',(15.2875,68.925,0.));
#7228=CARTESIAN_POINT('Origin',(-180.225,-15.9625,0.));
#7229=CARTESIAN_POINT('',(-181.825,-15.9625,0.));
#7230=CARTESIAN_POINT('Origin',(-177.225,-60.425,0.));
#7231=CARTESIAN_POINT('Origin',(-177.225,-60.425,0.));
#7232=CARTESIAN_POINT('',(-177.225,-60.425,0.));
#7233=CARTESIAN_POINT('',(-177.225,-57.425,0.75));
#7234=CARTESIAN_POINT('',(-177.225,-57.425,0.));
#7235=CARTESIAN_POINT('',(-177.225,-22.425,0.75));
#7236=CARTESIAN_POINT('',(-177.225,-22.425,0.75));
#7237=CARTESIAN_POINT('',(-177.225,-22.425,0.));
#7238=CARTESIAN_POINT('',(-177.225,-9.50000000000001,0.75));
#7239=CARTESIAN_POINT('',(-177.225,-9.50000000000001,0.));
#7240=CARTESIAN_POINT('',(-177.225,15.5,0.75));
#7241=CARTESIAN_POINT('',(-177.225,15.5,0.75));
#7242=CARTESIAN_POINT('',(-177.225,15.5,0.));
#7243=CARTESIAN_POINT('',(-177.225,28.425,0.));
#7244=CARTESIAN_POINT('Origin',(14.275,-62.925,0.75));
#7245=CARTESIAN_POINT('',(14.275,-62.925,0.75));
#7246=CARTESIAN_POINT('',(14.275,-62.925,0.));
#7247=CARTESIAN_POINT('',(-104.775,-62.925,0.75));
#7248=CARTESIAN_POINT('',(-104.775,-62.925,0.75));
#7249=CARTESIAN_POINT('',(-104.775,-62.925,0.));
#7250=CARTESIAN_POINT('',(-123.125,-62.925,0.75));
#7251=CARTESIAN_POINT('',(-123.125,-62.925,0.));
#7252=CARTESIAN_POINT('',(-158.125,-62.925,0.75));
#7253=CARTESIAN_POINT('',(-158.125,-62.925,0.75));
#7254=CARTESIAN_POINT('',(-158.125,-62.925,0.));
#7255=CARTESIAN_POINT('',(-174.725,-62.925,0.));
#7256=CARTESIAN_POINT('Origin',(-177.225,62.925,0.75));
#7257=CARTESIAN_POINT('',(-89.725,62.925,0.));
#7258=CARTESIAN_POINT('',(-68.225,62.925,0.));
#7259=CARTESIAN_POINT('Origin',(-177.225,62.925,0.75));
#7260=CARTESIAN_POINT('',(6.77500000000003,62.925,0.));
#7261=CARTESIAN_POINT('',(27.,62.925,0.));
#7262=CARTESIAN_POINT('Origin',(-178.475,3.,0.75));
#7263=CARTESIAN_POINT('',(-178.725,-9.50000000000001,0.75));
#7264=CARTESIAN_POINT('',(-177.225,-9.50000000000001,0.75));
#7265=CARTESIAN_POINT('',(-179.725,-8.50000000000001,0.75));
#7266=CARTESIAN_POINT('Origin',(-178.725,-8.49999999999995,0.75));
#7267=CARTESIAN_POINT('',(-179.725,14.5,0.75));
#7268=CARTESIAN_POINT('',(-179.725,-8.50000000000001,0.75));
#7269=CARTESIAN_POINT('',(-178.725,15.5,0.75));
#7270=CARTESIAN_POINT('Origin',(-178.725,14.4999999999999,0.75));
#7271=CARTESIAN_POINT('',(-178.725,15.5,0.75));
#7272=CARTESIAN_POINT('Origin',(-178.475,-39.925,0.75));
#7273=CARTESIAN_POINT('',(-178.725,-22.4249999999999,0.75));
#7274=CARTESIAN_POINT('',(-178.725,-22.4249999999999,0.75));
#7275=CARTESIAN_POINT('',(-178.725,-57.425,0.75));
#7276=CARTESIAN_POINT('',(-177.225,-57.425,0.75));
#7277=CARTESIAN_POINT('',(-179.725,-56.425,0.75));
#7278=CARTESIAN_POINT('Origin',(-178.725,-56.4249999999999,0.75));
#7279=CARTESIAN_POINT('',(-179.725,-23.425,0.75));
#7280=CARTESIAN_POINT('',(-179.725,-56.425,0.75));
#7281=CARTESIAN_POINT('Origin',(-178.725,-23.425,0.75));
#7282=CARTESIAN_POINT('Origin',(-45.25,-64.675,0.75));
#7283=CARTESIAN_POINT('',(-104.025,-63.675,0.75));
#7284=CARTESIAN_POINT('Origin',(-104.775,-63.675,0.75));
#7285=CARTESIAN_POINT('',(13.525,-63.675,0.75));
#7286=CARTESIAN_POINT('Origin',(14.275,-63.675,0.75));
#7287=CARTESIAN_POINT('',(10.775,-66.425,0.75));
#7288=CARTESIAN_POINT('Origin',(10.775,-63.675,0.75));
#7289=CARTESIAN_POINT('',(-101.275,-66.425,0.75));
#7290=CARTESIAN_POINT('',(10.775,-66.425,0.75));
#7291=CARTESIAN_POINT('Origin',(-101.275,-63.675,0.75));
#7292=CARTESIAN_POINT('Origin',(-140.625,-64.675,0.75));
#7293=CARTESIAN_POINT('',(-157.125,-66.425,0.75));
#7294=CARTESIAN_POINT('',(-158.125,-65.425,0.75));
#7295=CARTESIAN_POINT('Origin',(-157.125,-65.425,0.75));
#7296=CARTESIAN_POINT('',(-158.125,-65.425,0.75));
#7297=CARTESIAN_POINT('',(-123.125,-65.425,0.75));
#7298=CARTESIAN_POINT('',(-123.125,-62.925,0.75));
#7299=CARTESIAN_POINT('',(-124.125,-66.425,0.75));
#7300=CARTESIAN_POINT('Origin',(-124.125,-65.425,0.75));
#7301=CARTESIAN_POINT('',(-124.125,-66.425,0.75));
#7302=CARTESIAN_POINT('Origin',(28.,68.925,0.));
#7303=CARTESIAN_POINT('',(27.,68.925,0.));
#7304=CARTESIAN_POINT('Origin',(27.,62.925,0.));
#7305=CARTESIAN_POINT('Origin',(6.77500000000003,68.925,0.));
#7306=CARTESIAN_POINT('',(6.77500000000003,68.925,0.));
#7307=CARTESIAN_POINT('Origin',(5.77500000000004,68.925,0.));
#7308=CARTESIAN_POINT('',(5.77500000000003,69.925,0.));
#7309=CARTESIAN_POINT('Origin',(-67.225,69.925,0.));
#7310=CARTESIAN_POINT('',(-67.225,69.925,0.));
#7311=CARTESIAN_POINT('Origin',(-67.225,68.925,0.));
#7312=CARTESIAN_POINT('',(-68.225,68.925,0.));
#7313=CARTESIAN_POINT('Origin',(-68.225,62.925,0.));
#7314=CARTESIAN_POINT('Origin',(-89.725,66.425,0.));
#7315=CARTESIAN_POINT('',(-93.225,66.425,0.));
#7316=CARTESIAN_POINT('Origin',(-98.725,66.425,0.));
#7317=CARTESIAN_POINT('',(-98.725,71.925,0.));
#7318=CARTESIAN_POINT('Origin',(-174.725,71.9250000000001,0.));
#7319=CARTESIAN_POINT('',(-174.725,71.9250000000001,0.));
#7320=CARTESIAN_POINT('Origin',(-174.725,69.4250000000001,0.));
#7321=CARTESIAN_POINT('',(-177.225,69.4250000000001,0.));
#7322=CARTESIAN_POINT('Origin',(-177.225,63.425,0.));
#7323=CARTESIAN_POINT('',(-177.225,63.425,0.));
#7324=CARTESIAN_POINT('Origin',(-178.725,63.425,0.));
#7325=CARTESIAN_POINT('',(-178.725,63.425,0.));
#7326=CARTESIAN_POINT('Origin',(-178.725,62.4249999999999,0.));
#7327=CARTESIAN_POINT('',(-179.725,62.425,0.));
#7328=CARTESIAN_POINT('Origin',(-179.725,29.425,0.));
#7329=CARTESIAN_POINT('',(-179.725,29.425,0.));
#7330=CARTESIAN_POINT('Origin',(-178.725,29.4250000000001,0.));
#7331=CARTESIAN_POINT('',(-178.725,28.425,0.));
#7332=CARTESIAN_POINT('Origin',(-177.225,28.425,0.));
#7333=CARTESIAN_POINT('Origin',(-178.725,15.5,0.));
#7334=CARTESIAN_POINT('',(-178.725,15.5,0.));
#7335=CARTESIAN_POINT('Origin',(-178.725,14.4999999999999,0.));
#7336=CARTESIAN_POINT('',(-179.725,14.5,0.));
#7337=CARTESIAN_POINT('Origin',(-179.725,-8.50000000000001,0.));
#7338=CARTESIAN_POINT('',(-179.725,-8.50000000000001,0.));
#7339=CARTESIAN_POINT('Origin',(-178.725,-8.49999999999995,0.));
#7340=CARTESIAN_POINT('',(-178.725,-9.50000000000001,0.));
#7341=CARTESIAN_POINT('Origin',(-177.225,-9.50000000000001,0.));
#7342=CARTESIAN_POINT('Origin',(-178.725,-22.4249999999999,0.));
#7343=CARTESIAN_POINT('',(-178.725,-22.4249999999999,0.));
#7344=CARTESIAN_POINT('Origin',(-178.725,-23.425,0.));
#7345=CARTESIAN_POINT('',(-179.725,-23.425,0.));
#7346=CARTESIAN_POINT('Origin',(-179.725,-56.425,0.));
#7347=CARTESIAN_POINT('',(-179.725,-56.425,0.));
#7348=CARTESIAN_POINT('Origin',(-178.725,-56.4249999999999,0.));
#7349=CARTESIAN_POINT('',(-178.725,-57.425,0.));
#7350=CARTESIAN_POINT('Origin',(-177.225,-57.425,0.));
#7351=CARTESIAN_POINT('Origin',(-174.725,-60.425,0.));
#7352=CARTESIAN_POINT('Origin',(-158.125,-65.425,0.));
#7353=CARTESIAN_POINT('',(-158.125,-65.425,0.));
#7354=CARTESIAN_POINT('Origin',(-157.125,-65.425,0.));
#7355=CARTESIAN_POINT('',(-157.125,-66.425,0.));
#7356=CARTESIAN_POINT('Origin',(-124.125,-66.425,0.));
#7357=CARTESIAN_POINT('',(-124.125,-66.425,0.));
#7358=CARTESIAN_POINT('Origin',(-124.125,-65.425,0.));
#7359=CARTESIAN_POINT('',(-123.125,-65.425,0.));
#7360=CARTESIAN_POINT('Origin',(-123.125,-62.925,0.));
#7361=CARTESIAN_POINT('Origin',(-104.775,-63.675,0.));
#7362=CARTESIAN_POINT('',(-104.025,-63.675,0.));
#7363=CARTESIAN_POINT('Origin',(-101.275,-63.675,0.));
#7364=CARTESIAN_POINT('',(-101.275,-66.425,0.));
#7365=CARTESIAN_POINT('Origin',(10.775,-66.425,0.));
#7366=CARTESIAN_POINT('',(10.775,-66.425,0.));
#7367=CARTESIAN_POINT('Origin',(10.775,-63.675,0.));
#7368=CARTESIAN_POINT('',(13.525,-63.675,0.));
#7369=CARTESIAN_POINT('Origin',(14.275,-63.675,0.));
#7370=CARTESIAN_POINT('Origin',(-176.225,-61.925,0.));
#7371=CARTESIAN_POINT('',(-183.225,-61.925,0.));
#7372=CARTESIAN_POINT('Origin',(-183.225,67.925,0.));
#7373=CARTESIAN_POINT('',(-183.225,67.925,0.));
#7374=CARTESIAN_POINT('Origin',(-176.225,67.925,0.));
#7375=CARTESIAN_POINT('',(-176.225,74.925,0.));
#7376=CARTESIAN_POINT('Origin',(176.225,74.925,0.));
#7377=UNCERTAINTY_MEASURE_WITH_UNIT(LENGTH_MEASURE(0.01),#7381,
'DISTANCE_ACCURACY_VALUE',
'Maximum model space distance between geometric entities at asserted c
onnectivities');
#7378=UNCERTAINTY_MEASURE_WITH_UNIT(LENGTH_MEASURE(0.01),#7381,
'DISTANCE_ACCURACY_VALUE',
'Maximum model space distance between geometric entities at asserted c
onnectivities');
#7379=(
GEOMETRIC_REPRESENTATION_CONTEXT(3)
GLOBAL_UNCERTAINTY_ASSIGNED_CONTEXT((#7377))
GLOBAL_UNIT_ASSIGNED_CONTEXT((#7381,#7383,#7384))
REPRESENTATION_CONTEXT('','3D')
);
#7380=(
GEOMETRIC_REPRESENTATION_CONTEXT(3)
GLOBAL_UNCERTAINTY_ASSIGNED_CONTEXT((#7378))
GLOBAL_UNIT_ASSIGNED_CONTEXT((#7381,#7383,#7384))
REPRESENTATION_CONTEXT('','3D')
);
#7381=(
LENGTH_UNIT()
NAMED_UNIT(*)
SI_UNIT(.MILLI.,.METRE.)
);
#7382=(
LENGTH_UNIT()
NAMED_UNIT(*)
SI_UNIT($,.METRE.)
);
#7383=(
NAMED_UNIT(*)
PLANE_ANGLE_UNIT()
SI_UNIT($,.RADIAN.)
);
#7384=(
NAMED_UNIT(*)
SI_UNIT($,.STERADIAN.)
SOLID_ANGLE_UNIT()
);
#7385=SHAPE_DEFINITION_REPRESENTATION(#7386,#7387);
#7386=PRODUCT_DEFINITION_SHAPE('',$,#7389);
#7387=SHAPE_REPRESENTATION('',(#4397),#7379);
#7388=PRODUCT_DEFINITION_CONTEXT('part definition',#7393,'design');
#7389=PRODUCT_DEFINITION('[MAIN] Top Case','[MAIN] Top Case v39',#7390,
#7388);
#7390=PRODUCT_DEFINITION_FORMATION('',$,#7395);
#7391=PRODUCT_RELATED_PRODUCT_CATEGORY('[MAIN] Top Case v39',
'[MAIN] Top Case v39',(#7395));
#7392=APPLICATION_PROTOCOL_DEFINITION('international standard',
'automotive_design',2009,#7393);
#7393=APPLICATION_CONTEXT(
'Core Data for Automotive Mechanical Design Process');
#7394=PRODUCT_CONTEXT('part definition',#7393,'mechanical');
#7395=PRODUCT('[MAIN] Top Case','[MAIN] Top Case v39',$,(#7394));
#7396=PRESENTATION_STYLE_ASSIGNMENT((#7398));
#7397=PRESENTATION_STYLE_ASSIGNMENT((#7399));
#7398=SURFACE_STYLE_USAGE(.BOTH.,#7400);
#7399=SURFACE_STYLE_USAGE(.BOTH.,#7401);
#7400=SURFACE_SIDE_STYLE('',(#7402));
#7401=SURFACE_SIDE_STYLE('',(#7403));
#7402=SURFACE_STYLE_FILL_AREA(#7404);
#7403=SURFACE_STYLE_FILL_AREA(#7405);
#7404=FILL_AREA_STYLE('Steel - Satin',(#7406));
#7405=FILL_AREA_STYLE('ABS (White)',(#7407));
#7406=FILL_AREA_STYLE_COLOUR('Steel - Satin',#7408);
#7407=FILL_AREA_STYLE_COLOUR('ABS (White)',#7409);
#7408=COLOUR_RGB('Steel - Satin',0.627450980392157,0.627450980392157,0.627450980392157);
#7409=COLOUR_RGB('ABS (White)',0.231372549019608,0.435294117647059,0.627450980392157);
ENDSEC;
END-ISO-10303-21;
